-- phpMyAdmin SQL Dump
-- version 4.7.9
-- https://www.phpmyadmin.net/
--
-- Host: 127.0.0.1:3306
-- Generation Time: Sep 28, 2018 at 05:52 AM
-- Server version: 5.7.21
-- PHP Version: 7.1.16

SET SQL_MODE = "NO_AUTO_VALUE_ON_ZERO";
SET AUTOCOMMIT = 0;
START TRANSACTION;
SET time_zone = "+00:00";


/*!40101 SET @OLD_CHARACTER_SET_CLIENT=@@CHARACTER_SET_CLIENT */;
/*!40101 SET @OLD_CHARACTER_SET_RESULTS=@@CHARACTER_SET_RESULTS */;
/*!40101 SET @OLD_COLLATION_CONNECTION=@@COLLATION_CONNECTION */;
/*!40101 SET NAMES utf8mb4 */;

--
-- Database: `mmplex`
--

-- --------------------------------------------------------

--
-- Table structure for table `advance_bookings`
--

DROP TABLE IF EXISTS `advance_bookings`;
CREATE TABLE IF NOT EXISTS `advance_bookings` (
  `id` int(10) UNSIGNED NOT NULL AUTO_INCREMENT,
  `show_time_id` int(10) UNSIGNED NOT NULL,
  `user_id` int(10) UNSIGNED NOT NULL,
  `movie_id` int(10) UNSIGNED NOT NULL,
  `distributer_id` int(10) UNSIGNED NOT NULL,
  `customerName` varchar(255) COLLATE utf8mb4_unicode_ci NOT NULL,
  `customerPhone` varchar(255) COLLATE utf8mb4_unicode_ci NOT NULL,
  `customerEmail` varchar(255) COLLATE utf8mb4_unicode_ci NOT NULL,
  `adultPrice` int(11) NOT NULL,
  `adultQty` int(11) DEFAULT '0',
  `childPrice` int(11) NOT NULL,
  `childQty` int(11) DEFAULT '0',
  `comQty` int(11) DEFAULT '0',
  `whichIs` text COLLATE utf8mb4_unicode_ci NOT NULL,
  `seatNumber` text COLLATE utf8mb4_unicode_ci NOT NULL,
  `seatQty` int(11) NOT NULL,
  `bookedSeatNumber` text COLLATE utf8mb4_unicode_ci,
  `bookedSeatQty` int(11) DEFAULT NULL,
  `totalAmount` int(11) NOT NULL,
  `date` date NOT NULL,
  `key` varchar(255) COLLATE utf8mb4_unicode_ci NOT NULL,
  `cancel` tinyint(1) NOT NULL DEFAULT '0',
  `status` tinyint(1) NOT NULL,
  `created_at` timestamp NULL DEFAULT NULL,
  `updated_at` timestamp NULL DEFAULT NULL,
  PRIMARY KEY (`id`),
  KEY `advance_bookings_show_time_id_foreign` (`show_time_id`),
  KEY `advance_bookings_movie_id_foreign` (`movie_id`),
  KEY `advance_bookings_distributer_id_foreign` (`distributer_id`),
  KEY `advance_booking_user_id_foreign` (`user_id`)
) ENGINE=InnoDB AUTO_INCREMENT=38 DEFAULT CHARSET=utf8mb4 COLLATE=utf8mb4_unicode_ci;

--
-- Dumping data for table `advance_bookings`
--

INSERT INTO `advance_bookings` (`id`, `show_time_id`, `user_id`, `movie_id`, `distributer_id`, `customerName`, `customerPhone`, `customerEmail`, `adultPrice`, `adultQty`, `childPrice`, `childQty`, `comQty`, `whichIs`, `seatNumber`, `seatQty`, `bookedSeatNumber`, `bookedSeatQty`, `totalAmount`, `date`, `key`, `cancel`, `status`, `created_at`, `updated_at`) VALUES
(32, 58, 1, 2, 4, 'Pocolocoasdasd', '54894', 'toramonline242@gmail.com', 800, 4, 700, 0, 0, '[1,1,1,1]', '[\"A-6\",\"A-5\",\"B-3\",\"B-4\"]', 4, '[\"A-6\",\"A-5\",\"B-3\",\"B-4\"]', 4, 3200, '2018-09-12', 'advance', 0, 1, '2018-09-12 07:56:00', '2018-09-24 06:29:16'),
(33, 74, 1, 4, 4, 'Pants', '54894', 'admin@example.com', 600, 3, 300, 0, 0, '[1,1,1]', '[\"B-5\",\"B-6\",\"B-7\"]', 3, '[\"B-5\",\"B-6\",\"B-7\"]', 3, 1800, '2018-09-22', 'advance', 0, 1, '2018-09-22 07:43:47', '2018-09-24 06:45:52'),
(34, 66, 1, 8, 3, 'Pocolocoasdasd', '54894', 'toramonline242@gmail.com', 800, 2, 700, 0, 0, '[1,1]', '[\"B-8\",\"A-10\"]', 2, NULL, NULL, 1600, '2018-09-22', 'advance', 0, 0, '2018-09-22 07:43:59', '2018-09-22 07:43:59'),
(35, 60, 1, 2, 4, 'bags', '54894', 'admin@example.com', 800, 4, 700, 0, 1, '[0,1,1,1,1]', '[\"D-7\",\"E-7\",\"E-6\",\"D-6\",\"D-5\"]', 5, NULL, NULL, 3200, '2018-09-22', 'advance', 0, 0, '2018-09-22 07:45:08', '2018-09-22 07:45:08'),
(36, 62, 1, 2, 4, 'Pocolocoasdasd', '54894', 'admin@example.com', 800, 2, 700, 0, 0, '[1,1]', '[\"E-6\",\"D-6\"]', 2, NULL, NULL, 1600, '2018-09-22', 'advance', 0, 0, '2018-09-22 07:45:21', '2018-09-22 07:45:21'),
(37, 82, 1, 12, 3, 'bags', '54894', 'admin@example.com', 600, 13, 300, 0, 0, '[1,1,1,1,1,1,1,1,1,1,1,1,1]', '[\"B-6\",\"C-6\",\"D-6\",\"D-7\",\"D-8\",\"D-9\",\"A-6\",\"A-7\",\"A-8\",\"A-9\",\"B-9\",\"D-8\",\"C-9\"]', 13, NULL, NULL, 7800, '2018-09-22', 'advance', 0, 0, '2018-09-22 12:53:08', '2018-09-22 12:53:08');

-- --------------------------------------------------------

--
-- Table structure for table `bookings`
--

DROP TABLE IF EXISTS `bookings`;
CREATE TABLE IF NOT EXISTS `bookings` (
  `id` int(10) UNSIGNED NOT NULL AUTO_INCREMENT,
  `show_time_id` int(10) UNSIGNED NOT NULL,
  `user_id` int(10) UNSIGNED NOT NULL,
  `ticket_id` int(10) UNSIGNED NOT NULL,
  `movie_id` int(10) UNSIGNED NOT NULL,
  `screen_id` int(10) UNSIGNED NOT NULL,
  `distributer_id` int(10) UNSIGNED NOT NULL,
  `deal_id` int(10) UNSIGNED DEFAULT NULL,
  `voucher_id` int(10) UNSIGNED DEFAULT NULL,
  `ticketType` varchar(255) COLLATE utf8mb4_unicode_ci NOT NULL,
  `isComplimentary` tinyint(1) NOT NULL,
  `seatNumber` varchar(255) COLLATE utf8mb4_unicode_ci NOT NULL,
  `seatQty` int(11) NOT NULL,
  `price` int(11) NOT NULL,
  `date` date NOT NULL,
  `showDate` date NOT NULL,
  `showTime` datetime NOT NULL,
  `key` varchar(255) COLLATE utf8mb4_unicode_ci NOT NULL,
  `hold` tinyint(1) NOT NULL,
  `reserveBooking` tinyint(1) NOT NULL DEFAULT '0',
  `status` tinyint(1) NOT NULL,
  `cancelUserId` int(11) DEFAULT NULL,
  `remarks` text COLLATE utf8mb4_unicode_ci,
  `created_at` timestamp NULL DEFAULT NULL,
  `updated_at` timestamp NULL DEFAULT NULL,
  PRIMARY KEY (`id`),
  KEY `bookings_user_id_foreign` (`user_id`),
  KEY `bookings_movie_id_foreign` (`movie_id`),
  KEY `bookings_ticket_id_foreign` (`ticket_id`),
  KEY `bookings_screen_id_foreign` (`screen_id`),
  KEY `bookings_distributer_id_foreign` (`distributer_id`),
  KEY `bookings_show_time_id_foreign` (`show_time_id`) USING BTREE,
  KEY `bookings_deal_id_foreign` (`deal_id`),
  KEY `bookings_voucher_id_foreign` (`voucher_id`)
) ENGINE=InnoDB AUTO_INCREMENT=1507 DEFAULT CHARSET=utf8mb4 COLLATE=utf8mb4_unicode_ci;

--
-- Dumping data for table `bookings`
--

INSERT INTO `bookings` (`id`, `show_time_id`, `user_id`, `ticket_id`, `movie_id`, `screen_id`, `distributer_id`, `deal_id`, `voucher_id`, `ticketType`, `isComplimentary`, `seatNumber`, `seatQty`, `price`, `date`, `showDate`, `showTime`, `key`, `hold`, `reserveBooking`, `status`, `cancelUserId`, `remarks`, `created_at`, `updated_at`) VALUES
(853, 69, 1, 1, 11, 4, 4, NULL, NULL, 'adult price', 0, 'A-5', 1, 400, '2018-09-12', '2018-09-12', '2018-09-12 18:20:00', 'public', 0, 0, 0, 1, 'asdasd', '2018-09-12 05:30:55', '2018-09-22 10:59:50'),
(854, 69, 1, 1, 11, 4, 4, NULL, NULL, 'adult price', 0, 'B-5', 1, 400, '2018-09-12', '2018-09-12', '2018-09-12 18:20:00', 'public', 0, 0, 0, 1, NULL, '2018-09-12 05:30:55', '2018-09-22 10:41:21'),
(855, 69, 1, 1, 11, 4, 4, NULL, NULL, 'adult price', 0, 'C-5', 1, 400, '2018-09-12', '2018-09-12', '2018-09-12 18:20:00', 'public', 0, 0, 0, 1, NULL, '2018-09-12 05:30:55', '2018-09-22 10:57:29'),
(856, 69, 1, 1, 11, 4, 4, NULL, NULL, 'adult price', 0, 'D-5', 1, 400, '2018-09-12', '2018-09-12', '2018-09-12 18:20:00', 'public', 0, 0, 0, 1, NULL, '2018-09-12 05:30:55', '2018-09-22 10:57:30'),
(857, 69, 1, 1, 11, 4, 4, NULL, NULL, 'adult price', 0, 'E-5', 1, 400, '2018-09-12', '2018-09-12', '2018-09-12 18:20:00', 'public', 0, 0, 0, 1, 'asdasd', '2018-09-12 05:30:55', '2018-09-22 10:59:50'),
(858, 69, 1, 1, 11, 4, 4, NULL, NULL, 'adult price', 0, 'B-6', 1, 400, '2018-09-12', '2018-09-12', '2018-09-12 18:20:00', 'public', 0, 0, 0, 1, NULL, '2018-09-12 05:32:47', '2018-09-24 13:48:41'),
(859, 69, 1, 1, 11, 4, 4, NULL, NULL, 'adult price', 0, 'B-4', 1, 400, '2018-09-12', '2018-09-12', '2018-09-12 18:20:00', 'public', 0, 0, 0, 1, NULL, '2018-09-12 05:32:47', '2018-09-24 13:48:59'),
(864, 72, 1, 1, 13, 4, 4, NULL, NULL, 'adult price', 0, 'A-5', 1, 400, '2018-09-12', '2018-09-12', '2018-09-12 11:00:00', 'public', 0, 0, 0, 1, '25-Sep', '2018-09-12 05:50:06', '2018-09-25 05:32:52'),
(865, 72, 1, 1, 13, 4, 4, NULL, NULL, 'adult price', 0, 'A-6', 1, 400, '2018-09-12', '2018-09-12', '2018-09-12 11:00:00', 'public', 0, 0, 0, 1, '25-Sep-2018', '2018-09-12 05:50:06', '2018-09-25 05:32:52'),
(866, 72, 1, 1, 13, 4, 4, NULL, NULL, 'adult price', 0, 'B-6', 1, 400, '2018-09-12', '2018-09-12', '2018-09-12 11:00:00', 'public', 0, 0, 0, 2, 'No Reason', '2018-09-12 05:50:06', '2018-09-25 05:41:29'),
(867, 72, 1, 1, 13, 4, 4, NULL, NULL, 'adult price', 0, 'B-5', 1, 400, '2018-09-12', '2018-09-12', '2018-09-12 11:00:00', 'public', 0, 0, 0, 2, 'No Reason', '2018-09-12 05:50:06', '2018-09-25 05:41:30'),
(868, 72, 1, 1, 13, 4, 4, NULL, NULL, 'adult price', 0, 'C-6', 1, 400, '2018-09-12', '2018-09-12', '2018-09-12 11:00:00', 'public', 0, 0, 0, 2, 'No Reason', '2018-09-12 05:50:06', '2018-09-25 05:41:31'),
(869, 72, 1, 1, 13, 4, 4, NULL, NULL, 'adult price', 0, 'C-5', 1, 400, '2018-09-12', '2018-09-12', '2018-09-12 11:00:00', 'public', 0, 0, 1, NULL, NULL, '2018-09-12 05:50:10', '2018-09-12 05:50:17'),
(870, 69, 1, 1, 11, 4, 4, NULL, NULL, 'adult price', 0, 'E-1', 1, 400, '2018-09-12', '2018-09-12', '2018-09-12 18:20:00', 'public', 0, 0, 1, NULL, NULL, '2018-09-12 05:56:03', '2018-09-12 05:56:04'),
(871, 69, 1, 1, 11, 4, 4, NULL, NULL, 'adult price', 0, 'E-10', 1, 400, '2018-09-12', '2018-09-12', '2018-09-12 18:20:00', 'public', 0, 0, 1, NULL, NULL, '2018-09-12 05:56:03', '2018-09-12 05:56:04'),
(872, 66, 1, 2, 8, 1, 3, NULL, NULL, 'adult price', 0, 'B-4', 1, 1000, '2018-09-12', '2018-10-07', '2018-10-07 01:00:00', 'public', 0, 0, 0, 1, NULL, '2018-09-12 05:59:23', '2018-09-27 05:23:02'),
(873, 66, 1, 2, 8, 1, 3, NULL, NULL, 'adult price', 0, 'B-5', 1, 1000, '2018-09-12', '2018-10-07', '2018-10-07 01:00:00', 'public', 0, 0, 0, 1, NULL, '2018-09-12 05:59:23', '2018-09-27 05:23:03'),
(874, 66, 1, 2, 8, 1, 3, NULL, NULL, 'adult price', 0, 'A-6', 1, 1000, '2018-09-12', '2018-10-07', '2018-10-07 01:00:00', 'public', 0, 0, 1, NULL, NULL, '2018-09-12 05:59:23', '2018-09-12 05:59:24'),
(878, 65, 1, 2, 2, 4, 4, NULL, NULL, 'adult price', 0, 'C-5', 1, 800, '2018-09-12', '2018-09-16', '2018-09-16 19:00:00', 'public', 0, 0, 1, NULL, NULL, '2018-09-12 07:55:00', '2018-09-12 07:55:04'),
(879, 65, 1, 2, 2, 4, 4, NULL, NULL, 'adult price', 0, 'C-6', 1, 800, '2018-09-12', '2018-09-16', '2018-09-16 19:00:00', 'public', 0, 0, 1, NULL, NULL, '2018-09-12 07:55:00', '2018-09-12 07:55:04'),
(884, 59, 1, 2, 2, 1, 4, NULL, NULL, 'adult price', 0, 'B-4', 1, 800, '2018-09-13', '2018-09-14', '2018-09-14 11:00:00', 'public', 0, 0, 1, NULL, NULL, '2018-09-13 08:53:25', '2018-09-13 08:53:32'),
(885, 59, 1, 2, 2, 1, 4, NULL, NULL, 'adult price', 0, 'B-5', 1, 800, '2018-09-13', '2018-09-14', '2018-09-14 11:00:00', 'public', 0, 0, 1, NULL, NULL, '2018-09-13 08:53:25', '2018-09-13 08:53:32'),
(886, 59, 1, 2, 2, 1, 4, NULL, NULL, 'adult price', 0, 'A-7', 1, 800, '2018-09-13', '2018-09-14', '2018-09-14 11:00:00', 'public', 0, 0, 1, NULL, NULL, '2018-09-13 08:53:25', '2018-09-13 08:53:32'),
(887, 59, 1, 2, 2, 1, 4, NULL, NULL, 'adult price', 0, 'A-6', 1, 800, '2018-09-13', '2018-09-14', '2018-09-14 11:00:00', 'public', 0, 0, 1, NULL, NULL, '2018-09-13 08:53:25', '2018-09-13 08:53:32'),
(1036, 79, 1, 2, 3, 7, 3, NULL, NULL, 'adult price', 0, 'A-7', 1, 800, '2018-09-16', '2018-09-16', '2018-09-16 11:00:00', 'public', 0, 0, 1, NULL, NULL, '2018-09-16 13:54:13', '2018-09-16 13:54:24'),
(1037, 79, 1, 2, 3, 7, 3, NULL, NULL, 'adult price', 0, 'A-8', 1, 800, '2018-09-16', '2018-09-16', '2018-09-16 11:00:00', 'public', 0, 0, 1, NULL, NULL, '2018-09-16 13:54:13', '2018-09-16 13:54:24'),
(1038, 79, 1, 2, 3, 7, 3, NULL, NULL, 'adult price', 0, 'A-9', 1, 800, '2018-09-16', '2018-09-16', '2018-09-16 11:00:00', 'public', 0, 0, 1, NULL, NULL, '2018-09-16 13:54:13', '2018-09-16 13:54:24'),
(1039, 79, 1, 2, 3, 7, 3, 6, NULL, 'adult price', 1, 'E-9', 1, 0, '2018-09-16', '2018-09-16', '2018-09-16 11:00:00', 'public', 0, 0, 1, NULL, NULL, '2018-09-16 13:54:17', '2018-09-16 13:54:24'),
(1040, 79, 1, 2, 3, 7, 3, 6, NULL, 'adult price', 1, 'E-10', 1, 0, '2018-09-16', '2018-09-16', '2018-09-16 11:00:00', 'public', 0, 0, 1, NULL, NULL, '2018-09-16 13:54:17', '2018-09-16 13:54:24'),
(1041, 79, 1, 2, 3, 7, 3, NULL, NULL, 'adult price', 0, 'E-11', 1, 800, '2018-09-16', '2018-09-16', '2018-09-16 11:00:00', 'public', 0, 0, 1, NULL, NULL, '2018-09-16 13:54:20', '2018-09-16 13:54:24'),
(1275, 79, 1, 2, 3, 7, 3, NULL, NULL, 'adult price', 0, 'B-11', 1, 800, '2018-09-16', '2018-09-16', '2018-09-16 11:00:00', 'public', 0, 0, 1, NULL, NULL, '2018-09-16 17:41:22', '2018-09-16 17:42:09'),
(1276, 79, 1, 2, 3, 7, 3, NULL, NULL, 'adult price', 0, 'B-9', 1, 800, '2018-09-16', '2018-09-16', '2018-09-16 11:00:00', 'public', 0, 0, 1, NULL, NULL, '2018-09-16 17:41:22', '2018-09-16 17:42:09'),
(1277, 79, 1, 2, 3, 7, 3, NULL, NULL, 'adult price', 0, 'B-10', 1, 800, '2018-09-16', '2018-09-16', '2018-09-16 11:00:00', 'public', 0, 0, 1, NULL, NULL, '2018-09-16 17:41:22', '2018-09-16 17:42:09'),
(1278, 79, 1, 2, 3, 7, 3, 6, NULL, 'adult price', 1, 'B-12', 1, 0, '2018-09-16', '2018-09-16', '2018-09-16 11:00:00', 'public', 0, 0, 1, NULL, NULL, '2018-09-16 17:41:22', '2018-09-16 17:42:09'),
(1279, 79, 1, 2, 3, 7, 3, 6, NULL, 'adult price', 1, 'C-12', 1, 0, '2018-09-16', '2018-09-16', '2018-09-16 11:00:00', 'public', 0, 0, 1, NULL, NULL, '2018-09-16 17:41:22', '2018-09-16 17:42:09'),
(1280, 79, 1, 2, 3, 7, 3, NULL, NULL, 'adult price', 0, 'C-11', 1, 800, '2018-09-16', '2018-09-16', '2018-09-16 11:00:00', 'public', 0, 0, 1, NULL, NULL, '2018-09-16 17:41:22', '2018-09-16 17:42:09'),
(1281, 79, 1, 2, 3, 7, 3, NULL, NULL, 'adult price', 0, 'C-10', 1, 800, '2018-09-16', '2018-09-16', '2018-09-16 11:00:00', 'public', 0, 0, 1, NULL, NULL, '2018-09-16 17:41:22', '2018-09-16 17:42:09'),
(1282, 79, 1, 2, 3, 7, 3, NULL, NULL, 'adult price', 0, 'C-9', 1, 800, '2018-09-16', '2018-09-16', '2018-09-16 11:00:00', 'public', 0, 0, 1, NULL, NULL, '2018-09-16 17:41:22', '2018-09-16 17:42:09'),
(1283, 79, 1, 2, 3, 7, 3, 6, NULL, 'adult price', 1, 'C-8', 1, 0, '2018-09-16', '2018-09-16', '2018-09-16 11:00:00', 'public', 0, 0, 1, NULL, NULL, '2018-09-16 17:41:22', '2018-09-16 17:42:10'),
(1284, 79, 1, 2, 3, 7, 3, 6, NULL, 'adult price', 1, 'B-8', 1, 0, '2018-09-16', '2018-09-16', '2018-09-16 11:00:00', 'public', 0, 0, 1, NULL, NULL, '2018-09-16 17:41:22', '2018-09-16 17:42:10'),
(1285, 79, 1, 2, 3, 7, 3, NULL, NULL, 'adult price', 0, 'B-13', 1, 800, '2018-09-16', '2018-09-16', '2018-09-16 11:00:00', 'public', 0, 0, 1, NULL, NULL, '2018-09-16 17:41:22', '2018-09-16 17:42:10'),
(1286, 79, 1, 2, 3, 7, 3, NULL, NULL, 'adult price', 0, 'C-13', 1, 800, '2018-09-16', '2018-09-16', '2018-09-16 11:00:00', 'public', 0, 0, 1, NULL, NULL, '2018-09-16 17:41:22', '2018-09-16 17:42:10'),
(1307, 74, 1, 1, 4, 1, 4, NULL, NULL, 'adult price', 0, 'A-1', 1, 600, '2018-09-17', '2019-02-13', '2019-02-13 11:00:00', 'public', 0, 0, 1, NULL, NULL, '2018-09-17 07:02:03', '2018-09-17 07:03:30'),
(1308, 74, 1, 1, 4, 1, 4, NULL, NULL, 'adult price', 0, 'A-2', 1, 600, '2018-09-17', '2019-02-13', '2019-02-13 11:00:00', 'public', 0, 0, 1, NULL, NULL, '2018-09-17 07:02:03', '2018-09-17 07:03:30'),
(1309, 74, 1, 1, 4, 1, 4, NULL, 38, 'adult price', 0, 'A-3', 1, 600, '2018-09-17', '2019-02-13', '2019-02-13 11:00:00', 'public', 0, 0, 1, NULL, NULL, '2018-09-17 07:02:03', '2018-09-17 07:03:30'),
(1310, 61, 1, 2, 2, 4, 4, NULL, NULL, 'adult price', 0, 'A-3', 1, 800, '2018-09-17', '2018-10-15', '2018-10-15 00:00:00', 'public', 0, 0, 1, NULL, NULL, '2018-09-17 07:03:47', '2018-09-17 07:05:56'),
(1311, 61, 1, 2, 2, 4, 4, NULL, NULL, 'adult price', 0, 'B-3', 1, 800, '2018-09-17', '2018-10-15', '2018-10-15 00:00:00', 'public', 0, 0, 1, NULL, NULL, '2018-09-17 07:03:47', '2018-09-17 07:05:56'),
(1312, 61, 1, 2, 2, 4, 4, NULL, 39, 'adult price', 0, 'C-3', 1, 800, '2018-09-17', '2018-10-15', '2018-10-15 00:00:00', 'public', 0, 0, 1, NULL, NULL, '2018-09-17 07:03:47', '2018-09-17 07:05:56'),
(1313, 61, 1, 2, 2, 4, 4, NULL, NULL, 'adult price', 0, 'D-3', 1, 800, '2018-09-17', '2018-10-15', '2018-10-15 00:00:00', 'public', 0, 0, 1, NULL, NULL, '2018-09-17 07:03:47', '2018-09-17 07:05:56'),
(1314, 61, 1, 2, 2, 4, 4, NULL, NULL, 'adult price', 0, 'D-4', 1, 800, '2018-09-17', '2018-10-15', '2018-10-15 00:00:00', 'public', 0, 0, 1, NULL, NULL, '2018-09-17 07:03:48', '2018-09-17 07:05:57'),
(1315, 61, 1, 2, 2, 4, 4, NULL, 40, 'adult price', 0, 'D-5', 1, 800, '2018-09-17', '2018-10-15', '2018-10-15 00:00:00', 'public', 0, 0, 1, NULL, NULL, '2018-09-17 07:03:48', '2018-09-17 07:05:57'),
(1316, 61, 1, 2, 2, 4, 4, NULL, NULL, 'adult price', 0, 'A-6', 1, 800, '2018-09-17', '2018-10-15', '2018-10-15 00:00:00', 'public', 0, 0, 1, NULL, NULL, '2018-09-17 07:06:28', '2018-09-17 07:08:22'),
(1317, 61, 1, 2, 2, 4, 4, NULL, NULL, 'adult price', 0, 'C-6', 1, 800, '2018-09-17', '2018-10-15', '2018-10-15 00:00:00', 'public', 0, 0, 1, NULL, NULL, '2018-09-17 07:06:28', '2018-09-17 07:08:22'),
(1318, 61, 1, 2, 2, 4, 4, NULL, 41, 'adult price', 0, 'B-6', 1, 800, '2018-09-17', '2018-10-15', '2018-10-15 00:00:00', 'public', 0, 0, 1, NULL, NULL, '2018-09-17 07:06:28', '2018-09-17 07:08:22'),
(1319, 61, 1, 2, 2, 4, 4, NULL, NULL, 'adult price', 0, 'D-6', 1, 800, '2018-09-17', '2018-10-15', '2018-10-15 00:00:00', 'public', 0, 0, 1, NULL, NULL, '2018-09-17 07:06:28', '2018-09-17 07:08:22'),
(1320, 61, 1, 2, 2, 4, 4, NULL, NULL, 'adult price', 0, 'E-6', 1, 800, '2018-09-17', '2018-10-15', '2018-10-15 00:00:00', 'public', 0, 0, 1, NULL, NULL, '2018-09-17 07:06:28', '2018-09-17 07:08:22'),
(1321, 61, 1, 2, 2, 4, 4, NULL, 41, 'adult price', 0, 'E-7', 1, 800, '2018-09-17', '2018-10-15', '2018-10-15 00:00:00', 'public', 0, 0, 1, NULL, NULL, '2018-09-17 07:06:28', '2018-09-17 07:08:22'),
(1322, 61, 1, 2, 2, 4, 4, NULL, NULL, 'adult price', 0, 'D-7', 1, 800, '2018-09-17', '2018-10-15', '2018-10-15 00:00:00', 'public', 0, 0, 1, NULL, NULL, '2018-09-17 07:06:28', '2018-09-17 07:08:22'),
(1323, 61, 1, 2, 2, 4, 4, NULL, NULL, 'adult price', 0, 'C-7', 1, 800, '2018-09-17', '2018-10-15', '2018-10-15 00:00:00', 'public', 0, 0, 1, NULL, NULL, '2018-09-17 07:06:28', '2018-09-17 07:08:22'),
(1324, 61, 1, 2, 2, 4, 4, NULL, 43, 'adult price', 0, 'B-7', 1, 800, '2018-09-17', '2018-10-15', '2018-10-15 00:00:00', 'public', 0, 0, 1, NULL, NULL, '2018-09-17 07:06:29', '2018-09-17 07:08:22'),
(1325, 61, 1, 2, 2, 4, 4, NULL, NULL, 'adult price', 0, 'A-7', 1, 800, '2018-09-17', '2018-10-15', '2018-10-15 00:00:00', 'public', 0, 0, 1, NULL, NULL, '2018-09-17 07:06:29', '2018-09-17 07:08:23'),
(1326, 61, 1, 2, 2, 4, 4, NULL, NULL, 'adult price', 0, 'A-8', 1, 800, '2018-09-17', '2018-10-15', '2018-10-15 00:00:00', 'public', 0, 0, 1, NULL, NULL, '2018-09-17 07:06:29', '2018-09-17 07:08:23'),
(1327, 74, 1, 1, 4, 1, 4, NULL, NULL, 'adult price', 0, 'B-1', 1, 600, '2018-09-17', '2019-02-13', '2019-02-13 11:00:00', 'public', 0, 0, 1, NULL, NULL, '2018-09-17 07:08:42', '2018-09-17 07:10:40'),
(1328, 74, 1, 1, 4, 1, 4, NULL, NULL, 'adult price', 0, 'B-2', 1, 600, '2018-09-17', '2019-02-13', '2019-02-13 11:00:00', 'public', 0, 0, 1, NULL, NULL, '2018-09-17 07:08:42', '2018-09-17 07:10:40'),
(1329, 74, 1, 1, 4, 1, 4, NULL, 44, 'adult price', 0, 'B-3', 1, 600, '2018-09-17', '2019-02-13', '2019-02-13 11:00:00', 'public', 0, 0, 1, NULL, NULL, '2018-09-17 07:08:43', '2018-09-17 07:10:40'),
(1330, 66, 1, 2, 8, 1, 3, NULL, NULL, 'adult price', 0, 'B-1', 1, 800, '2018-09-19', '2018-10-07', '2018-10-07 01:00:00', 'public', 0, 0, 1, NULL, NULL, '2018-09-19 12:08:27', '2018-09-19 12:08:29'),
(1331, 66, 1, 2, 8, 1, 3, NULL, NULL, 'adult price', 0, 'B-2', 1, 800, '2018-09-19', '2018-10-07', '2018-10-07 01:00:00', 'public', 0, 0, 1, NULL, NULL, '2018-09-19 12:08:27', '2018-09-19 12:08:29'),
(1332, 66, 1, 2, 8, 1, 3, NULL, 47, 'adult price', 0, 'A-3', 1, 800, '2018-09-19', '2018-10-07', '2018-10-07 01:00:00', 'public', 0, 0, 1, NULL, NULL, '2018-09-19 12:08:27', '2018-09-19 12:08:29'),
(1333, 66, 1, 2, 8, 1, 3, NULL, NULL, 'adult price', 0, 'A-4', 1, 800, '2018-09-19', '2018-10-07', '2018-10-07 01:00:00', 'public', 0, 0, 1, NULL, NULL, '2018-09-19 12:08:27', '2018-09-19 12:08:29'),
(1334, 66, 1, 2, 8, 1, 3, NULL, NULL, 'adult price', 0, 'A-2', 1, 800, '2018-09-19', '2018-10-07', '2018-10-07 01:00:00', 'public', 0, 0, 1, NULL, NULL, '2018-09-19 12:08:27', '2018-09-19 12:08:29'),
(1335, 66, 1, 2, 8, 1, 3, NULL, 47, 'adult price', 0, 'A-1', 1, 800, '2018-09-19', '2018-10-07', '2018-10-07 01:00:00', 'public', 0, 0, 1, NULL, NULL, '2018-09-19 12:08:27', '2018-09-19 12:08:29'),
(1336, 60, 1, 2, 2, 4, 4, NULL, NULL, 'adult price', 0, 'B-4', 1, 800, '2018-09-19', '2018-10-15', '2018-10-15 11:00:00', 'public', 0, 0, 1, NULL, NULL, '2018-09-19 12:08:42', '2018-09-19 12:08:46'),
(1337, 60, 1, 2, 2, 4, 4, NULL, NULL, 'adult price', 0, 'C-4', 1, 800, '2018-09-19', '2018-10-15', '2018-10-15 11:00:00', 'public', 0, 0, 1, NULL, NULL, '2018-09-19 12:08:42', '2018-09-19 12:08:46'),
(1338, 60, 1, 2, 2, 4, 4, NULL, 49, 'adult price', 0, 'A-4', 1, 800, '2018-09-19', '2018-10-15', '2018-10-15 11:00:00', 'public', 0, 0, 1, NULL, NULL, '2018-09-19 12:08:42', '2018-09-19 12:08:46'),
(1339, 60, 1, 2, 2, 4, 4, NULL, NULL, 'adult price', 0, 'B-5', 1, 800, '2018-09-19', '2018-10-15', '2018-10-15 11:00:00', 'public', 0, 0, 1, NULL, NULL, '2018-09-19 12:08:42', '2018-09-19 12:08:46'),
(1340, 60, 1, 2, 2, 4, 4, NULL, NULL, 'adult price', 0, 'A-5', 1, 800, '2018-09-19', '2018-10-15', '2018-10-15 11:00:00', 'public', 0, 0, 1, NULL, NULL, '2018-09-19 12:08:42', '2018-09-19 12:08:46'),
(1341, 60, 1, 2, 2, 4, 4, NULL, 49, 'adult price', 0, 'A-6', 1, 800, '2018-09-19', '2018-10-15', '2018-10-15 11:00:00', 'public', 0, 0, 1, NULL, NULL, '2018-09-19 12:08:43', '2018-09-19 12:08:46'),
(1342, 60, 1, 2, 2, 4, 4, NULL, NULL, 'adult price', 0, 'B-6', 1, 800, '2018-09-19', '2018-10-15', '2018-10-15 11:00:00', 'public', 0, 0, 1, NULL, NULL, '2018-09-19 12:08:43', '2018-09-19 12:08:46'),
(1343, 74, 1, 1, 4, 1, 4, NULL, NULL, 'adult price', 0, 'A-7', 1, 600, '2018-09-19', '2019-02-13', '2019-02-13 11:00:00', 'public', 0, 0, 1, NULL, NULL, '2018-09-19 12:09:01', '2018-09-19 12:09:04'),
(1344, 74, 1, 1, 4, 1, 4, NULL, NULL, 'adult price', 0, 'A-8', 1, 600, '2018-09-19', '2019-02-13', '2019-02-13 11:00:00', 'public', 0, 0, 1, NULL, NULL, '2018-09-19 12:09:01', '2018-09-19 12:09:04'),
(1345, 74, 1, 1, 4, 1, 4, NULL, 51, 'adult price', 0, 'A-9', 1, 600, '2018-09-19', '2019-02-13', '2019-02-13 11:00:00', 'public', 0, 0, 1, NULL, NULL, '2018-09-19 12:09:02', '2018-09-19 12:09:04'),
(1346, 80, 1, 2, 11, 7, 4, NULL, NULL, 'adult price', 0, 'D-10', 1, 800, '2018-09-19', '2018-09-20', '2018-09-20 18:00:00', 'public', 0, 0, 1, NULL, NULL, '2018-09-19 12:10:37', '2018-09-19 12:10:39'),
(1347, 80, 1, 2, 11, 7, 4, NULL, NULL, 'adult price', 0, 'D-11', 1, 800, '2018-09-19', '2018-09-20', '2018-09-20 18:00:00', 'public', 0, 0, 1, NULL, NULL, '2018-09-19 12:10:37', '2018-09-19 12:10:39'),
(1348, 81, 1, 2, 11, 7, 4, NULL, NULL, 'adult price', 0, 'E-5', 1, 800, '2018-09-19', '2018-09-20', '2018-09-20 00:00:00', 'public', 0, 0, 1, NULL, NULL, '2018-09-19 12:10:50', '2018-09-19 12:10:52'),
(1349, 81, 1, 2, 11, 7, 4, NULL, NULL, 'adult price', 0, 'E-6', 1, 800, '2018-09-19', '2018-09-20', '2018-09-20 00:00:00', 'public', 0, 0, 1, NULL, NULL, '2018-09-19 12:10:50', '2018-09-19 12:10:52'),
(1350, 81, 1, 2, 11, 7, 4, NULL, 52, 'adult price', 0, 'E-7', 1, 800, '2018-09-19', '2018-09-20', '2018-09-20 00:00:00', 'public', 0, 0, 1, NULL, NULL, '2018-09-19 12:10:50', '2018-09-19 12:10:52'),
(1351, 81, 1, 2, 11, 7, 4, NULL, NULL, 'adult price', 0, 'E-8', 1, 800, '2018-09-19', '2018-09-20', '2018-09-20 00:00:00', 'public', 0, 0, 1, NULL, NULL, '2018-09-19 12:10:50', '2018-09-19 12:10:52'),
(1352, 62, 1, 2, 2, 4, 4, NULL, NULL, 'adult price', 0, 'A-4', 1, 800, '2018-09-22', '2018-10-15', '2018-10-15 19:00:00', 'public', 0, 0, 1, NULL, NULL, '2018-09-22 06:05:35', '2018-09-22 06:05:48'),
(1353, 62, 1, 2, 2, 4, 4, NULL, NULL, 'adult price', 0, 'B-4', 1, 800, '2018-09-22', '2018-10-15', '2018-10-15 19:00:00', 'public', 0, 0, 1, NULL, NULL, '2018-09-22 06:05:35', '2018-09-22 06:05:48'),
(1354, 62, 1, 2, 2, 4, 4, NULL, NULL, 'adult price', 0, 'C-4', 1, 800, '2018-09-22', '2018-10-15', '2018-10-15 19:00:00', 'public', 0, 0, 1, NULL, NULL, '2018-09-22 06:05:35', '2018-09-22 06:05:48'),
(1355, 62, 1, 2, 2, 4, 4, NULL, NULL, 'adult price', 0, 'D-4', 1, 800, '2018-09-22', '2018-10-15', '2018-10-15 19:00:00', 'public', 0, 0, 1, NULL, NULL, '2018-09-22 06:05:36', '2018-09-22 06:05:48'),
(1356, 62, 1, 2, 2, 4, 4, NULL, NULL, 'adult price', 0, 'E-4', 1, 800, '2018-09-22', '2018-10-15', '2018-10-15 19:00:00', 'public', 0, 0, 1, NULL, NULL, '2018-09-22 06:05:36', '2018-09-22 06:05:48'),
(1357, 62, 1, 2, 2, 4, 4, NULL, NULL, 'adult price', 0, 'E-5', 1, 800, '2018-09-22', '2018-10-15', '2018-10-15 19:00:00', 'public', 0, 0, 1, NULL, NULL, '2018-09-22 06:05:36', '2018-09-22 06:05:48'),
(1358, 62, 1, 2, 2, 4, 4, NULL, NULL, 'adult price', 0, 'D-5', 1, 800, '2018-09-22', '2018-10-15', '2018-10-15 19:00:00', 'public', 0, 0, 1, NULL, NULL, '2018-09-22 06:05:36', '2018-09-22 06:05:48'),
(1364, 61, 1, 2, 2, 4, 4, NULL, NULL, 'child price', 0, 'B-8', 1, 700, '2018-09-22', '2018-10-15', '2018-10-15 00:00:00', 'public', 0, 0, 1, NULL, NULL, '2018-09-22 06:06:55', '2018-09-22 06:06:59'),
(1365, 61, 1, 2, 2, 4, 4, NULL, NULL, 'child price', 0, 'C-8', 1, 700, '2018-09-22', '2018-10-15', '2018-10-15 00:00:00', 'public', 0, 0, 1, NULL, NULL, '2018-09-22 06:06:55', '2018-09-22 06:06:59'),
(1366, 61, 1, 2, 2, 4, 4, NULL, NULL, 'adult price', 0, 'C-9', 1, 800, '2018-09-22', '2018-10-15', '2018-10-15 00:00:00', 'public', 0, 0, 1, NULL, NULL, '2018-09-22 06:06:55', '2018-09-22 06:06:59'),
(1367, 61, 1, 2, 2, 4, 4, NULL, NULL, 'adult price', 1, 'C-10', 1, 0, '2018-09-22', '2018-10-15', '2018-10-15 00:00:00', 'public', 0, 0, 1, NULL, NULL, '2018-09-22 06:06:55', '2018-09-22 06:06:59'),
(1368, 74, 1, 1, 4, 1, 4, NULL, NULL, 'adult price', 0, 'A-4', 1, 600, '2018-09-22', '2019-02-13', '2019-02-13 11:00:00', 'public', 0, 0, 1, NULL, NULL, '2018-09-22 07:37:21', '2018-09-22 07:37:25'),
(1369, 74, 1, 1, 4, 1, 4, NULL, NULL, 'adult price', 0, 'A-6', 1, 600, '2018-09-22', '2019-02-13', '2019-02-13 11:00:00', 'public', 0, 0, 1, NULL, NULL, '2018-09-22 07:37:22', '2018-09-22 07:37:25'),
(1370, 74, 1, 1, 4, 1, 4, NULL, NULL, 'adult price', 0, 'A-5', 1, 600, '2018-09-22', '2019-02-13', '2019-02-13 11:00:00', 'public', 0, 0, 1, NULL, NULL, '2018-09-22 07:37:22', '2018-09-22 07:37:25'),
(1379, 60, 1, 2, 2, 4, 4, NULL, NULL, 'adult price', 0, 'A-7', 1, 800, '2018-09-22', '2018-10-15', '2018-10-15 11:00:00', 'public', 0, 0, 1, NULL, NULL, '2018-09-22 14:37:29', '2018-09-22 14:37:33'),
(1380, 82, 1, 1, 12, 7, 3, NULL, NULL, 'adult price', 0, 'A-5', 1, 600, '2018-09-24', '2018-09-30', '2018-09-30 18:00:00', 'public', 0, 0, 1, NULL, NULL, '2018-09-24 05:35:06', '2018-09-24 05:35:10'),
(1381, 82, 1, 1, 12, 7, 3, NULL, NULL, 'adult price', 0, 'B-5', 1, 600, '2018-09-24', '2018-09-30', '2018-09-30 18:00:00', 'public', 0, 0, 1, NULL, NULL, '2018-09-24 05:35:06', '2018-09-24 05:35:10'),
(1382, 82, 1, 1, 12, 7, 3, NULL, NULL, 'adult price', 0, 'C-5', 1, 600, '2018-09-24', '2018-09-30', '2018-09-30 18:00:00', 'public', 0, 0, 1, NULL, NULL, '2018-09-24 05:35:06', '2018-09-24 05:35:10'),
(1383, 82, 1, 1, 12, 7, 3, NULL, 53, 'adult price', 0, 'D-5', 1, 600, '2018-09-24', '2018-09-30', '2018-09-30 18:00:00', 'public', 0, 0, 1, NULL, NULL, '2018-09-24 05:35:06', '2018-09-24 05:35:10'),
(1384, 60, 1, 2, 2, 4, 4, NULL, NULL, 'adult price', 0, 'C-7', 1, 800, '2018-09-24', '2018-10-15', '2018-10-15 11:00:00', 'public', 0, 0, 1, NULL, NULL, '2018-09-24 05:46:11', '2018-09-24 05:46:27'),
(1385, 60, 1, 2, 2, 4, 4, NULL, NULL, 'adult price', 0, 'C-6', 1, 800, '2018-09-24', '2018-10-15', '2018-10-15 11:00:00', 'public', 0, 0, 1, NULL, NULL, '2018-09-24 05:46:12', '2018-09-24 05:46:27'),
(1386, 60, 1, 2, 2, 4, 4, NULL, NULL, 'adult price', 0, 'C-5', 1, 800, '2018-09-24', '2018-10-15', '2018-10-15 11:00:00', 'public', 0, 0, 1, NULL, NULL, '2018-09-24 05:46:12', '2018-09-24 05:46:27'),
(1387, 60, 1, 2, 2, 4, 4, NULL, 54, 'adult price', 0, 'C-8', 1, 800, '2018-09-24', '2018-10-15', '2018-10-15 11:00:00', 'public', 0, 0, 1, NULL, NULL, '2018-09-24 05:46:12', '2018-09-24 05:46:27'),
(1388, 60, 1, 2, 2, 4, 4, NULL, NULL, 'adult price', 0, 'C-9', 1, 800, '2018-09-24', '2018-10-15', '2018-10-15 11:00:00', 'public', 0, 0, 1, NULL, NULL, '2018-09-24 05:46:21', '2018-09-24 05:46:27'),
(1389, 62, 1, 2, 2, 4, 4, NULL, NULL, 'adult price', 0, 'A-3', 1, 800, '2018-09-24', '2018-10-15', '2018-10-15 19:00:00', 'public', 0, 0, 1, NULL, NULL, '2018-09-24 05:50:58', '2018-09-24 05:51:00'),
(1390, 62, 1, 2, 2, 4, 4, NULL, NULL, 'adult price', 0, 'B-3', 1, 800, '2018-09-24', '2018-10-15', '2018-10-15 19:00:00', 'public', 0, 0, 1, NULL, NULL, '2018-09-24 05:50:58', '2018-09-24 05:51:00'),
(1391, 62, 1, 2, 2, 4, 4, NULL, NULL, 'adult price', 0, 'C-3', 1, 800, '2018-09-24', '2018-10-15', '2018-10-15 19:00:00', 'public', 0, 0, 1, NULL, NULL, '2018-09-24 05:50:58', '2018-09-24 05:51:00'),
(1392, 60, 1, 2, 2, 4, 4, NULL, NULL, 'adult price', 0, 'C-3', 1, 800, '2018-09-24', '2018-10-15', '2018-10-15 11:00:00', 'public', 0, 0, 1, NULL, NULL, '2018-09-24 05:51:09', '2018-09-24 05:51:10'),
(1393, 58, 1, 2, 2, 1, 4, NULL, NULL, 'adult price', 0, 'A-6', 1, 800, '2018-09-24', '2018-09-14', '2018-09-14 17:00:00', 'advance', 0, 1, 1, NULL, NULL, '2018-09-24 06:29:02', '2018-09-24 06:29:16'),
(1394, 58, 1, 2, 2, 1, 4, NULL, NULL, 'adult price', 0, 'A-5', 1, 800, '2018-09-24', '2018-09-14', '2018-09-14 17:00:00', 'advance', 0, 1, 1, NULL, NULL, '2018-09-24 06:29:02', '2018-09-24 06:29:16'),
(1395, 58, 1, 2, 2, 1, 4, NULL, NULL, 'adult price', 0, 'B-3', 1, 800, '2018-09-24', '2018-09-14', '2018-09-14 17:00:00', 'advance', 0, 1, 1, NULL, NULL, '2018-09-24 06:29:02', '2018-09-24 06:29:16'),
(1396, 58, 1, 2, 2, 1, 4, NULL, NULL, 'adult price', 0, 'B-4', 1, 800, '2018-09-24', '2018-09-14', '2018-09-14 17:00:00', 'advance', 0, 1, 1, NULL, NULL, '2018-09-24 06:29:02', '2018-09-24 06:29:16'),
(1397, 74, 1, 1, 4, 1, 4, NULL, NULL, 'adult price', 0, 'B-5', 1, 600, '2018-09-24', '2019-02-13', '2019-02-13 11:00:00', 'advance', 0, 1, 1, NULL, NULL, '2018-09-24 06:44:42', '2018-09-24 06:45:52'),
(1398, 74, 1, 1, 4, 1, 4, NULL, NULL, 'adult price', 0, 'B-6', 1, 600, '2018-09-24', '2019-02-13', '2019-02-13 11:00:00', 'advance', 0, 1, 1, NULL, NULL, '2018-09-24 06:44:42', '2018-09-24 06:45:52'),
(1399, 74, 1, 1, 4, 1, 4, NULL, NULL, 'adult price', 0, 'B-7', 1, 600, '2018-09-24', '2019-02-13', '2019-02-13 11:00:00', 'advance', 0, 1, 1, NULL, NULL, '2018-09-24 06:44:42', '2018-09-24 06:45:52'),
(1400, 82, 2, 1, 12, 7, 3, NULL, NULL, 'adult price', 0, 'A-10', 1, 600, '2018-09-24', '2018-09-30', '2018-09-30 18:00:00', 'public', 0, 0, 1, NULL, NULL, '2018-09-24 07:32:38', '2018-09-24 07:32:42'),
(1401, 82, 2, 1, 12, 7, 3, NULL, NULL, 'adult price', 0, 'B-10', 1, 600, '2018-09-24', '2018-09-30', '2018-09-30 18:00:00', 'public', 0, 0, 1, NULL, NULL, '2018-09-24 07:32:38', '2018-09-24 07:32:42'),
(1402, 82, 2, 1, 12, 7, 3, NULL, NULL, 'adult price', 0, 'C-10', 1, 600, '2018-09-24', '2018-09-30', '2018-09-30 18:00:00', 'public', 0, 0, 1, NULL, NULL, '2018-09-24 07:32:38', '2018-09-24 07:32:42'),
(1403, 82, 2, 1, 12, 7, 3, 14, NULL, 'adult price', 1, 'D-10', 1, 0, '2018-09-24', '2018-09-30', '2018-09-30 18:00:00', 'public', 0, 0, 1, NULL, NULL, '2018-09-24 07:32:38', '2018-09-24 07:32:42'),
(1404, 82, 2, 1, 12, 7, 3, NULL, NULL, 'adult price', 0, 'E-10', 1, 600, '2018-09-24', '2018-09-30', '2018-09-30 18:00:00', 'public', 0, 0, 1, NULL, NULL, '2018-09-24 07:32:38', '2018-09-24 07:32:42'),
(1405, 82, 2, 1, 12, 7, 3, NULL, NULL, 'adult price', 0, 'E-9', 1, 600, '2018-09-24', '2018-09-30', '2018-09-30 18:00:00', 'public', 0, 0, 1, NULL, NULL, '2018-09-24 07:32:38', '2018-09-24 07:32:42'),
(1406, 66, 2, 2, 8, 1, 3, NULL, NULL, 'adult price', 0, 'A-5', 1, 800, '2018-09-24', '2018-10-07', '2018-10-07 01:00:00', 'public', 0, 0, 0, 1, 'Testing1', '2018-09-24 09:52:42', '2018-09-24 13:46:10'),
(1407, 66, 2, 2, 8, 1, 3, NULL, NULL, 'adult price', 0, 'B-3', 1, 800, '2018-09-24', '2018-10-07', '2018-10-07 01:00:00', 'public', 0, 0, 0, 1, 'Testing2', '2018-09-24 09:52:43', '2018-09-24 13:46:10'),
(1408, 61, 1, 2, 2, 4, 4, NULL, NULL, 'adult price', 1, 'A-1', 1, 0, '2018-09-25', '2018-10-15', '2018-10-15 00:00:00', 'public', 0, 0, 1, NULL, NULL, '2018-09-25 09:52:14', '2018-09-25 09:52:18'),
(1409, 61, 1, 2, 2, 4, 4, NULL, NULL, 'adult price', 1, 'B-1', 1, 0, '2018-09-25', '2018-10-15', '2018-10-15 00:00:00', 'public', 0, 0, 1, NULL, NULL, '2018-09-25 09:52:14', '2018-09-25 09:52:18'),
(1410, 61, 1, 2, 2, 4, 4, NULL, NULL, 'adult price', 1, 'C-1', 1, 0, '2018-09-25', '2018-10-15', '2018-10-15 00:00:00', 'public', 0, 0, 1, NULL, NULL, '2018-09-25 09:52:14', '2018-09-25 09:52:18'),
(1411, 62, 1, 2, 2, 4, 4, NULL, NULL, 'adult price', 0, 'A-5', 1, 800, '2018-09-25', '2018-10-15', '2018-10-15 19:00:00', 'public', 0, 0, 1, NULL, NULL, '2018-09-25 10:06:19', '2018-09-25 10:06:20'),
(1415, 62, 1, 2, 2, 4, 4, NULL, NULL, 'adult price', 0, 'A-2', 1, 800, '2018-09-25', '2018-10-15', '2018-10-15 19:00:00', 'public', 0, 0, 1, NULL, NULL, '2018-09-25 10:14:16', '2018-09-25 10:20:36'),
(1416, 62, 1, 2, 2, 4, 4, NULL, NULL, 'adult price', 0, 'A-1', 1, 800, '2018-09-25', '2018-10-15', '2018-10-15 19:00:00', 'public', 0, 0, 1, NULL, NULL, '2018-09-25 10:14:17', '2018-09-25 10:20:36'),
(1417, 62, 1, 2, 2, 4, 4, NULL, NULL, 'adult price', 0, 'B-1', 1, 800, '2018-09-25', '2018-10-15', '2018-10-15 19:00:00', 'public', 0, 0, 1, NULL, NULL, '2018-09-25 10:14:17', '2018-09-25 10:20:36'),
(1418, 62, 1, 2, 2, 4, 4, NULL, NULL, 'adult price', 0, 'B-2', 1, 800, '2018-09-25', '2018-10-15', '2018-10-15 19:00:00', 'public', 0, 0, 1, NULL, NULL, '2018-09-25 10:20:24', '2018-09-25 10:20:36'),
(1419, 62, 1, 2, 2, 4, 4, 15, NULL, 'adult price', 1, 'C-1', 1, 0, '2018-09-25', '2018-10-15', '2018-10-15 19:00:00', 'public', 0, 0, 1, NULL, NULL, '2018-09-25 10:20:24', '2018-09-25 10:20:36'),
(1420, 62, 1, 2, 2, 4, 4, NULL, NULL, 'adult price', 0, 'C-2', 1, 800, '2018-09-25', '2018-10-15', '2018-10-15 19:00:00', 'public', 0, 0, 1, NULL, NULL, '2018-09-25 10:20:24', '2018-09-25 10:20:36'),
(1421, 62, 1, 2, 2, 4, 4, NULL, NULL, 'adult price', 0, 'A-6', 1, 800, '2018-09-25', '2018-10-15', '2018-10-15 19:00:00', 'public', 0, 0, 1, NULL, NULL, '2018-09-25 11:50:03', '2018-09-25 11:50:07'),
(1422, 62, 1, 2, 2, 4, 4, NULL, NULL, 'adult price', 0, 'B-6', 1, 800, '2018-09-25', '2018-10-15', '2018-10-15 19:00:00', 'public', 0, 0, 1, NULL, NULL, '2018-09-25 11:50:03', '2018-09-25 11:50:07'),
(1423, 62, 1, 2, 2, 4, 4, NULL, NULL, 'adult price', 0, 'C-6', 1, 800, '2018-09-25', '2018-10-15', '2018-10-15 19:00:00', 'public', 0, 0, 1, NULL, NULL, '2018-09-25 11:50:03', '2018-09-25 11:50:07'),
(1424, 62, 1, 2, 2, 4, 4, NULL, NULL, 'adult price', 0, 'C-5', 1, 800, '2018-09-25', '2018-10-15', '2018-10-15 19:00:00', 'public', 0, 0, 1, NULL, NULL, '2018-09-25 11:50:03', '2018-09-25 11:50:07'),
(1425, 62, 1, 2, 2, 4, 4, 15, NULL, 'adult price', 1, 'B-5', 1, 0, '2018-09-25', '2018-10-15', '2018-10-15 19:00:00', 'public', 0, 0, 1, NULL, NULL, '2018-09-25 11:50:03', '2018-09-25 11:50:08'),
(1426, 62, 1, 2, 2, 4, 4, NULL, NULL, 'adult price', 0, 'B-7', 1, 800, '2018-09-25', '2018-10-15', '2018-10-15 19:00:00', 'public', 0, 0, 1, NULL, NULL, '2018-09-25 11:50:04', '2018-09-25 11:50:08'),
(1427, 62, 1, 2, 2, 4, 4, NULL, NULL, 'adult price', 0, 'A-7', 1, 800, '2018-09-25', '2018-10-15', '2018-10-15 19:00:00', 'public', 0, 0, 1, NULL, NULL, '2018-09-25 11:50:04', '2018-09-25 11:50:08'),
(1428, 62, 1, 2, 2, 4, 4, NULL, NULL, 'adult price', 0, 'A-8', 1, 800, '2018-09-25', '2018-10-15', '2018-10-15 19:00:00', 'public', 0, 0, 1, NULL, NULL, '2018-09-25 11:50:04', '2018-09-25 11:50:08'),
(1429, 62, 1, 2, 2, 4, 4, NULL, NULL, 'adult price', 0, 'B-8', 1, 800, '2018-09-25', '2018-10-15', '2018-10-15 19:00:00', 'public', 0, 0, 1, NULL, NULL, '2018-09-25 11:50:04', '2018-09-25 11:50:08'),
(1430, 62, 1, 2, 2, 4, 4, 15, NULL, 'adult price', 1, 'C-8', 1, 0, '2018-09-25', '2018-10-15', '2018-10-15 19:00:00', 'public', 0, 0, 1, NULL, NULL, '2018-09-25 11:50:04', '2018-09-25 11:50:08'),
(1431, 62, 1, 2, 2, 4, 4, NULL, NULL, 'adult price', 0, 'C-7', 1, 800, '2018-09-25', '2018-10-15', '2018-10-15 19:00:00', 'public', 0, 0, 1, NULL, NULL, '2018-09-25 11:50:04', '2018-09-25 11:50:08'),
(1432, 66, 1, 2, 8, 1, 3, NULL, NULL, 'adult price', 0, 'A-5', 1, 800, '2018-09-25', '2018-10-07', '2018-10-07 01:00:00', 'public', 0, 0, 1, NULL, NULL, '2018-09-25 12:02:23', '2018-09-25 12:02:26'),
(1433, 66, 1, 2, 8, 1, 3, NULL, NULL, 'adult price', 0, 'B-3', 1, 800, '2018-09-25', '2018-10-07', '2018-10-07 01:00:00', 'public', 0, 0, 1, NULL, NULL, '2018-09-25 12:02:23', '2018-09-25 12:02:26'),
(1435, 60, 1, 2, 2, 4, 4, NULL, NULL, 'adult price', 1, 'B-7', 1, 0, '2018-09-25', '2018-10-15', '2018-10-15 11:00:00', 'public', 0, 0, 1, NULL, NULL, '2018-09-25 13:07:18', '2018-09-25 13:07:20'),
(1436, 61, 1, 2, 2, 4, 4, NULL, NULL, 'adult price', 1, 'B-5', 1, 0, '2018-09-25', '2018-10-15', '2018-10-15 00:00:00', 'public', 0, 0, 1, NULL, NULL, '2018-09-25 13:08:10', '2018-09-25 13:08:12'),
(1437, 62, 1, 2, 2, 4, 4, NULL, NULL, 'adult price', 1, 'D-3', 1, 0, '2018-09-25', '2018-10-15', '2018-10-15 19:00:00', 'public', 0, 0, 1, NULL, NULL, '2018-09-25 13:08:23', '2018-09-25 13:08:24'),
(1449, 60, 1, 2, 2, 4, 4, NULL, NULL, 'adult price', 0, 'E-3', 1, 800, '2018-09-27', '2018-10-15', '2018-10-15 11:00:00', 'public', 0, 0, 1, NULL, NULL, '2018-09-27 05:47:53', '2018-09-27 05:47:58'),
(1450, 60, 1, 2, 2, 4, 4, NULL, NULL, 'adult price', 0, 'E-2', 1, 800, '2018-09-27', '2018-10-15', '2018-10-15 11:00:00', 'public', 0, 0, 1, NULL, NULL, '2018-09-27 05:47:53', '2018-09-27 05:47:58'),
(1451, 60, 1, 2, 2, 4, 4, NULL, 57, 'adult price', 0, 'E-1', 1, 800, '2018-09-27', '2018-10-15', '2018-10-15 11:00:00', 'public', 0, 0, 1, NULL, NULL, '2018-09-27 05:47:53', '2018-09-27 05:47:58'),
(1452, 60, 1, 2, 2, 4, 4, NULL, NULL, 'adult price', 0, 'D-1', 1, 800, '2018-09-27', '2018-10-15', '2018-10-15 11:00:00', 'public', 0, 0, 1, NULL, NULL, '2018-09-27 05:47:54', '2018-09-27 05:47:58'),
(1453, 60, 1, 2, 2, 4, 4, NULL, NULL, 'adult price', 0, 'C-1', 1, 800, '2018-09-27', '2018-10-15', '2018-10-15 11:00:00', 'public', 0, 0, 1, NULL, NULL, '2018-09-27 05:47:54', '2018-09-27 05:47:58'),
(1454, 60, 1, 2, 2, 4, 4, NULL, 58, 'adult price', 0, 'B-1', 1, 800, '2018-09-27', '2018-10-15', '2018-10-15 11:00:00', 'public', 0, 0, 1, NULL, NULL, '2018-09-27 05:47:54', '2018-09-27 05:47:58'),
(1463, 82, 1, 1, 12, 7, 3, NULL, NULL, 'adult price', 0, 'A-11', 1, 600, '2018-09-27', '2018-09-30', '2018-09-30 18:00:00', 'public', 0, 0, 1, NULL, NULL, '2018-09-27 05:52:34', '2018-09-27 05:52:39'),
(1464, 82, 1, 1, 12, 7, 3, NULL, NULL, 'adult price', 0, 'A-12', 1, 600, '2018-09-27', '2018-09-30', '2018-09-30 18:00:00', 'public', 0, 0, 1, NULL, NULL, '2018-09-27 05:52:34', '2018-09-27 05:52:39'),
(1465, 82, 1, 1, 12, 7, 3, NULL, 60, 'adult price', 0, 'A-13', 1, 600, '2018-09-27', '2018-09-30', '2018-09-30 18:00:00', 'public', 0, 0, 1, NULL, NULL, '2018-09-27 05:52:34', '2018-09-27 05:52:39'),
(1467, 82, 1, 1, 12, 7, 3, NULL, NULL, 'adult price', 0, 'B-11', 1, 600, '2018-09-27', '2018-09-30', '2018-09-30 18:00:00', 'public', 0, 0, 1, NULL, NULL, '2018-09-27 08:14:45', '2018-09-27 08:14:47'),
(1468, 82, 1, 1, 12, 7, 3, NULL, NULL, 'adult price', 0, 'C-11', 1, 600, '2018-09-27', '2018-09-30', '2018-09-30 18:00:00', 'public', 0, 0, 1, NULL, NULL, '2018-09-27 08:14:45', '2018-09-27 08:14:47'),
(1469, 82, 1, 1, 12, 7, 3, NULL, 61, 'adult price', 0, 'D-11', 1, 600, '2018-09-27', '2018-09-30', '2018-09-30 18:00:00', 'public', 0, 0, 1, NULL, NULL, '2018-09-27 08:14:45', '2018-09-27 08:14:47'),
(1481, 82, 1, 1, 12, 7, 3, NULL, NULL, 'adult price', 0, 'B-12', 1, 600, '2018-09-27', '2018-09-30', '2018-09-30 18:00:00', 'public', 0, 0, 1, NULL, NULL, '2018-09-27 08:21:19', '2018-09-27 08:21:31'),
(1482, 82, 1, 1, 12, 7, 3, NULL, NULL, 'adult price', 0, 'C-12', 1, 600, '2018-09-27', '2018-09-30', '2018-09-30 18:00:00', 'public', 0, 0, 1, NULL, NULL, '2018-09-27 08:21:19', '2018-09-27 08:21:31'),
(1483, 82, 1, 1, 12, 7, 3, NULL, 63, 'adult price', 0, 'C-13', 1, 600, '2018-09-27', '2018-09-30', '2018-09-30 18:00:00', 'public', 0, 0, 1, NULL, NULL, '2018-09-27 08:21:19', '2018-09-27 08:21:31'),
(1484, 82, 1, 1, 12, 7, 3, NULL, NULL, 'adult price', 0, 'D-12', 1, 600, '2018-09-27', '2018-09-30', '2018-09-30 18:00:00', 'public', 0, 0, 1, NULL, NULL, '2018-09-27 08:24:38', '2018-09-27 08:24:41'),
(1485, 82, 1, 1, 12, 7, 3, NULL, NULL, 'adult price', 0, 'D-13', 1, 600, '2018-09-27', '2018-09-30', '2018-09-30 18:00:00', 'public', 0, 0, 1, NULL, NULL, '2018-09-27 08:24:38', '2018-09-27 08:24:41'),
(1486, 82, 1, 1, 12, 7, 3, NULL, 64, 'adult price', 0, 'E-13', 1, 600, '2018-09-27', '2018-09-30', '2018-09-30 18:00:00', 'public', 0, 0, 1, NULL, NULL, '2018-09-27 08:24:38', '2018-09-27 08:24:41'),
(1487, 82, 1, 1, 12, 7, 3, NULL, NULL, 'adult price', 0, 'E-12', 1, 600, '2018-09-27', '2018-09-30', '2018-09-30 18:00:00', 'public', 0, 0, 1, NULL, NULL, '2018-09-27 08:26:55', '2018-09-27 08:26:57'),
(1488, 82, 1, 1, 12, 7, 3, NULL, 65, 'adult price', 0, 'E-11', 1, 600, '2018-09-27', '2018-09-30', '2018-09-30 18:00:00', 'public', 0, 0, 1, NULL, NULL, '2018-09-27 08:26:55', '2018-09-27 08:26:57'),
(1489, 82, 1, 1, 12, 7, 3, NULL, NULL, 'adult price', 0, 'E-8', 1, 600, '2018-09-27', '2018-09-30', '2018-09-30 18:00:00', 'public', 0, 0, 1, NULL, NULL, '2018-09-27 08:26:56', '2018-09-27 08:26:57'),
(1490, 82, 1, 1, 12, 7, 3, NULL, NULL, 'adult price', 0, 'E-7', 1, 600, '2018-09-27', '2018-09-30', '2018-09-30 18:00:00', 'public', 0, 0, 1, NULL, NULL, '2018-09-27 08:29:37', '2018-09-27 08:29:38'),
(1491, 82, 1, 1, 12, 7, 3, NULL, NULL, 'adult price', 0, 'E-6', 1, 600, '2018-09-27', '2018-09-30', '2018-09-30 18:00:00', 'public', 0, 0, 1, NULL, NULL, '2018-09-27 08:32:43', '2018-09-27 08:32:44'),
(1492, 82, 1, 1, 12, 7, 3, NULL, NULL, 'adult price', 0, 'E-15', 1, 600, '2018-09-27', '2018-09-30', '2018-09-30 18:00:00', 'public', 0, 0, 1, NULL, NULL, '2018-09-27 08:33:31', '2018-09-27 08:33:32'),
(1493, 82, 1, 1, 12, 7, 3, NULL, NULL, 'adult price', 0, 'C-8', 1, 600, '2018-09-27', '2018-09-30', '2018-09-30 18:00:00', 'public', 0, 0, 1, NULL, NULL, '2018-09-27 08:34:30', '2018-09-27 08:34:31'),
(1494, 82, 1, 1, 12, 7, 3, NULL, NULL, 'adult price', 0, 'C-7', 1, 600, '2018-09-27', '2018-09-30', '2018-09-30 18:00:00', 'public', 0, 0, 1, NULL, NULL, '2018-09-27 08:36:04', '2018-09-27 08:36:05'),
(1495, 82, 1, 1, 12, 7, 3, NULL, NULL, 'adult price', 0, 'A-1', 1, 600, '2018-09-27', '2018-09-30', '2018-09-30 18:00:00', 'public', 0, 0, 1, NULL, NULL, '2018-09-27 08:44:19', '2018-09-27 08:44:22'),
(1496, 82, 1, 1, 12, 7, 3, NULL, NULL, 'adult price', 0, 'B-1', 1, 600, '2018-09-27', '2018-09-30', '2018-09-30 18:00:00', 'public', 0, 0, 1, NULL, NULL, '2018-09-27 08:44:19', '2018-09-27 08:44:23'),
(1497, 82, 1, 1, 12, 7, 3, NULL, 66, 'adult price', 0, 'C-1', 1, 600, '2018-09-27', '2018-09-30', '2018-09-30 18:00:00', 'public', 0, 0, 1, NULL, NULL, '2018-09-27 08:44:20', '2018-09-27 08:44:23'),
(1498, 82, 1, 1, 12, 7, 3, NULL, NULL, 'adult price', 0, 'D-1', 1, 600, '2018-09-27', '2018-09-30', '2018-09-30 18:00:00', 'public', 0, 0, 1, NULL, NULL, '2018-09-27 08:46:43', '2018-09-27 08:46:44'),
(1499, 82, 1, 1, 12, 7, 3, NULL, NULL, 'adult price', 0, 'E-1', 1, 600, '2018-09-27', '2018-09-30', '2018-09-30 18:00:00', 'public', 0, 0, 1, NULL, NULL, '2018-09-27 08:46:43', '2018-09-27 08:46:44'),
(1500, 82, 1, 1, 12, 7, 3, NULL, 67, 'adult price', 0, 'E-2', 1, 600, '2018-09-27', '2018-09-30', '2018-09-30 18:00:00', 'public', 0, 0, 1, NULL, NULL, '2018-09-27 08:46:43', '2018-09-27 08:46:44'),
(1501, 82, 1, 1, 12, 7, 3, NULL, NULL, 'adult price', 0, 'A-2', 1, 600, '2018-09-27', '2018-09-30', '2018-09-30 18:00:00', 'public', 0, 0, 1, NULL, NULL, '2018-09-27 08:51:33', '2018-09-27 08:51:35'),
(1502, 82, 1, 1, 12, 7, 3, NULL, 68, 'adult price', 0, 'B-2', 1, 600, '2018-09-27', '2018-09-30', '2018-09-30 18:00:00', 'public', 0, 0, 1, NULL, NULL, '2018-09-27 08:51:33', '2018-09-27 08:51:35'),
(1503, 82, 1, 1, 12, 7, 3, NULL, NULL, 'adult price', 0, 'C-2', 1, 600, '2018-09-27', '2018-09-30', '2018-09-30 18:00:00', 'public', 0, 0, 1, NULL, NULL, '2018-09-27 08:51:33', '2018-09-27 08:51:35'),
(1504, 82, 1, 1, 12, 7, 3, NULL, 69, 'adult price', 0, 'D-2', 1, 600, '2018-09-27', '2018-09-30', '2018-09-30 18:00:00', 'public', 0, 0, 1, NULL, NULL, '2018-09-27 09:15:24', '2018-09-27 09:15:26'),
(1505, 82, 1, 1, 12, 7, 3, NULL, NULL, 'adult price', 0, 'E-3', 1, 600, '2018-09-27', '2018-09-30', '2018-09-30 18:00:00', 'public', 0, 0, 1, NULL, NULL, '2018-09-27 09:15:24', '2018-09-27 09:15:26'),
(1506, 82, 1, 1, 12, 7, 3, NULL, NULL, 'adult price', 0, 'D-3', 1, 600, '2018-09-27', '2018-09-30', '2018-09-30 18:00:00', 'public', 0, 0, 1, NULL, NULL, '2018-09-27 09:15:24', '2018-09-27 09:15:27');

-- --------------------------------------------------------

--
-- Table structure for table `concession_details`
--

DROP TABLE IF EXISTS `concession_details`;
CREATE TABLE IF NOT EXISTS `concession_details` (
  `id` int(10) UNSIGNED NOT NULL AUTO_INCREMENT,
  `concession_master_id` int(10) UNSIGNED NOT NULL,
  `user_id` int(10) UNSIGNED NOT NULL,
  `type` varchar(255) COLLATE utf8mb4_unicode_ci NOT NULL,
  `package_id` int(10) UNSIGNED DEFAULT NULL,
  `item_id` int(10) UNSIGNED DEFAULT NULL,
  `price` int(11) DEFAULT NULL,
  `qty` int(11) DEFAULT NULL,
  `amount` int(11) DEFAULT NULL,
  `cancelUserId` int(11) DEFAULT NULL,
  `cancelDate` datetime DEFAULT NULL,
  `status` tinyint(1) NOT NULL,
  `created_at` timestamp NULL DEFAULT NULL,
  `updated_at` timestamp NULL DEFAULT NULL,
  PRIMARY KEY (`id`),
  KEY `concession_details_user_id_foreign` (`user_id`),
  KEY `concession_details_package_id_foreign` (`package_id`),
  KEY `concession_details_item_id_foreign` (`item_id`),
  KEY `concession_details_concession_master_id_foreign` (`concession_master_id`)
) ENGINE=InnoDB AUTO_INCREMENT=126 DEFAULT CHARSET=utf8mb4 COLLATE=utf8mb4_unicode_ci;

--
-- Dumping data for table `concession_details`
--

INSERT INTO `concession_details` (`id`, `concession_master_id`, `user_id`, `type`, `package_id`, `item_id`, `price`, `qty`, `amount`, `cancelUserId`, `cancelDate`, `status`, `created_at`, `updated_at`) VALUES
(19, 14, 1, 'item', NULL, 4, 60, 2, 120, NULL, NULL, 1, '2018-09-12 01:01:30', '2018-09-12 01:01:30'),
(20, 14, 1, 'item', NULL, 6, 45, 2, 90, NULL, NULL, 1, '2018-09-12 01:01:30', '2018-09-12 01:01:30'),
(21, 15, 1, 'package', 3, NULL, 380, 3, 1140, 1, '2018-09-12 07:40:54', 0, '2018-09-12 01:04:52', '2018-09-12 02:40:54'),
(22, 15, 1, 'item', NULL, 5, 120, 4, 480, 1, '2018-09-12 07:40:54', 0, '2018-09-12 01:04:52', '2018-09-12 02:40:54'),
(23, 15, 1, 'item', NULL, 3, 100, 1, 100, 1, '2018-09-12 07:40:54', 0, '2018-09-12 01:04:52', '2018-09-12 02:40:54'),
(24, 16, 1, 'item', NULL, 5, 120, 3, 360, 1, '2018-09-12 07:37:31', 0, '2018-09-12 01:07:37', '2018-09-12 02:37:31'),
(25, 16, 1, 'item', NULL, 3, 100, 3, 300, 1, '2018-09-12 07:37:31', 0, '2018-09-12 01:07:37', '2018-09-12 02:37:31'),
(26, 17, 1, 'item', NULL, 6, 45, 2, 90, 1, '2018-09-12 07:37:51', 0, '2018-09-12 01:08:32', '2018-09-12 02:37:51'),
(27, 19, 1, 'package', 3, NULL, 380, 1, 380, NULL, NULL, 1, '2018-09-12 01:08:48', '2018-09-12 01:08:48'),
(28, 20, 1, 'package', 1, NULL, 390, 6, 2340, NULL, NULL, 1, '2018-09-12 01:13:33', '2018-09-12 01:13:33'),
(29, 21, 1, 'package', 3, NULL, 380, 4, 1520, NULL, NULL, 1, '2018-09-12 03:24:55', '2018-09-12 03:24:55'),
(30, 21, 1, 'item', NULL, 6, 45, 8, 360, NULL, NULL, 1, '2018-09-12 03:24:55', '2018-09-12 03:24:55'),
(31, 21, 1, 'item', NULL, 4, 60, 2, 120, NULL, NULL, 1, '2018-09-12 03:24:55', '2018-09-12 03:24:55'),
(32, 22, 1, 'package', 3, NULL, 380, 3, 1140, NULL, NULL, 1, '2018-09-12 03:25:12', '2018-09-12 03:25:12'),
(33, 23, 1, 'item', NULL, 8, 45, 10, 450, NULL, NULL, 1, '2018-09-12 08:14:00', '2018-09-12 08:14:00'),
(34, 24, 1, 'package', 4, NULL, 300, 4, 1200, 1, '2018-09-18 05:14:15', 0, '2018-09-12 08:43:42', '2018-09-18 12:14:15'),
(35, 25, 1, 'item', NULL, 5, 120, 5, 600, NULL, NULL, 1, '2018-09-12 08:55:39', '2018-09-12 08:55:39'),
(36, 26, 1, 'package', 3, NULL, 370, 4, 1480, NULL, NULL, 1, '2018-09-13 02:59:37', '2018-09-13 02:59:37'),
(37, 26, 1, 'item', NULL, 5, 100, 21, 2100, NULL, NULL, 1, '2018-09-13 02:59:37', '2018-09-13 02:59:37'),
(38, 27, 1, 'package', 3, NULL, 370, 4, 1480, NULL, NULL, 1, '2018-09-13 03:00:22', '2018-09-13 03:00:22'),
(39, 27, 1, 'item', NULL, 6, 45, 2, 90, NULL, NULL, 1, '2018-09-13 03:00:22', '2018-09-13 03:00:22'),
(40, 27, 1, 'item', NULL, 4, 60, 2, 120, NULL, NULL, 1, '2018-09-13 03:00:22', '2018-09-13 03:00:22'),
(41, 27, 1, 'item', NULL, 5, 100, 3, 300, NULL, NULL, 1, '2018-09-13 03:00:22', '2018-09-13 03:00:22'),
(42, 27, 1, 'item', NULL, 3, 100, 3, 300, NULL, NULL, 1, '2018-09-13 03:00:22', '2018-09-13 03:00:22'),
(43, 27, 1, 'item', NULL, 1, 70, 3, 210, NULL, NULL, 1, '2018-09-13 03:00:22', '2018-09-13 03:00:22'),
(44, 27, 1, 'package', 1, NULL, 390, 2, 780, NULL, NULL, 1, '2018-09-13 03:00:22', '2018-09-13 03:00:22'),
(45, 28, 1, 'item', NULL, 5, 100, 1, 100, NULL, NULL, 1, '2018-09-16 11:49:54', '2018-09-16 11:49:54'),
(46, 28, 1, 'item', NULL, 3, 100, 1, 100, NULL, NULL, 1, '2018-09-16 11:49:54', '2018-09-16 11:49:54'),
(47, 28, 1, 'item', NULL, 1, 70, 3, 210, NULL, NULL, 1, '2018-09-16 11:49:54', '2018-09-16 11:49:54'),
(48, 28, 1, 'package', 3, NULL, 370, 2, 740, NULL, NULL, 1, '2018-09-16 11:49:54', '2018-09-16 11:49:54'),
(49, 28, 1, 'package', 1, NULL, 390, 2, 780, NULL, NULL, 1, '2018-09-16 11:49:54', '2018-09-16 11:49:54'),
(50, 29, 1, 'item', NULL, 5, 100, 3, 300, NULL, NULL, 1, '2018-09-16 17:42:41', '2018-09-16 17:42:41'),
(51, 29, 1, 'package', 3, NULL, 370, 4, 1480, NULL, NULL, 1, '2018-09-16 17:42:41', '2018-09-16 17:42:41'),
(52, 29, 1, 'package', 1, NULL, 390, 5, 1950, NULL, NULL, 1, '2018-09-16 17:42:41', '2018-09-16 17:42:41'),
(53, 29, 1, 'item', NULL, 1, 70, 8, 560, NULL, NULL, 1, '2018-09-16 17:42:41', '2018-09-16 17:42:41'),
(61, 38, 1, 'item', NULL, 3, 0, 1, 0, NULL, NULL, 1, '2018-09-17 07:02:03', '2018-09-17 07:02:03'),
(62, 39, 1, 'item', NULL, 3, 0, 1, 0, NULL, NULL, 1, '2018-09-17 07:03:47', '2018-09-17 07:03:47'),
(63, 40, 1, 'item', NULL, 3, 0, 1, 0, NULL, NULL, 1, '2018-09-17 07:03:48', '2018-09-17 07:03:48'),
(64, 41, 1, 'item', NULL, 3, 0, 1, 0, NULL, NULL, 1, '2018-09-17 07:06:28', '2018-09-17 07:06:28'),
(65, 41, 1, 'item', NULL, 3, 0, 1, 0, NULL, NULL, 1, '2018-09-17 07:06:28', '2018-09-17 07:06:28'),
(66, 43, 1, 'item', NULL, 3, 0, 1, 0, NULL, NULL, 1, '2018-09-17 07:06:29', '2018-09-17 07:06:29'),
(67, 44, 1, 'item', NULL, 3, 0, 3, 0, NULL, NULL, 1, '2018-09-17 07:08:42', '2018-09-17 07:08:42'),
(68, 44, 1, 'package', 1, NULL, 0, 1, 0, NULL, NULL, 1, '2018-09-17 07:08:42', '2018-09-17 07:08:42'),
(69, 45, 1, 'item', NULL, 1, 70, 2, 140, NULL, NULL, 1, '2018-09-18 06:32:12', '2018-09-18 06:32:12'),
(70, 45, 1, 'item', NULL, 3, 100, 2, 200, NULL, NULL, 1, '2018-09-18 06:32:12', '2018-09-18 06:32:12'),
(71, 46, 2, 'item', NULL, 1, 70, 3, 210, NULL, NULL, 1, '2018-09-18 09:54:46', '2018-09-18 09:54:46'),
(72, 46, 2, 'item', NULL, 4, 60, 2, 120, NULL, NULL, 1, '2018-09-18 09:54:46', '2018-09-18 09:54:46'),
(73, 46, 2, 'item', NULL, 6, 45, 6, 270, NULL, NULL, 1, '2018-09-18 09:54:46', '2018-09-18 09:54:46'),
(74, 46, 2, 'package', 3, NULL, 370, 9, 3330, NULL, NULL, 1, '2018-09-18 09:54:46', '2018-09-18 09:54:46'),
(75, 47, 1, 'item', NULL, 3, 0, 3, 0, NULL, NULL, 1, '2018-09-19 12:08:27', '2018-09-19 12:08:27'),
(76, 47, 1, 'package', 1, NULL, 0, 1, 0, NULL, NULL, 1, '2018-09-19 12:08:27', '2018-09-19 12:08:27'),
(77, 47, 1, 'item', NULL, 3, 0, 3, 0, NULL, NULL, 1, '2018-09-19 12:08:27', '2018-09-19 12:08:27'),
(78, 47, 1, 'package', 1, NULL, 0, 1, 0, NULL, NULL, 1, '2018-09-19 12:08:27', '2018-09-19 12:08:27'),
(79, 49, 1, 'item', NULL, 3, 0, 3, 0, NULL, NULL, 1, '2018-09-19 12:08:42', '2018-09-19 12:08:42'),
(80, 49, 1, 'package', 1, NULL, 0, 1, 0, NULL, NULL, 1, '2018-09-19 12:08:42', '2018-09-19 12:08:42'),
(81, 49, 1, 'item', NULL, 3, 0, 3, 0, NULL, NULL, 1, '2018-09-19 12:08:42', '2018-09-19 12:08:42'),
(82, 49, 1, 'package', 1, NULL, 0, 1, 0, NULL, NULL, 1, '2018-09-19 12:08:42', '2018-09-19 12:08:42'),
(83, 51, 1, 'item', NULL, 3, 0, 3, 0, NULL, NULL, 1, '2018-09-19 12:09:01', '2018-09-19 12:09:01'),
(84, 51, 1, 'package', 1, NULL, 0, 1, 0, NULL, NULL, 1, '2018-09-19 12:09:01', '2018-09-19 12:09:01'),
(85, 52, 1, 'item', NULL, 3, 0, 3, 0, NULL, NULL, 1, '2018-09-19 12:10:50', '2018-09-19 12:10:50'),
(86, 52, 1, 'package', 1, NULL, 0, 1, 0, NULL, NULL, 1, '2018-09-19 12:10:50', '2018-09-19 12:10:50'),
(87, 53, 1, 'item', NULL, 1, 0, 1, 0, NULL, NULL, 1, '2018-09-24 05:35:06', '2018-09-24 05:35:06'),
(88, 54, 1, 'item', NULL, 1, 0, 1, 0, NULL, NULL, 1, '2018-09-24 05:46:12', '2018-09-24 05:46:12'),
(89, 55, 1, 'item', NULL, 6, 45, 4, 180, NULL, NULL, 1, '2018-09-25 13:25:13', '2018-09-25 13:25:13'),
(90, 55, 1, 'item', NULL, 4, 60, 4, 240, NULL, NULL, 1, '2018-09-25 13:25:13', '2018-09-25 13:25:13'),
(91, 55, 1, 'package', 3, NULL, 370, 2, 740, NULL, NULL, 1, '2018-09-25 13:25:13', '2018-09-25 13:25:13'),
(92, 55, 1, 'package', 1, NULL, 390, 1, 390, NULL, NULL, 1, '2018-09-25 13:25:13', '2018-09-25 13:25:13'),
(93, 56, 1, 'item', NULL, 3, 0, 3, 0, NULL, NULL, 1, '2018-09-27 05:47:14', '2018-09-27 05:47:14'),
(94, 56, 1, 'package', 1, NULL, 0, 1, 0, NULL, NULL, 1, '2018-09-27 05:47:14', '2018-09-27 05:47:14'),
(95, 57, 1, 'item', NULL, 3, 0, 3, 0, NULL, NULL, 1, '2018-09-27 05:47:53', '2018-09-27 05:47:53'),
(96, 57, 1, 'package', 1, NULL, 0, 1, 0, NULL, NULL, 1, '2018-09-27 05:47:53', '2018-09-27 05:47:53'),
(97, 58, 1, 'item', NULL, 3, 0, 3, 0, NULL, NULL, 1, '2018-09-27 05:47:54', '2018-09-27 05:47:54'),
(98, 58, 1, 'package', 1, NULL, 0, 1, 0, NULL, NULL, 1, '2018-09-27 05:47:54', '2018-09-27 05:47:54'),
(99, 59, 1, 'item', NULL, 3, 0, 3, 0, NULL, NULL, 1, '2018-09-27 05:51:24', '2018-09-27 05:51:24'),
(100, 59, 1, 'package', 1, NULL, 0, 1, 0, NULL, NULL, 1, '2018-09-27 05:51:24', '2018-09-27 05:51:24'),
(101, 60, 1, 'item', NULL, 3, 0, 3, 0, NULL, NULL, 1, '2018-09-27 05:52:34', '2018-09-27 05:52:34'),
(102, 60, 1, 'package', 1, NULL, 0, 1, 0, NULL, NULL, 1, '2018-09-27 05:52:34', '2018-09-27 05:52:34'),
(103, 61, 1, 'item', NULL, 3, 0, 3, 0, NULL, NULL, 1, '2018-09-27 08:14:45', '2018-09-27 08:14:45'),
(104, 61, 1, 'package', 1, NULL, 0, 1, 0, NULL, NULL, 1, '2018-09-27 08:14:45', '2018-09-27 08:14:45'),
(105, 62, 1, 'item', NULL, 3, 0, 3, 0, NULL, NULL, 1, '2018-09-27 08:20:38', '2018-09-27 08:20:38'),
(106, 62, 1, 'package', 1, NULL, 0, 1, 0, NULL, NULL, 1, '2018-09-27 08:20:38', '2018-09-27 08:20:38'),
(107, 63, 1, 'item', NULL, 3, 0, 3, 0, NULL, NULL, 1, '2018-09-27 08:21:19', '2018-09-27 08:21:19'),
(108, 63, 1, 'package', 1, NULL, 0, 1, 0, NULL, NULL, 1, '2018-09-27 08:21:19', '2018-09-27 08:21:19'),
(109, 64, 1, 'item', NULL, 3, 0, 3, 0, NULL, NULL, 1, '2018-09-27 08:24:38', '2018-09-27 08:24:38'),
(110, 64, 1, 'package', 1, NULL, 0, 1, 0, NULL, NULL, 1, '2018-09-27 08:24:38', '2018-09-27 08:24:38'),
(111, 65, 1, 'item', NULL, 3, 0, 3, 0, NULL, NULL, 1, '2018-09-27 08:26:55', '2018-09-27 08:26:55'),
(112, 65, 1, 'package', 1, NULL, 0, 1, 0, NULL, NULL, 1, '2018-09-27 08:26:55', '2018-09-27 08:26:55'),
(113, 66, 1, 'item', NULL, 3, 0, 3, 0, NULL, NULL, 1, '2018-09-27 08:44:19', '2018-09-27 08:44:19'),
(114, 66, 1, 'package', 1, NULL, 0, 1, 0, NULL, NULL, 1, '2018-09-27 08:44:20', '2018-09-27 08:44:20'),
(115, 67, 1, 'item', NULL, 3, 0, 3, 0, NULL, NULL, 1, '2018-09-27 08:46:43', '2018-09-27 08:46:43'),
(116, 67, 1, 'package', 1, NULL, 0, 1, 0, NULL, NULL, 1, '2018-09-27 08:46:43', '2018-09-27 08:46:43'),
(117, 68, 1, 'item', NULL, 3, 0, 3, 0, NULL, NULL, 1, '2018-09-27 08:51:33', '2018-09-27 08:51:33'),
(118, 68, 1, 'package', 1, NULL, 0, 1, 0, NULL, NULL, 1, '2018-09-27 08:51:33', '2018-09-27 08:51:33'),
(119, 69, 1, 'item', NULL, 3, 0, 3, 0, NULL, NULL, 1, '2018-09-27 09:15:24', '2018-09-27 09:15:24'),
(120, 69, 1, 'package', 1, NULL, 0, 1, 0, NULL, NULL, 1, '2018-09-27 09:15:24', '2018-09-27 09:15:24'),
(121, 70, 1, 'package', 5, NULL, 1500, 2, 3000, NULL, NULL, 1, '2018-09-27 12:46:36', '2018-09-27 12:46:36'),
(122, 71, 1, 'item', NULL, 9, 300, 3, 900, NULL, NULL, 1, '2018-09-27 12:47:36', '2018-09-27 12:47:36'),
(123, 72, 1, 'item', NULL, 9, 300, 3, 900, NULL, NULL, 1, '2018-09-27 12:47:40', '2018-09-27 12:47:40'),
(124, 73, 1, 'item', NULL, 9, 300, 3, 900, NULL, NULL, 1, '2018-09-27 12:47:45', '2018-09-27 12:47:45'),
(125, 74, 1, 'item', NULL, 9, 300, 1, 300, NULL, NULL, 1, '2018-09-27 12:48:51', '2018-09-27 12:48:51');

-- --------------------------------------------------------

--
-- Table structure for table `concession_masters`
--

DROP TABLE IF EXISTS `concession_masters`;
CREATE TABLE IF NOT EXISTS `concession_masters` (
  `id` int(10) UNSIGNED NOT NULL AUTO_INCREMENT,
  `user_id` int(10) UNSIGNED NOT NULL,
  `totalAmount` int(11) NOT NULL,
  `deal_id` int(10) UNSIGNED DEFAULT NULL,
  `cancelUserId` int(11) DEFAULT NULL,
  `voucherNo` int(11) DEFAULT NULL,
  `remarks` text COLLATE utf8mb4_unicode_ci,
  `cancelDate` datetime DEFAULT NULL,
  `status` tinyint(1) NOT NULL,
  `created_at` timestamp NULL DEFAULT NULL,
  `updated_at` timestamp NULL DEFAULT NULL,
  PRIMARY KEY (`id`),
  KEY `concession_masters_user_id_foreign` (`user_id`),
  KEY `concession_masters_deal_id_foreign` (`deal_id`)
) ENGINE=InnoDB AUTO_INCREMENT=75 DEFAULT CHARSET=utf8mb4 COLLATE=utf8mb4_unicode_ci;

--
-- Dumping data for table `concession_masters`
--

INSERT INTO `concession_masters` (`id`, `user_id`, `totalAmount`, `deal_id`, `cancelUserId`, `voucherNo`, `remarks`, `cancelDate`, `status`, `created_at`, `updated_at`) VALUES
(14, 1, 210, NULL, NULL, NULL, NULL, NULL, 1, '2018-09-12 01:01:30', '2018-09-12 01:01:30'),
(15, 1, 1720, NULL, 1, NULL, 'PK', '2018-09-12 07:40:54', 0, '2018-09-12 01:04:52', '2018-09-12 02:40:54'),
(16, 1, 660, NULL, 1, NULL, NULL, '2018-09-12 07:40:54', 0, '2018-09-12 01:07:37', '2018-09-12 02:37:31'),
(17, 1, 90, NULL, 1, NULL, NULL, '2018-09-12 07:40:54', 0, '2018-09-12 01:08:32', '2018-09-12 02:37:51'),
(18, 1, 0, NULL, 1, NULL, NULL, '2018-09-12 07:40:54', 0, '2018-09-12 01:08:43', '2018-09-12 02:38:11'),
(19, 1, 380, NULL, NULL, NULL, NULL, NULL, 1, '2018-09-12 01:08:48', '2018-09-12 01:08:48'),
(20, 1, 2340, NULL, NULL, NULL, NULL, NULL, 1, '2018-09-12 01:13:33', '2018-09-12 01:13:33'),
(21, 1, 2000, NULL, NULL, NULL, NULL, NULL, 1, '2018-09-12 03:24:55', '2018-09-12 03:24:55'),
(22, 1, 1140, NULL, NULL, NULL, NULL, NULL, 1, '2018-09-12 03:25:12', '2018-09-12 03:25:12'),
(23, 1, 450, NULL, NULL, NULL, NULL, NULL, 1, '2018-09-12 08:14:00', '2018-09-12 08:14:00'),
(24, 1, 1200, NULL, 1, NULL, 'No Con', '2018-09-18 05:14:14', 0, '2018-09-12 08:43:42', '2018-09-18 12:14:14'),
(25, 1, 600, NULL, NULL, NULL, NULL, NULL, 1, '2018-09-12 08:55:39', '2018-09-12 08:55:39'),
(26, 1, 3580, NULL, NULL, NULL, NULL, NULL, 1, '2018-09-13 02:59:37', '2018-09-13 02:59:37'),
(27, 1, 3280, NULL, NULL, NULL, NULL, NULL, 1, '2018-09-13 03:00:22', '2018-09-13 03:00:22'),
(28, 1, 1930, NULL, NULL, NULL, NULL, NULL, 1, '2018-09-16 11:49:54', '2018-09-16 11:49:54'),
(29, 1, 4290, NULL, NULL, NULL, NULL, NULL, 1, '2018-09-16 17:42:41', '2018-09-16 17:42:41'),
(38, 1, 0, 7, NULL, NULL, NULL, NULL, 1, '2018-09-17 07:02:03', '2018-09-17 07:02:03'),
(39, 1, 0, 7, NULL, NULL, NULL, NULL, 1, '2018-09-17 07:03:47', '2018-09-17 07:03:47'),
(40, 1, 0, 7, NULL, NULL, NULL, NULL, 1, '2018-09-17 07:03:48', '2018-09-17 07:03:48'),
(41, 1, 0, 7, NULL, NULL, NULL, NULL, 1, '2018-09-17 07:06:28', '2018-09-17 07:06:28'),
(42, 1, 0, 7, NULL, NULL, NULL, NULL, 1, '2018-09-17 07:06:28', '2018-09-17 07:06:28'),
(43, 1, 0, 7, NULL, NULL, NULL, NULL, 1, '2018-09-17 07:06:29', '2018-09-17 07:06:29'),
(44, 1, 0, 7, NULL, NULL, NULL, NULL, 1, '2018-09-17 07:08:42', '2018-09-17 07:08:42'),
(45, 1, 340, NULL, NULL, NULL, NULL, NULL, 1, '2018-09-18 06:32:12', '2018-09-18 06:32:12'),
(46, 2, 3930, NULL, NULL, NULL, NULL, NULL, 1, '2018-09-18 09:54:46', '2018-09-18 09:54:46'),
(47, 1, 0, 12, NULL, NULL, NULL, NULL, 1, '2018-09-19 12:08:27', '2018-09-19 12:08:27'),
(48, 1, 0, 12, NULL, NULL, NULL, NULL, 1, '2018-09-19 12:08:27', '2018-09-19 12:08:27'),
(49, 1, 0, 12, NULL, NULL, NULL, NULL, 1, '2018-09-19 12:08:42', '2018-09-19 12:08:42'),
(50, 1, 0, 12, NULL, NULL, NULL, NULL, 1, '2018-09-19 12:08:42', '2018-09-19 12:08:42'),
(51, 1, 0, 12, NULL, NULL, NULL, NULL, 1, '2018-09-19 12:09:01', '2018-09-19 12:09:01'),
(52, 1, 0, 12, NULL, NULL, NULL, NULL, 1, '2018-09-19 12:10:50', '2018-09-19 12:10:50'),
(53, 1, 0, 14, NULL, NULL, NULL, NULL, 1, '2018-09-24 05:35:06', '2018-09-24 05:35:06'),
(54, 1, 0, 14, NULL, NULL, NULL, NULL, 1, '2018-09-24 05:46:12', '2018-09-24 05:46:12'),
(55, 1, 1550, NULL, NULL, NULL, NULL, NULL, 1, '2018-09-25 13:25:12', '2018-09-25 13:25:12'),
(56, 1, 0, 16, NULL, 83116, NULL, NULL, 0, '2018-09-27 05:47:14', '2018-09-27 07:20:23'),
(57, 1, 0, 16, NULL, 57645, NULL, NULL, 1, '2018-09-27 05:47:53', '2018-09-27 05:47:53'),
(58, 1, 0, 16, NULL, 25846, NULL, NULL, 1, '2018-09-27 05:47:54', '2018-09-27 05:47:54'),
(59, 1, 0, 16, NULL, 28569, NULL, NULL, 1, '2018-09-27 05:51:24', '2018-09-27 05:51:24'),
(60, 1, 0, 16, NULL, 38554, NULL, NULL, 1, '2018-09-27 05:52:34', '2018-09-27 05:52:34'),
(61, 1, 0, 16, NULL, 20135, NULL, NULL, 1, '2018-09-27 08:14:45', '2018-09-27 08:14:45'),
(62, 1, 0, 16, NULL, 57414, NULL, NULL, 1, '2018-09-27 08:20:38', '2018-09-27 08:20:38'),
(63, 1, 0, 16, NULL, 12616, NULL, NULL, 1, '2018-09-27 08:21:19', '2018-09-27 08:21:19'),
(64, 1, 0, 16, NULL, 8285, NULL, NULL, 1, '2018-09-27 08:24:38', '2018-09-27 08:24:38'),
(65, 1, 0, 16, NULL, 79389, NULL, NULL, 1, '2018-09-27 08:26:55', '2018-09-27 08:26:55'),
(66, 1, 0, 16, NULL, 23256, NULL, NULL, 1, '2018-09-27 08:44:19', '2018-09-27 08:44:19'),
(67, 1, 0, 16, NULL, 302912, NULL, NULL, 1, '2018-09-27 08:46:43', '2018-09-27 08:46:43'),
(68, 1, 0, 16, NULL, 32523, NULL, NULL, 1, '2018-09-27 08:51:33', '2018-09-27 08:51:33'),
(69, 1, 0, 16, NULL, 55605, NULL, NULL, 1, '2018-09-27 09:15:24', '2018-09-27 09:15:24'),
(70, 1, 3000, NULL, NULL, NULL, NULL, NULL, 1, '2018-09-27 12:46:36', '2018-09-27 12:46:36'),
(71, 1, 900, NULL, NULL, NULL, NULL, NULL, 1, '2018-09-27 12:47:36', '2018-09-27 12:47:36'),
(72, 1, 900, NULL, NULL, NULL, NULL, NULL, 1, '2018-09-27 12:47:39', '2018-09-27 12:47:39'),
(73, 1, 900, NULL, NULL, NULL, NULL, NULL, 1, '2018-09-27 12:47:45', '2018-09-27 12:47:45'),
(74, 1, 300, NULL, NULL, NULL, NULL, NULL, 1, '2018-09-27 12:48:51', '2018-09-27 12:48:51');

-- --------------------------------------------------------

--
-- Table structure for table `deals`
--

DROP TABLE IF EXISTS `deals`;
CREATE TABLE IF NOT EXISTS `deals` (
  `id` int(10) UNSIGNED NOT NULL AUTO_INCREMENT,
  `name` varchar(255) COLLATE utf8mb4_unicode_ci NOT NULL,
  `user_id` int(10) UNSIGNED DEFAULT NULL,
  `movie_id` int(10) UNSIGNED DEFAULT NULL,
  `show_time_id` int(10) UNSIGNED DEFAULT NULL,
  `startDateTime` datetime DEFAULT NULL,
  `endDateTime` datetime DEFAULT NULL,
  `days` text COLLATE utf8mb4_unicode_ci,
  `dayStartTime` time DEFAULT NULL,
  `dayEndTime` time DEFAULT NULL,
  `buyTicket` int(11) NOT NULL,
  `type` text COLLATE utf8mb4_unicode_ci NOT NULL,
  `typeName` text COLLATE utf8mb4_unicode_ci NOT NULL,
  `qty` text COLLATE utf8mb4_unicode_ci NOT NULL,
  `status` tinyint(4) NOT NULL,
  `display` tinyint(1) NOT NULL DEFAULT '1',
  `created_at` timestamp NULL DEFAULT NULL,
  `updated_at` timestamp NULL DEFAULT NULL,
  PRIMARY KEY (`id`),
  KEY `deals_user_id_foreign` (`user_id`),
  KEY `deals_show_time_id_foreign` (`show_time_id`),
  KEY `deals_movie_id_foreign` (`movie_id`)
) ENGINE=InnoDB AUTO_INCREMENT=17 DEFAULT CHARSET=utf8mb4 COLLATE=utf8mb4_unicode_ci;

--
-- Dumping data for table `deals`
--

INSERT INTO `deals` (`id`, `name`, `user_id`, `movie_id`, `show_time_id`, `startDateTime`, `endDateTime`, `days`, `dayStartTime`, `dayEndTime`, `buyTicket`, `type`, `typeName`, `qty`, `status`, `display`, `created_at`, `updated_at`) VALUES
(6, 'Only Sunday', 1, NULL, NULL, '2018-09-16 12:00:00', '2018-09-30 12:00:00', '[\"Sun\"]', NULL, NULL, 3, '[\"ticket\",\"item\"]', '[\"0\",\"1\"]', '[\"2\",\"1\"]', 0, 0, '2018-09-16 04:50:40', '2018-09-17 11:28:11'),
(7, 'Buy 3 tickets get 1 ticket + Item Free', 1, NULL, NULL, '2018-09-17 00:00:00', '2018-09-23 12:00:00', '[\"Mon\",\"Tue\",\"Wed\",\"Thu\",\"Fri\"]', NULL, NULL, 3, '[\"item\",\"package\"]', '[\"3\",\"1\"]', '[\"3\",\"1\"]', 0, 0, '2018-09-16 19:03:51', '2018-09-17 11:26:14'),
(12, 'Buy 3 tickets get 1 ticket + Item Free', 1, NULL, NULL, '2018-09-17 12:00:00', '2018-09-23 12:00:00', '[\"Mon\",\"Tue\",\"Wed\",\"Thu\",\"Fri\"]', NULL, NULL, 3, '[\"item\",\"package\"]', '[\"3\",\"1\"]', '[\"3\",\"1\"]', 0, 0, '2018-09-17 11:26:15', '2018-09-27 05:46:52'),
(13, 'Only Sunday', 1, NULL, NULL, '2018-09-16 12:00:00', '2018-09-30 12:00:00', '[\"Sun\"]', NULL, NULL, 3, '[\"ticket\",\"item\"]', '[\"0\",\"1\"]', '[\"2\",\"1\"]', 0, 1, '2018-09-17 11:28:11', '2018-09-27 05:46:23'),
(14, 'Week Days', 1, NULL, NULL, '2018-09-16 12:00:00', '2018-10-31 12:00:00', '[\"Mon\",\"Tue\",\"Wed\",\"Thu\",\"Fri\"]', '16:33:00', '03:00:00', 4, '[\"ticket\",\"item\"]', '[\"0\",\"1\"]', '[\"1\",\"1\"]', 0, 0, '2018-09-17 11:30:30', '2018-09-25 06:03:43'),
(15, 'Week Days', 1, NULL, NULL, '2018-09-16 12:00:00', '2018-10-31 12:00:00', '[\"Mon\",\"Tue\",\"Wed\",\"Thu\",\"Fri\",\"Sat\"]', NULL, NULL, 4, '[\"ticket\"]', '[\"0\"]', '[\"1\"]', 1, 1, '2018-09-25 06:03:43', '2018-09-25 10:15:32'),
(16, 'Buy 3 tickets get 1 ticket + Item Free', 1, NULL, NULL, '2018-09-26 12:00:00', '2018-09-30 05:00:00', '[\"Mon\",\"Tue\",\"Wed\",\"Thu\",\"Fri\"]', NULL, NULL, 3, '[\"item\",\"package\"]', '[\"3\",\"1\"]', '[\"3\",\"1\"]', 1, 1, '2018-09-27 05:46:53', '2018-09-27 05:46:53');

-- --------------------------------------------------------

--
-- Table structure for table `distributers`
--

DROP TABLE IF EXISTS `distributers`;
CREATE TABLE IF NOT EXISTS `distributers` (
  `id` int(10) UNSIGNED NOT NULL AUTO_INCREMENT,
  `name` varchar(255) COLLATE utf8mb4_unicode_ci NOT NULL,
  `description` varchar(255) COLLATE utf8mb4_unicode_ci DEFAULT NULL,
  `establishedYear` varchar(255) COLLATE utf8mb4_unicode_ci DEFAULT NULL,
  `created_at` timestamp NULL DEFAULT NULL,
  `updated_at` timestamp NULL DEFAULT NULL,
  PRIMARY KEY (`id`)
) ENGINE=InnoDB AUTO_INCREMENT=5 DEFAULT CHARSET=utf8mb4 COLLATE=utf8mb4_unicode_ci;

--
-- Dumping data for table `distributers`
--

INSERT INTO `distributers` (`id`, `name`, `description`, `establishedYear`, `created_at`, `updated_at`) VALUES
(3, 'The Maker', NULL, '2016', '2018-08-09 05:36:33', '2018-08-09 06:17:04'),
(4, 'New Gate', NULL, '2000', '2018-08-09 06:17:28', '2018-08-09 06:17:28');

-- --------------------------------------------------------

--
-- Table structure for table `food_categories`
--

DROP TABLE IF EXISTS `food_categories`;
CREATE TABLE IF NOT EXISTS `food_categories` (
  `id` int(10) UNSIGNED NOT NULL AUTO_INCREMENT,
  `name` varchar(255) COLLATE utf8mb4_unicode_ci NOT NULL,
  `created_at` timestamp NULL DEFAULT NULL,
  `updated_at` timestamp NULL DEFAULT NULL,
  PRIMARY KEY (`id`)
) ENGINE=InnoDB AUTO_INCREMENT=7 DEFAULT CHARSET=utf8mb4 COLLATE=utf8mb4_unicode_ci;

--
-- Dumping data for table `food_categories`
--

INSERT INTO `food_categories` (`id`, `name`, `created_at`, `updated_at`) VALUES
(2, 'food', '2018-08-10 06:30:59', '2018-08-10 06:30:59'),
(3, 'Drinks', '2018-08-10 06:31:07', '2018-08-10 06:31:07'),
(4, 'snack', '2018-08-10 06:31:15', '2018-08-10 06:37:41'),
(5, 'combo', '2018-08-10 06:38:05', '2018-08-10 06:38:05'),
(6, 'deals', '2018-08-10 06:38:10', '2018-08-10 06:38:10');

-- --------------------------------------------------------

--
-- Table structure for table `food_stalls`
--

DROP TABLE IF EXISTS `food_stalls`;
CREATE TABLE IF NOT EXISTS `food_stalls` (
  `id` int(10) UNSIGNED NOT NULL AUTO_INCREMENT,
  `name` varchar(255) COLLATE utf8mb4_unicode_ci NOT NULL,
  `size` varchar(255) COLLATE utf8mb4_unicode_ci NOT NULL,
  `contractType` varchar(255) COLLATE utf8mb4_unicode_ci NOT NULL,
  `contractAmount` int(11) NOT NULL,
  `date` date NOT NULL,
  `description` text COLLATE utf8mb4_unicode_ci,
  `status` tinyint(255) NOT NULL,
  `created_at` timestamp NULL DEFAULT NULL,
  `updated_at` timestamp NULL DEFAULT NULL,
  PRIMARY KEY (`id`)
) ENGINE=InnoDB AUTO_INCREMENT=2 DEFAULT CHARSET=utf8mb4 COLLATE=utf8mb4_unicode_ci;

--
-- Dumping data for table `food_stalls`
--

INSERT INTO `food_stalls` (`id`, `name`, `size`, `contractType`, `contractAmount`, `date`, `description`, `status`, `created_at`, `updated_at`) VALUES
(1, 'Stall 1', '50x50', 'Yearly', 500, '2018-08-28', 'mkaniwn', 1, '2018-08-27 09:12:41', '2018-08-27 09:12:41');

-- --------------------------------------------------------

--
-- Table structure for table `items`
--

DROP TABLE IF EXISTS `items`;
CREATE TABLE IF NOT EXISTS `items` (
  `id` int(10) UNSIGNED NOT NULL AUTO_INCREMENT,
  `name` varchar(255) COLLATE utf8mb4_unicode_ci NOT NULL,
  `description` varchar(255) COLLATE utf8mb4_unicode_ci DEFAULT NULL,
  `measuringUnit` varchar(255) COLLATE utf8mb4_unicode_ci NOT NULL,
  `foodCategory_id` int(10) UNSIGNED NOT NULL,
  `defaultPrice` int(11) NOT NULL,
  `costPrice` int(11) NOT NULL,
  `image` varchar(255) COLLATE utf8mb4_unicode_ci NOT NULL,
  `displayOrder` int(11) DEFAULT NULL,
  `bgColor` varchar(255) COLLATE utf8mb4_unicode_ci DEFAULT NULL,
  `status` tinyint(4) NOT NULL,
  `created_at` timestamp NULL DEFAULT NULL,
  `updated_at` timestamp NULL DEFAULT NULL,
  PRIMARY KEY (`id`),
  KEY `items_foodcategory_id_foreign` (`foodCategory_id`)
) ENGINE=InnoDB AUTO_INCREMENT=10 DEFAULT CHARSET=utf8mb4 COLLATE=utf8mb4_unicode_ci;

--
-- Dumping data for table `items`
--

INSERT INTO `items` (`id`, `name`, `description`, `measuringUnit`, `foodCategory_id`, `defaultPrice`, `costPrice`, `image`, `displayOrder`, `bgColor`, `status`, `created_at`, `updated_at`) VALUES
(1, 'popCorns', 'small', 'bag', 2, 70, 70, '3963shot3.PNG', 2, '#00FFFF', 1, '2018-08-10 07:47:22', '2018-08-11 06:11:21'),
(3, 'lays', 'lAys', 'bag', 4, 100, 100, '3162business.jpg', 4, 'Blue', 1, '2018-08-13 05:54:02', '2018-09-12 07:59:07'),
(4, '7up', 'drink', 'Bottle', 3, 60, 60, '1574media-agency.jpg', 5, '#CCCC33', 1, '2018-08-13 05:54:53', '2018-08-13 05:54:53'),
(5, 'Ice Cream', 'Walls', 'bag', 2, 100, 52, '220418.jpg', 1, '#FF0000', 1, '2018-09-11 05:51:48', '2018-09-12 08:55:54'),
(6, 'Marinda', '250ml', 'Bottle', 3, 45, 40, '39026-1.jpg', 2, '#e3752c', 1, '2018-09-11 05:53:37', '2018-09-11 05:53:37'),
(8, 'can', '300 gm', 'bag', 3, 45, 40, '15386-1.jpg', 213, '#99FFCC', 0, '2018-09-12 08:04:27', '2018-09-12 08:18:46'),
(9, '3D Glasses', 'For 3D movies', 'Each', 6, 300, 200, '6722018-09-19 (6).png', 1, '#C0C0C0', 1, '2018-09-27 12:44:35', '2018-09-27 12:44:35');

-- --------------------------------------------------------

--
-- Table structure for table `logos`
--

DROP TABLE IF EXISTS `logos`;
CREATE TABLE IF NOT EXISTS `logos` (
  `id` int(10) UNSIGNED NOT NULL AUTO_INCREMENT,
  `logo` varchar(255) COLLATE utf8mb4_unicode_ci NOT NULL,
  `created_at` timestamp NULL DEFAULT NULL,
  `updated_at` timestamp NULL DEFAULT NULL,
  PRIMARY KEY (`id`)
) ENGINE=InnoDB AUTO_INCREMENT=2 DEFAULT CHARSET=utf8mb4 COLLATE=utf8mb4_unicode_ci;

--
-- Dumping data for table `logos`
--

INSERT INTO `logos` (`id`, `logo`, `created_at`, `updated_at`) VALUES
(1, '469010.jpg', NULL, '2018-08-19 06:43:53');

-- --------------------------------------------------------

--
-- Table structure for table `menus`
--

DROP TABLE IF EXISTS `menus`;
CREATE TABLE IF NOT EXISTS `menus` (
  `id` int(10) UNSIGNED NOT NULL AUTO_INCREMENT,
  `name` varchar(255) COLLATE utf8mb4_unicode_ci NOT NULL,
  `path` varchar(255) COLLATE utf8mb4_unicode_ci DEFAULT NULL,
  `route` varchar(255) COLLATE utf8mb4_unicode_ci DEFAULT NULL,
  `parent_id` int(11) DEFAULT NULL,
  `type_id` int(11) DEFAULT NULL,
  `sort_order` int(11) DEFAULT NULL,
  `arrange_order` varchar(25) COLLATE utf8mb4_unicode_ci DEFAULT NULL,
  `status` tinyint(1) NOT NULL,
  `created_at` timestamp NULL DEFAULT NULL,
  `updated_at` timestamp NULL DEFAULT NULL,
  PRIMARY KEY (`id`)
) ENGINE=InnoDB AUTO_INCREMENT=146 DEFAULT CHARSET=utf8mb4 COLLATE=utf8mb4_unicode_ci;

--
-- Dumping data for table `menus`
--

INSERT INTO `menus` (`id`, `name`, `path`, `route`, `parent_id`, `type_id`, `sort_order`, `arrange_order`, `status`, `created_at`, `updated_at`) VALUES
(1, 'Movie', NULL, NULL, NULL, NULL, 1, NULL, 1, NULL, NULL),
(2, 'View Films', 'movie', 'movie.index', 114, 1, 3, 'v', 1, NULL, NULL),
(3, 'Add Film', 'movie/create', 'movie.create', 114, 1, 4, 'c', 1, NULL, NULL),
(4, 'Edit Film', NULL, 'movie.edit', 114, 1, 5, 'e', 1, NULL, NULL),
(5, 'View Distributers', 'distributer', 'distributer.index', 115, 1, 8, 'v', 1, NULL, NULL),
(6, 'Add Distributer', 'distributer/create', 'distributer.create', 115, 1, 9, 'c', 1, NULL, NULL),
(7, 'Edit Distributer', '', 'distributer.edit', 115, 1, 9, 'e', 1, NULL, NULL),
(8, 'View Schedulings', 'showTime', 'showTime.index', 116, 1, 12, 'v', 1, NULL, NULL),
(9, 'Add Scheduling', 'showTime/create', 'showTime.create', 116, 1, 13, 'c', 1, NULL, NULL),
(10, 'Edit Scheduling', NULL, 'showTime.edit', 116, 1, 14, 'e', 1, NULL, NULL),
(11, 'Ticket', NULL, NULL, NULL, NULL, 16, NULL, 1, NULL, NULL),
(12, 'View Ticket Types', 'ticket', 'ticket.index', 117, 11, 18, 'v', 1, NULL, NULL),
(13, 'Add Ticket Type', 'ticket/create', 'ticket.create', 117, 11, 19, 'c', 1, NULL, NULL),
(14, 'Edit Ticket Type', NULL, 'ticket.edit', 117, 11, 20, 'e', 1, NULL, NULL),
(15, 'Concessions', NULL, NULL, NULL, NULL, 22, NULL, 1, NULL, NULL),
(16, 'View Item', 'item', 'item.index', 118, 15, 24, 'v', 1, NULL, NULL),
(17, 'Add Item', 'item/create', 'item.create', 118, 15, 25, 'c', 1, NULL, NULL),
(18, 'Edit Item', NULL, 'item.edit', 118, 15, 26, 'e', 1, NULL, NULL),
(19, 'View Package', 'package', 'package.index', 119, 15, 29, 'v', 1, NULL, NULL),
(20, 'Add Package', 'package/create', 'package.create', 119, 15, 30, 'c', 1, NULL, NULL),
(21, 'Edit Package', NULL, 'package.edit', 119, 15, 31, 'e', 1, NULL, NULL),
(22, 'View FoodStall', 'foodStall', 'foodStall.index', 120, 15, 34, 'v', 1, NULL, NULL),
(23, 'Add FoodStall', 'foodStall/create', 'foodStall.create', 120, 15, 35, 'c', 1, NULL, NULL),
(24, 'Edit FoodStall', NULL, 'foodStall.edit', 120, 15, 36, 'e', 1, NULL, NULL),
(25, 'Corporate Sales', '', NULL, NULL, NULL, 38, NULL, 1, NULL, NULL),
(26, 'View Voucher Type', 'voucher', 'voucher.index', 121, 25, 40, 'v', 1, NULL, NULL),
(27, 'Add Voucher Type', 'voucher/create', 'voucher.create', 121, 25, 41, 'c', 1, NULL, NULL),
(28, 'Edit Voucher Type', NULL, 'voucher.edit', 121, 25, 42, 'e', 1, NULL, NULL),
(29, 'Show Timing', 'privateShowTime', 'privateShowTime.index', 122, 25, 45, 'v', 1, NULL, NULL),
(30, 'Theaters schedule', 'privateShowTime/create', 'privateShowTime.create', 122, 25, 46, 'c', 1, NULL, NULL),
(31, 'Edit Show Timing', '', 'privateShowTime.edit', 122, 25, 47, 'e', 1, NULL, NULL),
(32, 'View Reports', NULL, NULL, NULL, NULL, 49, 'r', 1, NULL, NULL),
(33, 'Distributors By film', 'filmsByDistributor', 'filmsByDistributor', NULL, 32, 50, 'r', 1, NULL, NULL),
(34, 'Shows by Time', 'showsByTime', 'showsByTime', NULL, 32, 51, 'r', 1, NULL, NULL),
(35, 'Weekly Movie Report', 'weeklyMovieReport', 'weeklyMovieReport', NULL, 32, 52, 'r', 1, NULL, NULL),
(36, 'Item Sales', 'itemSales', 'itemSales', NULL, 32, 53, 'r', 1, NULL, NULL),
(37, 'Single Item Sales', 'singleItemSales', 'singleItemSales', NULL, 32, 54, 'r', 1, NULL, NULL),
(38, 'Single Item Sales by User', 'singleItemSalesByUser', 'singleItemSalesByUser', NULL, 32, 55, 'r', 1, NULL, NULL),
(39, 'Package Sales', 'packageSales', 'packageSales', NULL, 32, 56, 'r', 1, NULL, NULL),
(40, 'Single Package Sales', 'singlePackageSales', 'singlePackageSales', NULL, 32, 57, 'r', 1, NULL, NULL),
(41, 'Package Sales by User', 'packageSalesByUser', 'packageSalesByUser', NULL, 32, 58, 'r', 1, NULL, NULL),
(42, 'Concession Cancellation by Day', 'concessionCancellationByDay', 'concessionCancellationByDay', NULL, 32, 59, 'r', 1, NULL, NULL),
(43, 'Concession Sale by all User', 'concessionSaleByAllUser', 'concessionSaleByAllUser', NULL, 32, 60, 'r', 1, NULL, NULL),
(44, 'Total Seat Booking by day', 'totalSeatBookingByDay', 'totalSeatBookingByDay', NULL, 32, 61, 'r', 1, NULL, NULL),
(45, 'Current Seat Booking by day', 'currentSeatBookingByDay', 'currentSeatBookingByDay', NULL, 32, 62, 'r', 1, NULL, NULL),
(46, 'Advance Booking by day', 'advanceBookingByDay', 'advanceBookingByDay', NULL, 32, 63, 'r', 1, NULL, NULL),
(47, 'Ticket sales by movie', 'ticketSalesByMovie', 'ticketSalesByMovie', NULL, 32, 64, 'r', 1, NULL, NULL),
(48, 'Number of Ticket sales by movie', 'numberOfTicketSalesByMovie', 'numberOfTicketSalesByMovie', NULL, 32, 65, 'r', 1, NULL, NULL),
(49, 'Advance Ticket sales by movie', 'advanceTicketSalesByMovie', 'advanceTicketSalesByMovie', NULL, 32, 66, 'r', 1, NULL, NULL),
(50, 'Number of Advance Ticket sales by movie', 'numberOfAdvanceTicketSalesByMovie', 'numberOfAdvanceTicketSalesByMovie', NULL, 32, 67, 'r', 1, NULL, NULL),
(51, 'Cash in hand by day', 'cashInHandByDay', 'cashInHandByDay', NULL, 32, 68, 'r', 1, NULL, NULL),
(52, 'Cash in hand by User', 'cashInHandByUser', 'cashInHandByUser', NULL, 32, 69, 'r', 1, NULL, NULL),
(53, 'Ticket Cancellation by Day', 'ticketCancellationByDay', 'ticketCancellationByDay', NULL, 32, 70, 'r', 1, NULL, NULL),
(70, 'View Screen', 'screen', 'screen.index', 124, 123, 73, 'v', 1, NULL, NULL),
(71, 'Add Screen', '', 'screen.create', 124, 123, 74, 'c', 1, NULL, NULL),
(72, 'Edit Screen', '', 'screen.edit', 124, 123, 75, 'e', 1, NULL, NULL),
(73, 'View Actor', 'moviePerson', 'moviePerson.index', 125, 123, 78, 'v', 1, NULL, NULL),
(74, 'Add Actor', 'moviePerson/create', 'moviePerson.create', 125, 123, 79, 'c', 1, NULL, NULL),
(75, 'Edit Actor', NULL, 'moviePerson.edit', 125, 123, 80, 'e', 1, NULL, NULL),
(76, 'View User', 'user', 'user.index', 126, 123, 83, 'v', 1, NULL, NULL),
(77, 'Add User', 'user/create', 'user.create', 126, 123, 84, 'c', 1, NULL, NULL),
(78, 'Edit User', NULL, 'user.edit', 126, 123, 85, 'e', 1, NULL, NULL),
(79, 'View Food Categories', 'foodCategories', 'foodCategories.index', 127, 123, 88, 'v', 1, NULL, NULL),
(80, 'Add Food Categories', 'foodCategories/create', 'foodCategories.create', 127, 123, 89, 'c', 1, NULL, NULL),
(81, 'Edit Food Categories', NULL, 'foodCategories.edit', 127, 123, 90, 'e', 1, NULL, NULL),
(82, 'Timing', 'timing', 'timing.index', 129, 123, 96, 'v', 1, NULL, NULL),
(83, 'logo', 'logo', 'logo.index', 129, 123, 97, 'v', 1, NULL, NULL),
(84, 'Slide Show', 'slideShow', 'slideShow.index', 128, 123, 93, 'v', 1, NULL, NULL),
(85, 'Setting', 'setting', 'setting.index', 129, 123, 100, 'v', 1, NULL, NULL),
(100, 'Delete Film', NULL, 'movie.destroy', 114, 1, 6, 'd', 1, NULL, NULL),
(101, 'Delete Distributer', NULL, 'distributer.destroy', 115, 1, 10, 'd', 1, NULL, NULL),
(102, 'Delete Scheduling', NULL, 'showTime.destroy', 116, 1, 15, 'd', 1, NULL, NULL),
(103, 'Delete Ticket Type', NULL, 'ticket.destroy', 117, 11, 21, 'd', 1, NULL, NULL),
(104, 'Delete Item', NULL, 'item.destroy', 118, 15, 27, 'd', 1, NULL, NULL),
(105, 'Delete Package', NULL, 'package.destroy', 119, 15, 32, 'd', 1, NULL, NULL),
(106, 'Delete FoodStall', NULL, 'foodStall.destroy', 120, 15, 37, 'd', 1, NULL, NULL),
(107, 'Delete Voucher Type', NULL, 'voucher.destroy', 121, 25, 43, 'd', 1, NULL, NULL),
(108, 'Delete Theaters Schedule', NULL, 'privateShowTime.destroy', 122, 25, 48, 'd', 1, NULL, NULL),
(109, 'Delete Screen', NULL, 'screen.destroy', 124, 123, 76, 'd', 1, NULL, NULL),
(110, 'Delete Actor', NULL, 'moviePerson.destroy', 125, 123, 81, 'd', 1, NULL, NULL),
(111, 'Delete User', NULL, 'user.destroy', 126, 123, 86, 'd', 1, NULL, NULL),
(112, 'Delete Food Category', NULL, 'foodCategories.destroy', 127, 123, 91, 'd', 1, NULL, NULL),
(113, 'Delete Slide Show', NULL, 'slideShow.destroy', 128, 123, 94, 'd', 1, NULL, NULL),
(114, 'Films', NULL, NULL, NULL, 1, 2, NULL, 1, NULL, NULL),
(115, 'Distributer', NULL, NULL, NULL, 1, 7, NULL, 1, NULL, NULL),
(116, 'Scheduling', NULL, NULL, NULL, 1, 11, NULL, 1, NULL, NULL),
(117, 'Ticket Type', NULL, NULL, NULL, 11, 17, NULL, 1, NULL, NULL),
(118, 'Item', NULL, NULL, NULL, 15, 23, NULL, 1, NULL, NULL),
(119, 'Package', NULL, NULL, NULL, 15, 28, NULL, 1, NULL, NULL),
(120, 'Food Stall', NULL, NULL, NULL, 15, 33, NULL, 1, NULL, NULL),
(121, 'Voucher Type', NULL, NULL, NULL, 25, 39, NULL, 1, NULL, NULL),
(122, 'Theaters Schedule', NULL, NULL, NULL, 25, 44, NULL, 1, NULL, NULL),
(123, 'More Options', NULL, NULL, NULL, NULL, 71, NULL, 1, NULL, NULL),
(124, 'Screen', NULL, NULL, NULL, 123, 72, NULL, 1, NULL, NULL),
(125, 'Actor', NULL, NULL, NULL, 123, 77, NULL, 1, NULL, NULL),
(126, 'User', NULL, NULL, NULL, 123, 82, NULL, 1, NULL, NULL),
(127, 'Food Category', NULL, NULL, NULL, 123, 87, NULL, 1, NULL, NULL),
(128, 'Slide Show', NULL, NULL, NULL, 123, 92, NULL, 1, NULL, NULL),
(129, 'Setting', NULL, NULL, NULL, 123, 95, NULL, 1, NULL, NULL),
(130, 'Terminal', NULL, NULL, NULL, NULL, 101, 't', 1, NULL, NULL),
(131, 'Tickets', NULL, NULL, NULL, 130, 102, 't', 1, NULL, NULL),
(132, 'Book Tickets', 'booking', 'bookTicket', 131, 130, 103, 't', 1, NULL, NULL),
(133, 'Reprint Tickets', 'reprintTickets', 'reprintTickets', 131, 130, 104, 't', 1, NULL, NULL),
(134, 'Cancel Tickets', 'cancelTicket', 'cancelTicket', 131, 130, 105, 't', 1, NULL, NULL),
(135, 'Cancel Locked Seat', 'cancelLockedSeat', 'cancelLockedSeat', 131, 130, 106, 't', 1, NULL, NULL),
(136, 'Reserve Ticket', NULL, NULL, NULL, 130, 107, 't', 1, NULL, NULL),
(137, 'Book Reserve Ticket', 'advBooking', 'advanceBooking', 136, 130, 108, 't', 1, NULL, NULL),
(138, 'View Reserve Booking', 'viewReserve', 'viewReserve.index', 136, 130, 109, 't', 1, NULL, NULL),
(139, 'Concessions', NULL, NULL, NULL, 130, 110, 't', 1, NULL, NULL),
(140, 'Book Concession', 'bookConcession', 'bookConcession', 139, 130, 111, 't', 1, NULL, NULL),
(141, 'Cancel Concession', 'cancelConcession', 'cancelConcession', 139, 130, 112, 't', 1, NULL, NULL),
(142, 'Terminal', NULL, NULL, NULL, 123, 98, 'v', 1, NULL, NULL),
(143, 'Terminal', 'terminal', 'terminal', 142, 123, 99, 'v', 1, NULL, NULL),
(144, 'Ticket Sales By User', 'ticketSalesByUser', 'ticketSalesByUser', NULL, 32, 113, 'r', 0, NULL, NULL),
(145, 'Voucher Concession', 'voucherConcession', 'voucherConcession', 139, 130, 114, 't', 1, NULL, NULL);

-- --------------------------------------------------------

--
-- Table structure for table `migrations`
--

DROP TABLE IF EXISTS `migrations`;
CREATE TABLE IF NOT EXISTS `migrations` (
  `id` int(10) UNSIGNED NOT NULL AUTO_INCREMENT,
  `migration` varchar(255) COLLATE utf8mb4_unicode_ci NOT NULL,
  `batch` int(11) NOT NULL,
  PRIMARY KEY (`id`)
) ENGINE=InnoDB AUTO_INCREMENT=31 DEFAULT CHARSET=utf8mb4 COLLATE=utf8mb4_unicode_ci;

--
-- Dumping data for table `migrations`
--

INSERT INTO `migrations` (`id`, `migration`, `batch`) VALUES
(1, '2014_10_12_000000_create_users_table', 1),
(2, '2014_10_12_100000_create_password_resets_table', 2),
(4, '2018_08_09_053345_create_distributers_table', 2),
(5, '2018_08_09_053408_create_movies_table', 2),
(6, '2018_08_09_053841_create_movie_people_table', 2),
(7, '2018_08_10_072530_create_tickets_table', 3),
(8, '2018_08_10_103543_create_food_categories_table', 4),
(9, '2018_08_10_103701_create_items_table', 4),
(10, '2018_08_11_114104_create_packages_table', 5),
(11, '2018_08_13_061955_create_food_stalls_table', 6),
(12, '2018_08_13_072806_create_vouchers_table', 7),
(13, '2018_08_13_112803_create_screens_table', 8),
(14, '2018_08_15_054558_create_timings_table', 9),
(15, '2018_08_15_060044_create_show_times_table', 10),
(16, '2018_08_19_111425_create_logos_table', 11),
(17, '2018_08_19_114657_create_slide_shows_table', 12),
(18, '2018_08_19_132656_create_settings_table', 13),
(20, '2018_08_09_051606_create_menus_table', 14),
(21, '2018_08_20_121515_create_permissions_table', 15),
(22, '2018_08_29_072356_create_bookings_table', 16),
(23, '2018_08_30_061922_create_advance_bookings_table', 17),
(24, '2018_08_30_064612_create_seats_table', 18),
(25, '2018_09_04_101411_create_printed_tickets_table', 19),
(26, '2018_09_11_124753_create_concession_masters_table', 20),
(27, '2018_09_11_125406_create_concession_details_table', 20),
(28, '2018_09_14_060209_create_deals_table', 21),
(29, '2018_09_14_140307_create_deals_table', 22),
(30, '2018_09_15_194524_create_deals_table', 23);

-- --------------------------------------------------------

--
-- Table structure for table `movies`
--

DROP TABLE IF EXISTS `movies`;
CREATE TABLE IF NOT EXISTS `movies` (
  `id` int(10) UNSIGNED NOT NULL AUTO_INCREMENT,
  `title` varchar(255) COLLATE utf8mb4_unicode_ci NOT NULL,
  `distributer_id` int(10) UNSIGNED NOT NULL,
  `rating` varchar(255) COLLATE utf8mb4_unicode_ci DEFAULT NULL,
  `releaseDate` date DEFAULT NULL,
  `genre` varchar(255) COLLATE utf8mb4_unicode_ci NOT NULL,
  `duration` int(11) NOT NULL,
  `nationalCode` varchar(255) COLLATE utf8mb4_unicode_ci DEFAULT NULL,
  `format` varchar(255) COLLATE utf8mb4_unicode_ci DEFAULT NULL,
  `contractType` varchar(255) COLLATE utf8mb4_unicode_ci DEFAULT NULL,
  `rentalCharges` varchar(255) COLLATE utf8mb4_unicode_ci DEFAULT NULL,
  `distributerSeats` int(11) DEFAULT NULL,
  `contractStartDate` date DEFAULT NULL,
  `actor` varchar(255) COLLATE utf8mb4_unicode_ci DEFAULT NULL,
  `role` text COLLATE utf8mb4_unicode_ci,
  `poster` varchar(255) COLLATE utf8mb4_unicode_ci DEFAULT NULL,
  `synopsis` varchar(255) COLLATE utf8mb4_unicode_ci DEFAULT NULL,
  `trailor` text COLLATE utf8mb4_unicode_ci,
  `status` tinyint(1) DEFAULT NULL,
  `user_id` int(10) UNSIGNED NOT NULL,
  `created_at` timestamp NULL DEFAULT NULL,
  `updated_at` timestamp NULL DEFAULT NULL,
  PRIMARY KEY (`id`),
  KEY `movies_user_id_foreign` (`user_id`),
  KEY `movies_distributer_id_foreign` (`distributer_id`) USING BTREE
) ENGINE=InnoDB AUTO_INCREMENT=14 DEFAULT CHARSET=utf8mb4 COLLATE=utf8mb4_unicode_ci;

--
-- Dumping data for table `movies`
--

INSERT INTO `movies` (`id`, `title`, `distributer_id`, `rating`, `releaseDate`, `genre`, `duration`, `nationalCode`, `format`, `contractType`, `rentalCharges`, `distributerSeats`, `contractStartDate`, `actor`, `role`, `poster`, `synopsis`, `trailor`, `status`, `user_id`, `created_at`, `updated_at`) VALUES
(2, 'avengers', 4, '8', '2018-08-09', 'action, advanture', 160, 'pksss', 'mp4222', NULL, NULL, NULL, NULL, 'null', 'null', 'C:\\wamp\\tmp\\phpE145.tmp', 'Nonee', 'Nonee', 1, 1, '2018-08-09 07:54:44', '2018-08-10 02:13:58'),
(3, 'Doflamingo', 3, '4.5', '2018-08-11', 'Drama', 159, 'PAK', 'mp4', NULL, NULL, 123, '2018-08-10', 'null', 'null', '2962shot3.PNG', 'none', 'none', 1, 1, '2018-08-09 08:29:38', '2018-08-09 08:29:38'),
(4, 'Man Of Steel', 4, '6.5', '2018-08-29', 'action, super natural', 160, 'OP', 'm9', NULL, NULL, 180, '2018-08-11', '[\"Actor 2\",\"Actor 1\"]', '[\"Producers\",\"Writer\"]', '4432Black-Clover-Wallpaper-For-PC-1366x768.jpg', 'qqqqqqeeeee', 'qeeeeeeeeee', 1, 1, '2018-08-10 01:28:55', '2018-08-29 05:46:04'),
(6, 'IT', 4, '7.3', '2018-08-11', 'Horror', 180, '007', 'mm', NULL, NULL, 180, '2018-08-22', '[\"Actor 1\",\"Actor 2\",\"Actor 2\",\"Actor 1\"]', '[\"Writer\",\"Producers\",\"Directors\",\"Actor\"]', '36165.jpg', 'asdasdwfaf', 'qwfqafag', 1, 1, '2018-08-11 02:51:46', '2018-08-11 02:51:46'),
(7, 'New Trailer', 3, NULL, '2018-08-18', 'action, advanture', 15, NULL, NULL, NULL, NULL, 120, NULL, 'null', 'null', '14204.jpg', NULL, NULL, 1, 1, '2018-08-19 01:14:54', '2018-08-19 01:14:54'),
(8, 'The Incredibles 2', 3, '8.5', '2018-09-07', 'action, super natural', 180, '95', 'mp4', NULL, NULL, NULL, '2018-09-07', 'null', 'null', '45796.jpg', NULL, NULL, 1, 2, '2018-09-05 00:24:28', '2018-09-05 00:24:28'),
(9, 'The Mask', 3, '5.6', '2018-09-09', 'comedy', 150, '12', 'mp4', NULL, NULL, NULL, NULL, 'null', 'null', '1270ipad-section.png', 'none', '<iframe width=\"560\" height=\"315\" src=\"https://www.youtube.com/embed/KHLNSxe5Y8A\" frameborder=\"0\" allow=\"autoplay; encrypted-media\" allowfullscreen></iframe>', 1, 1, '2018-09-05 02:47:26', '2018-09-05 02:47:26'),
(10, 'Lost Of Ring', 3, '5.6', '2018-09-09', 'advanture', 190, '5', 'mp4', NULL, NULL, NULL, NULL, 'null', 'null', '1048slider-iphone.png', 'none', '<iframe width=\"560\" height=\"315\" src=\"https://www.youtube.com/embed/KHLNSxe5Y8A\" frameborder=\"0\" allow=\"autoplay; encrypted-media\" allowfullscreen></iframe>', 1, 1, '2018-09-05 02:48:40', '2018-09-05 02:48:40'),
(11, 'One Piece', 4, '10', '2018-09-09', 'advanture', 900, '84', 'mp', NULL, NULL, NULL, NULL, 'null', 'null', '', '4', 'filename', 1, 1, '2018-09-05 02:50:46', '2018-09-05 02:50:46'),
(12, 'Naruto', 3, '9.9', '2018-09-06', 'advanture', 800, '12', 'mp4', NULL, NULL, NULL, NULL, 'null', 'null', '112s4.png', NULL, NULL, 1, 1, '2018-09-05 02:56:10', '2018-09-05 02:56:10'),
(13, 'Boruto', 4, '8.8', '2018-09-09', 'comedy', 200, '12', 'mp4', NULL, NULL, NULL, NULL, 'null', 'null', '', NULL, NULL, 1, 1, '2018-09-05 02:56:37', '2018-09-05 02:56:37');

-- --------------------------------------------------------

--
-- Table structure for table `movie_people`
--

DROP TABLE IF EXISTS `movie_people`;
CREATE TABLE IF NOT EXISTS `movie_people` (
  `id` int(10) UNSIGNED NOT NULL AUTO_INCREMENT,
  `name` varchar(255) COLLATE utf8mb4_unicode_ci NOT NULL,
  `created_at` timestamp NULL DEFAULT NULL,
  `updated_at` timestamp NULL DEFAULT NULL,
  PRIMARY KEY (`id`)
) ENGINE=InnoDB AUTO_INCREMENT=12 DEFAULT CHARSET=utf8mb4 COLLATE=utf8mb4_unicode_ci;

--
-- Dumping data for table `movie_people`
--

INSERT INTO `movie_people` (`id`, `name`, `created_at`, `updated_at`) VALUES
(10, 'Actor 2', '2018-08-09 07:02:04', '2018-08-09 07:02:04'),
(11, 'Mr Bean', '2018-09-13 02:27:48', '2018-09-13 02:27:48');

-- --------------------------------------------------------

--
-- Table structure for table `packages`
--

DROP TABLE IF EXISTS `packages`;
CREATE TABLE IF NOT EXISTS `packages` (
  `id` int(10) UNSIGNED NOT NULL AUTO_INCREMENT,
  `name` varchar(255) COLLATE utf8mb4_unicode_ci NOT NULL,
  `description` varchar(255) COLLATE utf8mb4_unicode_ci DEFAULT NULL,
  `measuringUnit` varchar(255) COLLATE utf8mb4_unicode_ci NOT NULL,
  `foodCategory_id` int(10) UNSIGNED NOT NULL,
  `defaultPrice` int(11) NOT NULL,
  `costPrice` int(11) NOT NULL,
  `image` varchar(255) COLLATE utf8mb4_unicode_ci NOT NULL,
  `displayOrder` int(11) DEFAULT NULL,
  `bgColor` varchar(255) COLLATE utf8mb4_unicode_ci DEFAULT NULL,
  `itemName` text COLLATE utf8mb4_unicode_ci NOT NULL,
  `itemPrice` text COLLATE utf8mb4_unicode_ci NOT NULL,
  `itemQty` text COLLATE utf8mb4_unicode_ci NOT NULL,
  `status` varchar(255) COLLATE utf8mb4_unicode_ci NOT NULL,
  `display` int(11) NOT NULL DEFAULT '1',
  `created_at` timestamp NULL DEFAULT NULL,
  `updated_at` timestamp NULL DEFAULT NULL,
  PRIMARY KEY (`id`),
  KEY `packages_foodcategory_id_foreign` (`foodCategory_id`)
) ENGINE=InnoDB AUTO_INCREMENT=6 DEFAULT CHARSET=utf8mb4 COLLATE=utf8mb4_unicode_ci;

--
-- Dumping data for table `packages`
--

INSERT INTO `packages` (`id`, `name`, `description`, `measuringUnit`, `foodCategory_id`, `defaultPrice`, `costPrice`, `image`, `displayOrder`, `bgColor`, `itemName`, `itemPrice`, `itemQty`, `status`, `display`, `created_at`, `updated_at`) VALUES
(1, 'Nbox', 'Normal stuf', 'Each', 5, 390, 270, '1452ecommerce.jpg', 4, '#E00000', '[\"popCorns\",\"Can\"]', '[\"70\",\"50\"]', '[\"2\",\"5\"]', '1', 1, '2018-08-13 00:18:24', '2018-08-13 00:18:24'),
(3, 'combo', 'faadaw', 'bag', 3, 370, 21, '2081resume.jpg', 3, '#9933FF', '[\"can\",\"popCorns\",\"popCorns\"]', '[\"45\",\"70\",\"70\"]', '[\"2\",\"2\",\"2\"]', '1', 1, '2018-08-13 05:24:11', '2018-09-12 08:11:19'),
(4, 'Box ?', '300 meter', 'bag', 5, 300, 200, '236AIr Live.png', 11, '#99FFCC', '[\"lays\"]', '[\"100\"]', '[\"3\"]', '1', 0, '2018-09-12 08:43:16', '2018-09-12 13:37:03'),
(5, '3D Glasses Pack', 'Not free', 'Each', 6, 1500, 900, '31512018-09-19 (6).png', 1, '#C0C0C0', '[\"3D Glasses\"]', '[\"300\"]', '[\"5\"]', '1', 1, '2018-09-27 12:46:08', '2018-09-27 12:46:08');

-- --------------------------------------------------------

--
-- Table structure for table `password_resets`
--

DROP TABLE IF EXISTS `password_resets`;
CREATE TABLE IF NOT EXISTS `password_resets` (
  `email` varchar(255) COLLATE utf8mb4_unicode_ci NOT NULL,
  `token` varchar(255) COLLATE utf8mb4_unicode_ci NOT NULL,
  `created_at` timestamp NULL DEFAULT NULL
) ENGINE=InnoDB DEFAULT CHARSET=utf8mb4 COLLATE=utf8mb4_unicode_ci;

-- --------------------------------------------------------

--
-- Table structure for table `permissions`
--

DROP TABLE IF EXISTS `permissions`;
CREATE TABLE IF NOT EXISTS `permissions` (
  `id` int(10) UNSIGNED NOT NULL AUTO_INCREMENT,
  `user_id` int(10) UNSIGNED NOT NULL,
  `menu_id` int(10) UNSIGNED NOT NULL,
  `status` tinyint(1) NOT NULL,
  `created_at` timestamp NULL DEFAULT NULL,
  `updated_at` timestamp NULL DEFAULT NULL,
  PRIMARY KEY (`id`),
  KEY `permissions_menu_id_foreign` (`menu_id`),
  KEY `permissions_user_id_foreign` (`user_id`)
) ENGINE=InnoDB AUTO_INCREMENT=4190 DEFAULT CHARSET=utf8mb4 COLLATE=utf8mb4_unicode_ci;

--
-- Dumping data for table `permissions`
--

INSERT INTO `permissions` (`id`, `user_id`, `menu_id`, `status`, `created_at`, `updated_at`) VALUES
(3332, 2, 2, 1, '2018-09-27 09:46:17', '2018-09-27 09:46:17'),
(3333, 2, 3, 1, '2018-09-27 09:46:17', '2018-09-27 09:46:17'),
(3334, 2, 4, 1, '2018-09-27 09:46:17', '2018-09-27 09:46:17'),
(3335, 2, 100, 1, '2018-09-27 09:46:17', '2018-09-27 09:46:17'),
(3336, 2, 5, 1, '2018-09-27 09:46:17', '2018-09-27 09:46:17'),
(3337, 2, 6, 1, '2018-09-27 09:46:17', '2018-09-27 09:46:17'),
(3338, 2, 7, 1, '2018-09-27 09:46:17', '2018-09-27 09:46:17'),
(3339, 2, 101, 1, '2018-09-27 09:46:17', '2018-09-27 09:46:17'),
(3340, 2, 8, 1, '2018-09-27 09:46:17', '2018-09-27 09:46:17'),
(3341, 2, 9, 1, '2018-09-27 09:46:17', '2018-09-27 09:46:17'),
(3342, 2, 10, 1, '2018-09-27 09:46:18', '2018-09-27 09:46:18'),
(3343, 2, 102, 1, '2018-09-27 09:46:18', '2018-09-27 09:46:18'),
(3344, 2, 12, 1, '2018-09-27 09:46:18', '2018-09-27 09:46:18'),
(3345, 2, 13, 1, '2018-09-27 09:46:18', '2018-09-27 09:46:18'),
(3346, 2, 14, 1, '2018-09-27 09:46:18', '2018-09-27 09:46:18'),
(3347, 2, 103, 1, '2018-09-27 09:46:18', '2018-09-27 09:46:18'),
(3348, 2, 16, 1, '2018-09-27 09:46:18', '2018-09-27 09:46:18'),
(3349, 2, 19, 1, '2018-09-27 09:46:18', '2018-09-27 09:46:18'),
(3350, 2, 22, 1, '2018-09-27 09:46:18', '2018-09-27 09:46:18'),
(3351, 2, 26, 1, '2018-09-27 09:46:18', '2018-09-27 09:46:18'),
(3352, 2, 29, 1, '2018-09-27 09:46:18', '2018-09-27 09:46:18'),
(3353, 2, 132, 1, '2018-09-27 09:46:18', '2018-09-27 09:46:18'),
(3354, 2, 133, 1, '2018-09-27 09:46:18', '2018-09-27 09:46:18'),
(3355, 2, 134, 1, '2018-09-27 09:46:18', '2018-09-27 09:46:18'),
(3356, 2, 135, 1, '2018-09-27 09:46:18', '2018-09-27 09:46:18'),
(3357, 2, 137, 1, '2018-09-27 09:46:18', '2018-09-27 09:46:18'),
(3358, 2, 138, 1, '2018-09-27 09:46:18', '2018-09-27 09:46:18'),
(3359, 2, 140, 1, '2018-09-27 09:46:18', '2018-09-27 09:46:18'),
(3360, 2, 141, 1, '2018-09-27 09:46:18', '2018-09-27 09:46:18'),
(3361, 2, 70, 1, '2018-09-27 09:46:18', '2018-09-27 09:46:18'),
(3362, 2, 71, 1, '2018-09-27 09:46:18', '2018-09-27 09:46:18'),
(3363, 2, 72, 1, '2018-09-27 09:46:18', '2018-09-27 09:46:18'),
(3364, 2, 109, 1, '2018-09-27 09:46:18', '2018-09-27 09:46:18'),
(3365, 2, 73, 1, '2018-09-27 09:46:19', '2018-09-27 09:46:19'),
(3366, 2, 74, 1, '2018-09-27 09:46:19', '2018-09-27 09:46:19'),
(3367, 2, 75, 1, '2018-09-27 09:46:19', '2018-09-27 09:46:19'),
(3368, 2, 110, 1, '2018-09-27 09:46:19', '2018-09-27 09:46:19'),
(3369, 2, 79, 1, '2018-09-27 09:46:19', '2018-09-27 09:46:19'),
(3370, 2, 80, 1, '2018-09-27 09:46:19', '2018-09-27 09:46:19'),
(3371, 2, 81, 1, '2018-09-27 09:46:19', '2018-09-27 09:46:19'),
(3372, 2, 112, 1, '2018-09-27 09:46:19', '2018-09-27 09:46:19'),
(3373, 2, 84, 1, '2018-09-27 09:46:19', '2018-09-27 09:46:19'),
(3374, 2, 113, 1, '2018-09-27 09:46:19', '2018-09-27 09:46:19'),
(3375, 2, 82, 1, '2018-09-27 09:46:19', '2018-09-27 09:46:19'),
(3376, 2, 83, 1, '2018-09-27 09:46:19', '2018-09-27 09:46:19'),
(3377, 2, 143, 1, '2018-09-27 09:46:19', '2018-09-27 09:46:19'),
(3378, 2, 85, 1, '2018-09-27 09:46:19', '2018-09-27 09:46:19'),
(4105, 1, 2, 1, '2018-09-27 10:24:07', '2018-09-27 10:24:07'),
(4106, 1, 3, 1, '2018-09-27 10:24:07', '2018-09-27 10:24:07'),
(4107, 1, 4, 1, '2018-09-27 10:24:07', '2018-09-27 10:24:07'),
(4108, 1, 100, 1, '2018-09-27 10:24:07', '2018-09-27 10:24:07'),
(4109, 1, 5, 1, '2018-09-27 10:24:08', '2018-09-27 10:24:08'),
(4110, 1, 6, 1, '2018-09-27 10:24:08', '2018-09-27 10:24:08'),
(4111, 1, 7, 1, '2018-09-27 10:24:08', '2018-09-27 10:24:08'),
(4112, 1, 101, 1, '2018-09-27 10:24:08', '2018-09-27 10:24:08'),
(4113, 1, 8, 1, '2018-09-27 10:24:08', '2018-09-27 10:24:08'),
(4114, 1, 9, 1, '2018-09-27 10:24:08', '2018-09-27 10:24:08'),
(4115, 1, 10, 1, '2018-09-27 10:24:08', '2018-09-27 10:24:08'),
(4116, 1, 102, 1, '2018-09-27 10:24:08', '2018-09-27 10:24:08'),
(4117, 1, 12, 1, '2018-09-27 10:24:08', '2018-09-27 10:24:08'),
(4118, 1, 13, 1, '2018-09-27 10:24:08', '2018-09-27 10:24:08'),
(4119, 1, 14, 1, '2018-09-27 10:24:08', '2018-09-27 10:24:08'),
(4120, 1, 103, 1, '2018-09-27 10:24:08', '2018-09-27 10:24:08'),
(4121, 1, 16, 1, '2018-09-27 10:24:08', '2018-09-27 10:24:08'),
(4122, 1, 17, 1, '2018-09-27 10:24:08', '2018-09-27 10:24:08'),
(4123, 1, 18, 1, '2018-09-27 10:24:08', '2018-09-27 10:24:08'),
(4124, 1, 104, 1, '2018-09-27 10:24:08', '2018-09-27 10:24:08'),
(4125, 1, 19, 1, '2018-09-27 10:24:08', '2018-09-27 10:24:08'),
(4126, 1, 20, 1, '2018-09-27 10:24:08', '2018-09-27 10:24:08'),
(4127, 1, 21, 1, '2018-09-27 10:24:08', '2018-09-27 10:24:08'),
(4128, 1, 105, 1, '2018-09-27 10:24:08', '2018-09-27 10:24:08'),
(4129, 1, 22, 1, '2018-09-27 10:24:08', '2018-09-27 10:24:08'),
(4130, 1, 23, 1, '2018-09-27 10:24:08', '2018-09-27 10:24:08'),
(4131, 1, 24, 1, '2018-09-27 10:24:08', '2018-09-27 10:24:08'),
(4132, 1, 106, 1, '2018-09-27 10:24:08', '2018-09-27 10:24:08'),
(4133, 1, 26, 1, '2018-09-27 10:24:08', '2018-09-27 10:24:08'),
(4134, 1, 27, 1, '2018-09-27 10:24:08', '2018-09-27 10:24:08'),
(4135, 1, 28, 1, '2018-09-27 10:24:08', '2018-09-27 10:24:08'),
(4136, 1, 107, 1, '2018-09-27 10:24:08', '2018-09-27 10:24:08'),
(4137, 1, 29, 1, '2018-09-27 10:24:09', '2018-09-27 10:24:09'),
(4138, 1, 30, 1, '2018-09-27 10:24:09', '2018-09-27 10:24:09'),
(4139, 1, 31, 1, '2018-09-27 10:24:09', '2018-09-27 10:24:09'),
(4140, 1, 108, 1, '2018-09-27 10:24:09', '2018-09-27 10:24:09'),
(4141, 1, 132, 1, '2018-09-27 10:24:09', '2018-09-27 10:24:09'),
(4142, 1, 133, 1, '2018-09-27 10:24:09', '2018-09-27 10:24:09'),
(4143, 1, 134, 1, '2018-09-27 10:24:09', '2018-09-27 10:24:09'),
(4144, 1, 135, 1, '2018-09-27 10:24:09', '2018-09-27 10:24:09'),
(4145, 1, 137, 1, '2018-09-27 10:24:09', '2018-09-27 10:24:09'),
(4146, 1, 138, 1, '2018-09-27 10:24:09', '2018-09-27 10:24:09'),
(4147, 1, 140, 1, '2018-09-27 10:24:09', '2018-09-27 10:24:09'),
(4148, 1, 141, 1, '2018-09-27 10:24:09', '2018-09-27 10:24:09'),
(4149, 1, 145, 1, '2018-09-27 10:24:09', '2018-09-27 10:24:09'),
(4150, 1, 33, 1, '2018-09-27 10:24:09', '2018-09-27 10:24:09'),
(4151, 1, 34, 1, '2018-09-27 10:24:09', '2018-09-27 10:24:09'),
(4152, 1, 35, 1, '2018-09-27 10:24:09', '2018-09-27 10:24:09'),
(4153, 1, 36, 1, '2018-09-27 10:24:09', '2018-09-27 10:24:09'),
(4154, 1, 37, 1, '2018-09-27 10:24:09', '2018-09-27 10:24:09'),
(4155, 1, 38, 1, '2018-09-27 10:24:09', '2018-09-27 10:24:09'),
(4156, 1, 39, 1, '2018-09-27 10:24:09', '2018-09-27 10:24:09'),
(4157, 1, 40, 1, '2018-09-27 10:24:09', '2018-09-27 10:24:09'),
(4158, 1, 41, 1, '2018-09-27 10:24:10', '2018-09-27 10:24:10'),
(4159, 1, 42, 1, '2018-09-27 10:24:10', '2018-09-27 10:24:10'),
(4160, 1, 43, 1, '2018-09-27 10:24:10', '2018-09-27 10:24:10'),
(4161, 1, 44, 1, '2018-09-27 10:24:10', '2018-09-27 10:24:10'),
(4162, 1, 45, 1, '2018-09-27 10:24:10', '2018-09-27 10:24:10'),
(4163, 1, 46, 1, '2018-09-27 10:24:10', '2018-09-27 10:24:10'),
(4164, 1, 47, 1, '2018-09-27 10:24:10', '2018-09-27 10:24:10'),
(4165, 1, 48, 1, '2018-09-27 10:24:10', '2018-09-27 10:24:10'),
(4166, 1, 49, 1, '2018-09-27 10:24:10', '2018-09-27 10:24:10'),
(4167, 1, 50, 1, '2018-09-27 10:24:10', '2018-09-27 10:24:10'),
(4168, 1, 51, 1, '2018-09-27 10:24:10', '2018-09-27 10:24:10'),
(4169, 1, 52, 1, '2018-09-27 10:24:10', '2018-09-27 10:24:10'),
(4170, 1, 53, 1, '2018-09-27 10:24:10', '2018-09-27 10:24:10'),
(4171, 1, 144, 1, '2018-09-27 10:24:10', '2018-09-27 10:24:10'),
(4172, 1, 70, 1, '2018-09-27 10:24:10', '2018-09-27 10:24:10'),
(4173, 1, 71, 1, '2018-09-27 10:24:10', '2018-09-27 10:24:10'),
(4174, 1, 72, 1, '2018-09-27 10:24:10', '2018-09-27 10:24:10'),
(4175, 1, 109, 1, '2018-09-27 10:24:10', '2018-09-27 10:24:10'),
(4176, 1, 73, 1, '2018-09-27 10:24:10', '2018-09-27 10:24:10'),
(4177, 1, 74, 1, '2018-09-27 10:24:10', '2018-09-27 10:24:10'),
(4178, 1, 75, 1, '2018-09-27 10:24:11', '2018-09-27 10:24:11'),
(4179, 1, 110, 1, '2018-09-27 10:24:11', '2018-09-27 10:24:11'),
(4180, 1, 79, 1, '2018-09-27 10:24:11', '2018-09-27 10:24:11'),
(4181, 1, 80, 1, '2018-09-27 10:24:11', '2018-09-27 10:24:11'),
(4182, 1, 81, 1, '2018-09-27 10:24:11', '2018-09-27 10:24:11'),
(4183, 1, 112, 1, '2018-09-27 10:24:11', '2018-09-27 10:24:11'),
(4184, 1, 84, 1, '2018-09-27 10:24:11', '2018-09-27 10:24:11'),
(4185, 1, 113, 1, '2018-09-27 10:24:11', '2018-09-27 10:24:11'),
(4186, 1, 82, 1, '2018-09-27 10:24:11', '2018-09-27 10:24:11'),
(4187, 1, 83, 1, '2018-09-27 10:24:11', '2018-09-27 10:24:11'),
(4188, 1, 143, 1, '2018-09-27 10:24:11', '2018-09-27 10:24:11'),
(4189, 1, 85, 1, '2018-09-27 10:24:11', '2018-09-27 10:24:11');

-- --------------------------------------------------------

--
-- Table structure for table `printed_tickets`
--

DROP TABLE IF EXISTS `printed_tickets`;
CREATE TABLE IF NOT EXISTS `printed_tickets` (
  `id` int(10) UNSIGNED NOT NULL AUTO_INCREMENT,
  `booking_id` int(10) UNSIGNED NOT NULL,
  `show_time_id` int(10) UNSIGNED NOT NULL,
  `movie_id` int(10) UNSIGNED NOT NULL,
  `screen_id` int(10) UNSIGNED NOT NULL,
  `user_id` int(10) UNSIGNED NOT NULL,
  `voucherNo` int(11) DEFAULT NULL,
  `batch_id` int(11) NOT NULL,
  `seatNumber` varchar(20) COLLATE utf8mb4_unicode_ci NOT NULL,
  `showTime` datetime NOT NULL,
  `price` int(11) NOT NULL,
  `key` varchar(191) COLLATE utf8mb4_unicode_ci DEFAULT NULL,
  `cancelUserId` int(10) DEFAULT NULL,
  `status` tinyint(1) NOT NULL,
  `created_at` timestamp NULL DEFAULT NULL,
  `updated_at` timestamp NULL DEFAULT NULL,
  PRIMARY KEY (`id`),
  KEY `printed_tickets_show_time_id_foreign` (`show_time_id`),
  KEY `printed_tickets_user_id_foreign` (`user_id`),
  KEY `printed_tickets_movie_id_foreign` (`movie_id`),
  KEY `printed_tickets_screen_id_foreign` (`screen_id`),
  KEY `printed_tickets_booking_id_foreign` (`booking_id`)
) ENGINE=InnoDB AUTO_INCREMENT=250 DEFAULT CHARSET=utf8mb4 COLLATE=utf8mb4_unicode_ci;

--
-- Dumping data for table `printed_tickets`
--

INSERT INTO `printed_tickets` (`id`, `booking_id`, `show_time_id`, `movie_id`, `screen_id`, `user_id`, `voucherNo`, `batch_id`, `seatNumber`, `showTime`, `price`, `key`, `cancelUserId`, `status`, `created_at`, `updated_at`) VALUES
(26, 853, 69, 11, 4, 1, NULL, 767346, 'A-5', '2018-09-12 18:20:00', 400, 'public', 1, 0, '2018-09-12 05:31:08', '2018-09-25 12:39:35'),
(27, 854, 69, 11, 4, 1, NULL, 767346, 'B-5', '2018-09-12 18:20:00', 400, 'public', 1, 0, '2018-09-12 05:31:08', '2018-09-25 12:39:35'),
(28, 855, 69, 11, 4, 1, NULL, 767346, 'C-5', '2018-09-12 18:20:00', 400, 'public', 1, 0, '2018-09-12 05:31:08', '2018-09-25 12:39:35'),
(29, 856, 69, 11, 4, 1, NULL, 767346, 'D-5', '2018-09-12 18:20:00', 400, 'public', 1, 0, '2018-09-12 05:31:08', '2018-09-25 12:39:35'),
(30, 857, 69, 11, 4, 1, NULL, 767346, 'E-5', '2018-09-12 18:20:00', 400, 'public', 1, 0, '2018-09-12 05:31:08', '2018-09-25 12:39:35'),
(31, 858, 69, 11, 4, 1, NULL, 328277, 'B-6', '2018-09-12 18:20:00', 400, 'public', 1, 0, '2018-09-12 05:32:51', '2018-09-25 12:39:35'),
(32, 859, 69, 11, 4, 1, NULL, 328277, 'B-4', '2018-09-12 18:20:00', 400, 'public', 1, 0, '2018-09-12 05:32:51', '2018-09-25 12:39:35'),
(33, 864, 72, 13, 4, 1, NULL, 315597, 'A-5', '2018-09-12 11:00:00', 400, 'public', 1, 0, '2018-09-12 05:50:17', '2018-09-25 12:39:35'),
(34, 865, 72, 13, 4, 1, NULL, 315597, 'A-6', '2018-09-12 11:00:00', 400, 'public', 1, 0, '2018-09-12 05:50:17', '2018-09-25 12:39:35'),
(35, 866, 72, 13, 4, 1, NULL, 315597, 'B-6', '2018-09-12 11:00:00', 400, 'public', 2, 0, '2018-09-12 05:50:17', '2018-09-25 12:39:35'),
(36, 867, 72, 13, 4, 1, NULL, 315597, 'B-5', '2018-09-12 11:00:00', 400, 'public', 2, 0, '2018-09-12 05:50:17', '2018-09-25 12:39:35'),
(37, 868, 72, 13, 4, 1, NULL, 315597, 'C-6', '2018-09-12 11:00:00', 400, 'public', 2, 0, '2018-09-12 05:50:17', '2018-09-25 12:39:35'),
(38, 869, 72, 13, 4, 1, NULL, 315597, 'C-5', '2018-09-12 11:00:00', 400, 'public', NULL, 1, '2018-09-12 05:50:17', '2018-09-25 12:39:35'),
(39, 870, 69, 11, 4, 1, NULL, 928579, 'E-1', '2018-09-12 18:20:00', 400, 'public', NULL, 1, '2018-09-12 05:56:04', '2018-09-25 12:39:35'),
(40, 871, 69, 11, 4, 1, NULL, 928579, 'E-10', '2018-09-12 18:20:00', 400, 'public', NULL, 1, '2018-09-12 05:56:04', '2018-09-25 12:39:35'),
(41, 872, 66, 8, 1, 1, NULL, 827037, 'B-4', '2018-10-07 01:00:00', 1000, 'public', 1, 0, '2018-09-12 05:59:24', '2018-09-27 05:23:02'),
(42, 873, 66, 8, 1, 1, NULL, 827037, 'B-5', '2018-10-07 01:00:00', 1000, 'public', 1, 0, '2018-09-12 05:59:24', '2018-09-27 05:23:03'),
(43, 874, 66, 8, 1, 1, NULL, 827037, 'A-6', '2018-10-07 01:00:00', 1000, 'public', NULL, 1, '2018-09-12 05:59:24', '2018-09-25 12:39:36'),
(44, 878, 65, 2, 4, 1, NULL, 89805, 'C-5', '2018-09-16 19:00:00', 800, 'public', NULL, 1, '2018-09-12 07:55:04', '2018-09-25 12:39:36'),
(45, 879, 65, 2, 4, 1, NULL, 89805, 'C-6', '2018-09-16 19:00:00', 800, 'public', NULL, 1, '2018-09-12 07:55:04', '2018-09-25 12:39:36'),
(46, 884, 59, 2, 1, 1, NULL, 945950, 'B-4', '2018-09-14 11:00:00', 800, 'public', NULL, 1, '2018-09-13 08:53:33', '2018-09-25 12:39:36'),
(47, 885, 59, 2, 1, 1, NULL, 945950, 'B-5', '2018-09-14 11:00:00', 800, 'public', NULL, 1, '2018-09-13 08:53:33', '2018-09-25 12:39:36'),
(48, 886, 59, 2, 1, 1, NULL, 945950, 'A-7', '2018-09-14 11:00:00', 800, 'public', NULL, 1, '2018-09-13 08:53:33', '2018-09-25 12:39:36'),
(49, 887, 59, 2, 1, 1, NULL, 945950, 'A-6', '2018-09-14 11:00:00', 800, 'public', NULL, 1, '2018-09-13 08:53:33', '2018-09-25 12:39:36'),
(50, 1036, 79, 3, 7, 1, NULL, 677771, 'A-7', '2018-09-16 11:00:00', 800, 'public', NULL, 1, '2018-09-16 13:54:25', '2018-09-25 12:39:36'),
(51, 1037, 79, 3, 7, 1, NULL, 677771, 'A-8', '2018-09-16 11:00:00', 800, 'public', NULL, 1, '2018-09-16 13:54:25', '2018-09-25 12:39:36'),
(52, 1038, 79, 3, 7, 1, NULL, 677771, 'A-9', '2018-09-16 11:00:00', 800, 'public', NULL, 1, '2018-09-16 13:54:25', '2018-09-25 12:39:36'),
(53, 1039, 79, 3, 7, 1, NULL, 677771, 'E-9', '2018-09-16 11:00:00', 0, 'public', NULL, 1, '2018-09-16 13:54:25', '2018-09-25 12:39:36'),
(54, 1040, 79, 3, 7, 1, NULL, 677771, 'E-10', '2018-09-16 11:00:00', 0, 'public', NULL, 1, '2018-09-16 13:54:25', '2018-09-25 12:39:36'),
(55, 1041, 79, 3, 7, 1, NULL, 677771, 'E-11', '2018-09-16 11:00:00', 800, 'public', NULL, 1, '2018-09-16 13:54:25', '2018-09-25 12:39:36'),
(56, 1275, 79, 3, 7, 1, NULL, 393314, 'B-11', '2018-09-16 11:00:00', 800, 'public', NULL, 1, '2018-09-16 17:42:10', '2018-09-25 12:39:36'),
(57, 1276, 79, 3, 7, 1, NULL, 393314, 'B-9', '2018-09-16 11:00:00', 800, 'public', NULL, 1, '2018-09-16 17:42:10', '2018-09-25 12:39:36'),
(58, 1277, 79, 3, 7, 1, NULL, 393314, 'B-10', '2018-09-16 11:00:00', 800, 'public', NULL, 1, '2018-09-16 17:42:10', '2018-09-25 12:39:36'),
(59, 1278, 79, 3, 7, 1, NULL, 393314, 'B-12', '2018-09-16 11:00:00', 0, 'public', NULL, 1, '2018-09-16 17:42:10', '2018-09-25 12:39:36'),
(60, 1279, 79, 3, 7, 1, NULL, 393314, 'C-12', '2018-09-16 11:00:00', 0, 'public', NULL, 1, '2018-09-16 17:42:10', '2018-09-25 12:39:36'),
(61, 1280, 79, 3, 7, 1, NULL, 393314, 'C-11', '2018-09-16 11:00:00', 800, 'public', NULL, 1, '2018-09-16 17:42:10', '2018-09-25 12:39:36'),
(62, 1281, 79, 3, 7, 1, NULL, 393314, 'C-10', '2018-09-16 11:00:00', 800, 'public', NULL, 1, '2018-09-16 17:42:11', '2018-09-25 12:39:37'),
(63, 1282, 79, 3, 7, 1, NULL, 393314, 'C-9', '2018-09-16 11:00:00', 800, 'public', NULL, 1, '2018-09-16 17:42:11', '2018-09-25 12:39:37'),
(64, 1283, 79, 3, 7, 1, NULL, 393314, 'C-8', '2018-09-16 11:00:00', 0, 'public', NULL, 1, '2018-09-16 17:42:11', '2018-09-25 12:39:37'),
(65, 1284, 79, 3, 7, 1, NULL, 393314, 'B-8', '2018-09-16 11:00:00', 0, 'public', NULL, 1, '2018-09-16 17:42:11', '2018-09-25 12:39:37'),
(66, 1285, 79, 3, 7, 1, NULL, 393314, 'B-13', '2018-09-16 11:00:00', 800, 'public', NULL, 1, '2018-09-16 17:42:11', '2018-09-25 12:39:37'),
(67, 1286, 79, 3, 7, 1, NULL, 393314, 'C-13', '2018-09-16 11:00:00', 800, 'public', NULL, 1, '2018-09-16 17:42:11', '2018-09-25 12:39:37'),
(68, 1307, 74, 4, 1, 1, NULL, 531000, 'A-1', '2019-02-13 11:00:00', 600, 'public', NULL, 1, '2018-09-17 07:03:30', '2018-09-25 12:39:37'),
(69, 1308, 74, 4, 1, 1, NULL, 531000, 'A-2', '2019-02-13 11:00:00', 600, 'public', NULL, 1, '2018-09-17 07:03:31', '2018-09-25 12:39:37'),
(70, 1309, 74, 4, 1, 1, NULL, 531000, 'A-3', '2019-02-13 11:00:00', 600, 'public', NULL, 1, '2018-09-17 07:03:31', '2018-09-25 12:39:37'),
(71, 1310, 61, 2, 4, 1, NULL, 366945, 'A-3', '2018-10-15 00:00:00', 800, 'public', NULL, 1, '2018-09-17 07:05:57', '2018-09-25 12:39:37'),
(72, 1311, 61, 2, 4, 1, NULL, 366945, 'B-3', '2018-10-15 00:00:00', 800, 'public', NULL, 1, '2018-09-17 07:05:57', '2018-09-25 12:39:37'),
(73, 1312, 61, 2, 4, 1, NULL, 366945, 'C-3', '2018-10-15 00:00:00', 800, 'public', NULL, 1, '2018-09-17 07:05:57', '2018-09-25 12:39:37'),
(74, 1313, 61, 2, 4, 1, NULL, 366945, 'D-3', '2018-10-15 00:00:00', 800, 'public', NULL, 1, '2018-09-17 07:05:57', '2018-09-25 12:39:37'),
(75, 1314, 61, 2, 4, 1, NULL, 366945, 'D-4', '2018-10-15 00:00:00', 800, 'public', NULL, 1, '2018-09-17 07:05:57', '2018-09-25 12:39:37'),
(76, 1315, 61, 2, 4, 1, NULL, 366945, 'D-5', '2018-10-15 00:00:00', 800, 'public', NULL, 1, '2018-09-17 07:05:57', '2018-09-25 12:39:37'),
(77, 1316, 61, 2, 4, 1, NULL, 444961, 'A-6', '2018-10-15 00:00:00', 800, 'public', NULL, 1, '2018-09-17 07:08:23', '2018-09-25 12:39:37'),
(78, 1317, 61, 2, 4, 1, NULL, 444961, 'C-6', '2018-10-15 00:00:00', 800, 'public', NULL, 1, '2018-09-17 07:08:23', '2018-09-25 12:39:37'),
(79, 1318, 61, 2, 4, 1, NULL, 444961, 'B-6', '2018-10-15 00:00:00', 800, 'public', NULL, 1, '2018-09-17 07:08:23', '2018-09-25 12:39:37'),
(80, 1319, 61, 2, 4, 1, NULL, 444961, 'D-6', '2018-10-15 00:00:00', 800, 'public', NULL, 1, '2018-09-17 07:08:23', '2018-09-25 12:39:37'),
(81, 1320, 61, 2, 4, 1, NULL, 444961, 'E-6', '2018-10-15 00:00:00', 800, 'public', NULL, 1, '2018-09-17 07:08:23', '2018-09-25 12:39:37'),
(82, 1321, 61, 2, 4, 1, NULL, 444961, 'E-7', '2018-10-15 00:00:00', 800, 'public', NULL, 1, '2018-09-17 07:08:23', '2018-09-25 12:39:37'),
(83, 1322, 61, 2, 4, 1, NULL, 444961, 'D-7', '2018-10-15 00:00:00', 800, 'public', NULL, 1, '2018-09-17 07:08:23', '2018-09-25 12:39:38'),
(84, 1323, 61, 2, 4, 1, NULL, 444961, 'C-7', '2018-10-15 00:00:00', 800, 'public', NULL, 1, '2018-09-17 07:08:23', '2018-09-25 12:39:38'),
(85, 1324, 61, 2, 4, 1, NULL, 444961, 'B-7', '2018-10-15 00:00:00', 800, 'public', NULL, 1, '2018-09-17 07:08:23', '2018-09-25 12:39:38'),
(86, 1325, 61, 2, 4, 1, NULL, 444961, 'A-7', '2018-10-15 00:00:00', 800, 'public', NULL, 1, '2018-09-17 07:08:23', '2018-09-25 12:39:38'),
(87, 1326, 61, 2, 4, 1, NULL, 444961, 'A-8', '2018-10-15 00:00:00', 800, 'public', NULL, 1, '2018-09-17 07:08:24', '2018-09-25 12:39:38'),
(88, 1327, 74, 4, 1, 1, NULL, 858002, 'B-1', '2019-02-13 11:00:00', 600, 'public', NULL, 1, '2018-09-17 07:10:40', '2018-09-25 12:39:38'),
(89, 1328, 74, 4, 1, 1, NULL, 858002, 'B-2', '2019-02-13 11:00:00', 600, 'public', NULL, 1, '2018-09-17 07:10:40', '2018-09-25 12:39:38'),
(90, 1329, 74, 4, 1, 1, NULL, 858002, 'B-3', '2019-02-13 11:00:00', 600, 'public', NULL, 1, '2018-09-17 07:10:40', '2018-09-25 12:39:38'),
(91, 1330, 66, 8, 1, 1, NULL, 677426, 'B-1', '2018-10-07 01:00:00', 800, 'public', NULL, 1, '2018-09-19 12:08:30', '2018-09-25 12:39:38'),
(92, 1331, 66, 8, 1, 1, NULL, 677426, 'B-2', '2018-10-07 01:00:00', 800, 'public', NULL, 1, '2018-09-19 12:08:30', '2018-09-25 12:39:38'),
(93, 1332, 66, 8, 1, 1, NULL, 677426, 'A-3', '2018-10-07 01:00:00', 800, 'public', NULL, 1, '2018-09-19 12:08:30', '2018-09-25 12:39:38'),
(94, 1333, 66, 8, 1, 1, NULL, 677426, 'A-4', '2018-10-07 01:00:00', 800, 'public', NULL, 1, '2018-09-19 12:08:30', '2018-09-25 12:39:38'),
(95, 1334, 66, 8, 1, 1, NULL, 677426, 'A-2', '2018-10-07 01:00:00', 800, 'public', NULL, 1, '2018-09-19 12:08:30', '2018-09-25 12:39:38'),
(96, 1335, 66, 8, 1, 1, NULL, 677426, 'A-1', '2018-10-07 01:00:00', 800, 'public', NULL, 1, '2018-09-19 12:08:30', '2018-09-25 12:39:38'),
(97, 1336, 60, 2, 4, 1, NULL, 727001, 'B-4', '2018-10-15 11:00:00', 800, 'public', NULL, 1, '2018-09-19 12:08:46', '2018-09-25 12:39:38'),
(98, 1337, 60, 2, 4, 1, NULL, 727001, 'C-4', '2018-10-15 11:00:00', 800, 'public', NULL, 1, '2018-09-19 12:08:46', '2018-09-25 12:39:38'),
(99, 1338, 60, 2, 4, 1, NULL, 727001, 'A-4', '2018-10-15 11:00:00', 800, 'public', NULL, 1, '2018-09-19 12:08:46', '2018-09-25 12:39:38'),
(100, 1339, 60, 2, 4, 1, NULL, 727001, 'B-5', '2018-10-15 11:00:00', 800, 'public', NULL, 1, '2018-09-19 12:08:46', '2018-09-25 12:39:38'),
(101, 1340, 60, 2, 4, 1, NULL, 727001, 'A-5', '2018-10-15 11:00:00', 800, 'public', NULL, 1, '2018-09-19 12:08:47', '2018-09-25 12:39:38'),
(102, 1341, 60, 2, 4, 1, NULL, 727001, 'A-6', '2018-10-15 11:00:00', 800, 'public', NULL, 1, '2018-09-19 12:08:47', '2018-09-25 12:39:38'),
(103, 1342, 60, 2, 4, 1, NULL, 727001, 'B-6', '2018-10-15 11:00:00', 800, 'public', NULL, 1, '2018-09-19 12:08:47', '2018-09-25 12:39:39'),
(104, 1343, 74, 4, 1, 1, NULL, 387952, 'A-7', '2019-02-13 11:00:00', 600, 'public', NULL, 1, '2018-09-19 12:09:04', '2018-09-25 12:39:39'),
(105, 1344, 74, 4, 1, 1, NULL, 387952, 'A-8', '2019-02-13 11:00:00', 600, 'public', NULL, 1, '2018-09-19 12:09:04', '2018-09-25 12:39:39'),
(106, 1345, 74, 4, 1, 1, NULL, 387952, 'A-9', '2019-02-13 11:00:00', 600, 'public', NULL, 1, '2018-09-19 12:09:04', '2018-09-25 12:39:39'),
(107, 1346, 80, 11, 7, 1, NULL, 693239, 'D-10', '2018-09-20 18:00:00', 800, 'public', NULL, 1, '2018-09-19 12:10:40', '2018-09-25 12:39:39'),
(108, 1347, 80, 11, 7, 1, NULL, 693239, 'D-11', '2018-09-20 18:00:00', 800, 'public', NULL, 1, '2018-09-19 12:10:40', '2018-09-25 12:39:39'),
(109, 1348, 81, 11, 7, 1, NULL, 707515, 'E-5', '2018-09-20 00:00:00', 800, 'public', NULL, 1, '2018-09-19 12:10:53', '2018-09-25 12:39:39'),
(110, 1349, 81, 11, 7, 1, NULL, 707515, 'E-6', '2018-09-20 00:00:00', 800, 'public', NULL, 1, '2018-09-19 12:10:53', '2018-09-25 12:39:39'),
(111, 1350, 81, 11, 7, 1, NULL, 707515, 'E-7', '2018-09-20 00:00:00', 800, 'public', NULL, 1, '2018-09-19 12:10:53', '2018-09-25 12:39:39'),
(112, 1351, 81, 11, 7, 1, NULL, 707515, 'E-8', '2018-09-20 00:00:00', 800, 'public', NULL, 1, '2018-09-19 12:10:53', '2018-09-25 12:39:39'),
(113, 1352, 62, 2, 4, 1, NULL, 849073, 'A-4', '2018-10-15 19:00:00', 800, 'public', NULL, 1, '2018-09-22 06:05:49', '2018-09-25 12:39:39'),
(114, 1353, 62, 2, 4, 1, NULL, 849073, 'B-4', '2018-10-15 19:00:00', 800, 'public', NULL, 1, '2018-09-22 06:05:49', '2018-09-25 12:39:39'),
(115, 1354, 62, 2, 4, 1, NULL, 849073, 'C-4', '2018-10-15 19:00:00', 800, 'public', NULL, 1, '2018-09-22 06:05:49', '2018-09-25 12:39:39'),
(116, 1355, 62, 2, 4, 1, NULL, 849073, 'D-4', '2018-10-15 19:00:00', 800, 'public', NULL, 1, '2018-09-22 06:05:49', '2018-09-25 12:39:39'),
(117, 1356, 62, 2, 4, 1, NULL, 849073, 'E-4', '2018-10-15 19:00:00', 800, 'public', NULL, 1, '2018-09-22 06:05:49', '2018-09-25 12:39:39'),
(118, 1357, 62, 2, 4, 1, NULL, 849073, 'E-5', '2018-10-15 19:00:00', 800, 'public', NULL, 1, '2018-09-22 06:05:49', '2018-09-25 12:39:39'),
(119, 1358, 62, 2, 4, 1, NULL, 849073, 'D-5', '2018-10-15 19:00:00', 800, 'public', NULL, 1, '2018-09-22 06:05:49', '2018-09-25 12:39:39'),
(120, 1364, 61, 2, 4, 1, NULL, 815808, 'B-8', '2018-10-15 00:00:00', 700, 'public', NULL, 1, '2018-09-22 06:06:59', '2018-09-25 12:39:39'),
(121, 1365, 61, 2, 4, 1, NULL, 815808, 'C-8', '2018-10-15 00:00:00', 700, 'public', NULL, 1, '2018-09-22 06:06:59', '2018-09-25 12:39:39'),
(122, 1366, 61, 2, 4, 1, NULL, 815808, 'C-9', '2018-10-15 00:00:00', 800, 'public', NULL, 1, '2018-09-22 06:06:59', '2018-09-25 12:39:40'),
(123, 1367, 61, 2, 4, 1, NULL, 815808, 'C-10', '2018-10-15 00:00:00', 0, 'public', NULL, 1, '2018-09-22 06:06:59', '2018-09-25 12:39:40'),
(124, 1368, 74, 4, 1, 1, NULL, 805038, 'A-4', '2019-02-13 11:00:00', 600, 'public', NULL, 1, '2018-09-22 07:37:26', '2018-09-25 12:39:40'),
(125, 1369, 74, 4, 1, 1, NULL, 805038, 'A-6', '2019-02-13 11:00:00', 600, 'public', NULL, 1, '2018-09-22 07:37:26', '2018-09-25 12:39:40'),
(126, 1370, 74, 4, 1, 1, NULL, 805038, 'A-5', '2019-02-13 11:00:00', 600, 'public', NULL, 1, '2018-09-22 07:37:26', '2018-09-25 12:39:40'),
(127, 1379, 60, 2, 4, 1, NULL, 11218, 'A-7', '2018-10-15 11:00:00', 800, 'public', NULL, 1, '2018-09-22 14:37:33', '2018-09-25 12:39:40'),
(128, 1380, 82, 12, 7, 1, NULL, 426501, 'A-5', '2018-09-30 18:00:00', 600, 'public', NULL, 1, '2018-09-24 05:35:10', '2018-09-25 12:39:40'),
(129, 1381, 82, 12, 7, 1, NULL, 426501, 'B-5', '2018-09-30 18:00:00', 600, 'public', NULL, 1, '2018-09-24 05:35:10', '2018-09-25 12:39:40'),
(130, 1382, 82, 12, 7, 1, NULL, 426501, 'C-5', '2018-09-30 18:00:00', 600, 'public', NULL, 1, '2018-09-24 05:35:11', '2018-09-25 12:39:40'),
(131, 1383, 82, 12, 7, 1, NULL, 426501, 'D-5', '2018-09-30 18:00:00', 600, 'public', NULL, 1, '2018-09-24 05:35:11', '2018-09-25 12:39:40'),
(132, 1384, 60, 2, 4, 1, NULL, 399281, 'C-7', '2018-10-15 11:00:00', 800, 'public', NULL, 1, '2018-09-24 05:46:28', '2018-09-25 12:39:40'),
(133, 1385, 60, 2, 4, 1, NULL, 399281, 'C-6', '2018-10-15 11:00:00', 800, 'public', NULL, 1, '2018-09-24 05:46:28', '2018-09-25 12:39:40'),
(134, 1386, 60, 2, 4, 1, NULL, 399281, 'C-5', '2018-10-15 11:00:00', 800, 'public', NULL, 1, '2018-09-24 05:46:28', '2018-09-25 12:39:40'),
(135, 1387, 60, 2, 4, 1, NULL, 399281, 'C-8', '2018-10-15 11:00:00', 800, 'public', NULL, 1, '2018-09-24 05:46:28', '2018-09-25 12:39:40'),
(136, 1388, 60, 2, 4, 1, NULL, 399281, 'C-9', '2018-10-15 11:00:00', 800, 'public', NULL, 1, '2018-09-24 05:46:28', '2018-09-25 12:39:40'),
(137, 1389, 62, 2, 4, 1, NULL, 475585, 'A-3', '2018-10-15 19:00:00', 800, 'public', NULL, 1, '2018-09-24 05:51:00', '2018-09-25 12:39:40'),
(138, 1390, 62, 2, 4, 1, NULL, 475585, 'B-3', '2018-10-15 19:00:00', 800, 'public', NULL, 1, '2018-09-24 05:51:01', '2018-09-25 12:39:40'),
(139, 1391, 62, 2, 4, 1, NULL, 475585, 'C-3', '2018-10-15 19:00:00', 800, 'public', NULL, 1, '2018-09-24 05:51:01', '2018-09-25 12:39:40'),
(140, 1392, 60, 2, 4, 1, NULL, 603120, 'C-3', '2018-10-15 11:00:00', 800, 'public', NULL, 1, '2018-09-24 05:51:11', '2018-09-25 12:39:41'),
(141, 1393, 58, 2, 1, 1, NULL, 823005, 'A-6', '2018-09-14 17:00:00', 800, 'public', NULL, 1, '2018-09-24 06:29:17', '2018-09-25 12:39:41'),
(142, 1394, 58, 2, 1, 1, NULL, 823005, 'A-5', '2018-09-14 17:00:00', 800, 'public', NULL, 1, '2018-09-24 06:29:17', '2018-09-25 12:39:41'),
(143, 1395, 58, 2, 1, 1, NULL, 823005, 'B-3', '2018-09-14 17:00:00', 800, 'public', NULL, 1, '2018-09-24 06:29:17', '2018-09-25 12:39:41'),
(144, 1396, 58, 2, 1, 1, NULL, 823005, 'B-4', '2018-09-14 17:00:00', 800, 'public', NULL, 1, '2018-09-24 06:29:17', '2018-09-25 12:39:41'),
(145, 1397, 74, 4, 1, 1, NULL, 514413, 'B-5', '2019-02-13 11:00:00', 600, 'advance', NULL, 1, '2018-09-24 06:45:52', '2018-09-24 06:45:52'),
(146, 1398, 74, 4, 1, 1, NULL, 514413, 'B-6', '2019-02-13 11:00:00', 600, 'advance', NULL, 1, '2018-09-24 06:45:52', '2018-09-24 06:45:52'),
(147, 1399, 74, 4, 1, 1, NULL, 514413, 'B-7', '2019-02-13 11:00:00', 600, 'advance', NULL, 1, '2018-09-24 06:45:52', '2018-09-24 06:45:52'),
(148, 1400, 82, 12, 7, 2, NULL, 403179, 'A-10', '2018-09-30 18:00:00', 600, 'public', NULL, 1, '2018-09-24 07:32:43', '2018-09-24 07:32:43'),
(149, 1401, 82, 12, 7, 2, NULL, 403179, 'B-10', '2018-09-30 18:00:00', 600, 'public', NULL, 1, '2018-09-24 07:32:43', '2018-09-24 07:32:43'),
(150, 1402, 82, 12, 7, 2, NULL, 403179, 'C-10', '2018-09-30 18:00:00', 600, 'public', NULL, 1, '2018-09-24 07:32:43', '2018-09-24 07:32:43'),
(151, 1403, 82, 12, 7, 2, NULL, 403179, 'D-10', '2018-09-30 18:00:00', 0, 'public', NULL, 1, '2018-09-24 07:32:43', '2018-09-24 07:32:43'),
(152, 1404, 82, 12, 7, 2, NULL, 403179, 'E-10', '2018-09-30 18:00:00', 600, 'public', NULL, 1, '2018-09-24 07:32:43', '2018-09-24 07:32:43'),
(153, 1405, 82, 12, 7, 2, NULL, 403179, 'E-9', '2018-09-30 18:00:00', 600, 'public', NULL, 1, '2018-09-24 07:32:44', '2018-09-24 07:32:44'),
(154, 1406, 66, 8, 1, 2, NULL, 599336, 'A-5', '2018-10-07 01:00:00', 800, 'public', 1, 0, '2018-09-24 09:52:45', '2018-09-24 13:46:10'),
(155, 1407, 66, 8, 1, 2, NULL, 599336, 'B-3', '2018-10-07 01:00:00', 800, 'public', 1, 0, '2018-09-24 09:52:45', '2018-09-24 13:46:10'),
(156, 1408, 61, 2, 4, 1, NULL, 176775, 'A-1', '2018-10-15 00:00:00', 0, 'public', NULL, 1, '2018-09-25 09:52:18', '2018-09-25 09:52:18'),
(157, 1409, 61, 2, 4, 1, NULL, 176775, 'B-1', '2018-10-15 00:00:00', 0, 'public', NULL, 1, '2018-09-25 09:52:18', '2018-09-25 09:52:18'),
(158, 1410, 61, 2, 4, 1, NULL, 176775, 'C-1', '2018-10-15 00:00:00', 0, 'public', NULL, 1, '2018-09-25 09:52:19', '2018-09-25 09:52:19'),
(159, 1411, 62, 2, 4, 1, NULL, 941814, 'A-5', '2018-10-15 19:00:00', 800, 'public', NULL, 1, '2018-09-25 10:06:21', '2018-09-25 10:06:21'),
(160, 1415, 62, 2, 4, 1, NULL, 735057, 'A-2', '2018-10-15 19:00:00', 800, 'public', NULL, 1, '2018-09-25 10:20:37', '2018-09-25 10:20:37'),
(161, 1416, 62, 2, 4, 1, NULL, 735057, 'A-1', '2018-10-15 19:00:00', 800, 'public', NULL, 1, '2018-09-25 10:20:37', '2018-09-25 10:20:37'),
(162, 1417, 62, 2, 4, 1, NULL, 735057, 'B-1', '2018-10-15 19:00:00', 800, 'public', NULL, 1, '2018-09-25 10:20:37', '2018-09-25 10:20:37'),
(163, 1418, 62, 2, 4, 1, NULL, 735057, 'B-2', '2018-10-15 19:00:00', 800, 'public', NULL, 1, '2018-09-25 10:20:37', '2018-09-25 10:20:37'),
(164, 1419, 62, 2, 4, 1, NULL, 735057, 'C-1', '2018-10-15 19:00:00', 0, 'public', NULL, 1, '2018-09-25 10:20:37', '2018-09-25 10:20:37'),
(165, 1420, 62, 2, 4, 1, NULL, 735057, 'C-2', '2018-10-15 19:00:00', 800, 'public', NULL, 1, '2018-09-25 10:20:37', '2018-09-25 10:20:37'),
(166, 1421, 62, 2, 4, 1, NULL, 251137, 'A-6', '2018-10-15 19:00:00', 800, 'public', NULL, 1, '2018-09-25 11:50:08', '2018-09-25 11:50:08'),
(167, 1422, 62, 2, 4, 1, NULL, 251137, 'B-6', '2018-10-15 19:00:00', 800, 'public', NULL, 1, '2018-09-25 11:50:08', '2018-09-25 11:50:08'),
(168, 1423, 62, 2, 4, 1, NULL, 251137, 'C-6', '2018-10-15 19:00:00', 800, 'public', NULL, 1, '2018-09-25 11:50:08', '2018-09-25 11:50:08'),
(169, 1424, 62, 2, 4, 1, NULL, 251137, 'C-5', '2018-10-15 19:00:00', 800, 'public', NULL, 1, '2018-09-25 11:50:08', '2018-09-25 11:50:08'),
(170, 1425, 62, 2, 4, 1, NULL, 251137, 'B-5', '2018-10-15 19:00:00', 0, 'public', NULL, 1, '2018-09-25 11:50:08', '2018-09-25 11:50:08'),
(171, 1426, 62, 2, 4, 1, NULL, 251137, 'B-7', '2018-10-15 19:00:00', 800, 'public', NULL, 1, '2018-09-25 11:50:08', '2018-09-25 11:50:08'),
(172, 1427, 62, 2, 4, 1, NULL, 251137, 'A-7', '2018-10-15 19:00:00', 800, 'public', NULL, 1, '2018-09-25 11:50:08', '2018-09-25 11:50:08'),
(173, 1428, 62, 2, 4, 1, NULL, 251137, 'A-8', '2018-10-15 19:00:00', 800, 'public', NULL, 1, '2018-09-25 11:50:09', '2018-09-25 11:50:09'),
(174, 1429, 62, 2, 4, 1, NULL, 251137, 'B-8', '2018-10-15 19:00:00', 800, 'public', NULL, 1, '2018-09-25 11:50:09', '2018-09-25 11:50:09'),
(175, 1430, 62, 2, 4, 1, NULL, 251137, 'C-8', '2018-10-15 19:00:00', 0, 'public', NULL, 1, '2018-09-25 11:50:09', '2018-09-25 11:50:09'),
(176, 1431, 62, 2, 4, 1, NULL, 251137, 'C-7', '2018-10-15 19:00:00', 800, 'public', NULL, 1, '2018-09-25 11:50:09', '2018-09-25 11:50:09'),
(177, 1432, 66, 8, 1, 1, NULL, 629076, 'A-5', '2018-10-07 01:00:00', 800, 'public', NULL, 1, '2018-09-25 12:02:26', '2018-09-25 12:02:26'),
(178, 1433, 66, 8, 1, 1, NULL, 629076, 'B-3', '2018-10-07 01:00:00', 800, 'public', NULL, 1, '2018-09-25 12:02:26', '2018-09-25 12:02:26'),
(179, 1435, 60, 2, 4, 1, NULL, 974863, 'B-7', '2018-10-15 11:00:00', 0, 'public', NULL, 1, '2018-09-25 13:07:21', '2018-09-25 13:07:21'),
(180, 1436, 61, 2, 4, 1, NULL, 181302, 'B-5', '2018-10-15 00:00:00', 0, 'public', NULL, 1, '2018-09-25 13:08:13', '2018-09-25 13:08:13'),
(181, 1437, 62, 2, 4, 1, NULL, 460552, 'D-3', '2018-10-15 19:00:00', 0, 'public', NULL, 1, '2018-09-25 13:08:25', '2018-09-25 13:08:25'),
(182, 1449, 60, 2, 4, 1, NULL, 914308, 'E-3', '2018-10-15 11:00:00', 800, 'public', NULL, 1, '2018-09-27 05:47:59', '2018-09-27 05:47:59'),
(183, 1450, 60, 2, 4, 1, NULL, 914308, 'E-2', '2018-10-15 11:00:00', 800, 'public', NULL, 1, '2018-09-27 05:47:59', '2018-09-27 05:47:59'),
(184, 1451, 60, 2, 4, 1, NULL, 914308, 'E-1', '2018-10-15 11:00:00', 800, 'public', NULL, 1, '2018-09-27 05:47:59', '2018-09-27 05:47:59'),
(185, 1452, 60, 2, 4, 1, NULL, 914308, 'D-1', '2018-10-15 11:00:00', 800, 'public', NULL, 1, '2018-09-27 05:47:59', '2018-09-27 05:47:59'),
(186, 1453, 60, 2, 4, 1, NULL, 914308, 'C-1', '2018-10-15 11:00:00', 800, 'public', NULL, 1, '2018-09-27 05:47:59', '2018-09-27 05:47:59'),
(187, 1454, 60, 2, 4, 1, NULL, 914308, 'B-1', '2018-10-15 11:00:00', 800, 'public', NULL, 1, '2018-09-27 05:47:59', '2018-09-27 05:47:59'),
(188, 1463, 82, 12, 7, 1, NULL, 675816, 'A-11', '2018-09-30 18:00:00', 600, 'public', NULL, 1, '2018-09-27 05:52:39', '2018-09-27 05:52:39'),
(189, 1464, 82, 12, 7, 1, NULL, 675816, 'A-12', '2018-09-30 18:00:00', 600, 'public', NULL, 1, '2018-09-27 05:52:39', '2018-09-27 05:52:39'),
(190, 1465, 82, 12, 7, 1, NULL, 675816, 'A-13', '2018-09-30 18:00:00', 600, 'public', NULL, 1, '2018-09-27 05:52:39', '2018-09-27 05:52:39'),
(191, 1467, 82, 12, 7, 1, NULL, 574105, 'B-11', '2018-09-30 18:00:00', 600, 'public', NULL, 1, '2018-09-27 08:14:48', '2018-09-27 08:14:48'),
(192, 1468, 82, 12, 7, 1, NULL, 574105, 'C-11', '2018-09-30 18:00:00', 600, 'public', NULL, 1, '2018-09-27 08:14:48', '2018-09-27 08:14:48'),
(193, 1469, 82, 12, 7, 1, NULL, 574105, 'D-11', '2018-09-30 18:00:00', 600, 'public', NULL, 1, '2018-09-27 08:14:48', '2018-09-27 08:14:48'),
(194, 1484, 82, 12, 7, 1, NULL, 596259, 'D-12', '2018-09-30 18:00:00', 600, 'public', NULL, 1, '2018-09-27 08:24:42', '2018-09-27 08:24:42'),
(195, 1485, 82, 12, 7, 1, NULL, 596259, 'D-13', '2018-09-30 18:00:00', 600, 'public', NULL, 1, '2018-09-27 08:24:42', '2018-09-27 08:24:42'),
(196, 1486, 82, 12, 7, 1, 64, 596259, 'E-13', '2018-09-30 18:00:00', 600, 'public', NULL, 1, '2018-09-27 08:24:42', '2018-09-27 08:24:42'),
(197, 1487, 82, 12, 7, 1, NULL, 356432, 'E-12', '2018-09-30 18:00:00', 600, 'public', NULL, 1, '2018-09-27 08:26:57', '2018-09-27 08:26:57'),
(198, 1488, 82, 12, 7, 1, 65, 356432, 'E-11', '2018-09-30 18:00:00', 600, 'public', NULL, 1, '2018-09-27 08:26:57', '2018-09-27 08:26:57'),
(199, 1489, 82, 12, 7, 1, NULL, 356432, 'E-8', '2018-09-30 18:00:00', 600, 'public', NULL, 1, '2018-09-27 08:26:57', '2018-09-27 08:26:57'),
(200, 1490, 82, 12, 7, 1, NULL, 336181, 'E-7', '2018-09-30 18:00:00', 600, 'public', NULL, 1, '2018-09-27 08:29:39', '2018-09-27 08:29:39'),
(201, 1491, 82, 12, 7, 1, NULL, 444856, 'E-6', '2018-09-30 18:00:00', 600, 'public', NULL, 1, '2018-09-27 08:32:45', '2018-09-27 08:32:45'),
(202, 1492, 82, 12, 7, 1, NULL, 854309, 'E-15', '2018-09-30 18:00:00', 600, 'public', NULL, 1, '2018-09-27 08:33:33', '2018-09-27 08:33:33'),
(203, 1493, 82, 12, 7, 1, NULL, 788872, 'C-8', '2018-09-30 18:00:00', 600, 'public', NULL, 1, '2018-09-27 08:34:31', '2018-09-27 08:34:31'),
(204, 1494, 82, 12, 7, 1, NULL, 243905, 'C-7', '2018-09-30 18:00:00', 600, 'public', NULL, 1, '2018-09-27 08:36:06', '2018-09-27 08:36:06'),
(205, 1495, 82, 12, 7, 1, NULL, 157198, 'A-1', '2018-09-30 18:00:00', 600, 'public', NULL, 1, '2018-09-27 08:44:23', '2018-09-27 08:44:23'),
(206, 1496, 82, 12, 7, 1, NULL, 157198, 'B-1', '2018-09-30 18:00:00', 600, 'public', NULL, 1, '2018-09-27 08:44:23', '2018-09-27 08:44:23'),
(207, 1497, 82, 12, 7, 1, 66, 157198, 'C-1', '2018-09-30 18:00:00', 600, 'public', NULL, 1, '2018-09-27 08:44:23', '2018-09-27 08:44:23'),
(208, 1495, 82, 12, 7, 1, NULL, 853721, 'A-1', '2018-09-30 18:00:00', 600, 'public', NULL, 1, '2018-09-27 08:45:36', '2018-09-27 08:45:36'),
(209, 1496, 82, 12, 7, 1, NULL, 853721, 'B-1', '2018-09-30 18:00:00', 600, 'public', NULL, 1, '2018-09-27 08:45:36', '2018-09-27 08:45:36'),
(210, 1497, 82, 12, 7, 1, 66, 853721, 'C-1', '2018-09-30 18:00:00', 600, 'public', NULL, 1, '2018-09-27 08:45:36', '2018-09-27 08:45:36'),
(211, 1498, 82, 12, 7, 1, NULL, 38958, 'D-1', '2018-09-30 18:00:00', 600, 'public', NULL, 1, '2018-09-27 08:46:45', '2018-09-27 08:46:45'),
(212, 1499, 82, 12, 7, 1, NULL, 38958, 'E-1', '2018-09-30 18:00:00', 600, 'public', NULL, 1, '2018-09-27 08:46:45', '2018-09-27 08:46:45'),
(213, 1500, 82, 12, 7, 1, 67, 38958, 'E-2', '2018-09-30 18:00:00', 600, 'public', NULL, 1, '2018-09-27 08:46:45', '2018-09-27 08:46:45'),
(214, 1498, 82, 12, 7, 1, NULL, 54643, 'D-1', '2018-09-30 18:00:00', 600, 'public', NULL, 1, '2018-09-27 08:48:48', '2018-09-27 08:48:48'),
(215, 1499, 82, 12, 7, 1, NULL, 54643, 'E-1', '2018-09-30 18:00:00', 600, 'public', NULL, 1, '2018-09-27 08:48:48', '2018-09-27 08:48:48'),
(216, 1500, 82, 12, 7, 1, 67, 54643, 'E-2', '2018-09-30 18:00:00', 600, 'public', NULL, 1, '2018-09-27 08:48:49', '2018-09-27 08:48:49'),
(217, 1498, 82, 12, 7, 1, NULL, 751383, 'D-1', '2018-09-30 18:00:00', 600, 'public', NULL, 1, '2018-09-27 08:49:51', '2018-09-27 08:49:51'),
(218, 1499, 82, 12, 7, 1, NULL, 751383, 'E-1', '2018-09-30 18:00:00', 600, 'public', NULL, 1, '2018-09-27 08:49:51', '2018-09-27 08:49:51'),
(219, 1500, 82, 12, 7, 1, 67, 751383, 'E-2', '2018-09-30 18:00:00', 600, 'public', NULL, 1, '2018-09-27 08:49:51', '2018-09-27 08:49:51'),
(220, 1498, 82, 12, 7, 1, NULL, 904752, 'D-1', '2018-09-30 18:00:00', 600, 'public', NULL, 1, '2018-09-27 08:49:57', '2018-09-27 08:49:57'),
(221, 1499, 82, 12, 7, 1, NULL, 904752, 'E-1', '2018-09-30 18:00:00', 600, 'public', NULL, 1, '2018-09-27 08:49:57', '2018-09-27 08:49:57'),
(222, 1500, 82, 12, 7, 1, 67, 904752, 'E-2', '2018-09-30 18:00:00', 600, 'public', NULL, 1, '2018-09-27 08:49:58', '2018-09-27 08:49:58'),
(223, 1498, 82, 12, 7, 1, NULL, 852837, 'D-1', '2018-09-30 18:00:00', 600, 'public', NULL, 1, '2018-09-27 08:51:02', '2018-09-27 08:51:02'),
(224, 1499, 82, 12, 7, 1, NULL, 852837, 'E-1', '2018-09-30 18:00:00', 600, 'public', NULL, 1, '2018-09-27 08:51:02', '2018-09-27 08:51:02'),
(225, 1500, 82, 12, 7, 1, 67, 852837, 'E-2', '2018-09-30 18:00:00', 600, 'public', NULL, 1, '2018-09-27 08:51:02', '2018-09-27 08:51:02'),
(226, 1501, 82, 12, 7, 1, NULL, 883712, 'A-2', '2018-09-30 18:00:00', 600, 'public', NULL, 1, '2018-09-27 08:51:36', '2018-09-27 08:51:36'),
(227, 1502, 82, 12, 7, 1, 68, 883712, 'B-2', '2018-09-30 18:00:00', 600, 'public', NULL, 1, '2018-09-27 08:51:36', '2018-09-27 08:51:36'),
(228, 1503, 82, 12, 7, 1, NULL, 883712, 'C-2', '2018-09-30 18:00:00', 600, 'public', NULL, 1, '2018-09-27 08:51:36', '2018-09-27 08:51:36'),
(229, 1501, 82, 12, 7, 1, NULL, 732369, 'A-2', '2018-09-30 18:00:00', 600, 'public', NULL, 1, '2018-09-27 08:51:37', '2018-09-27 08:51:37'),
(230, 1502, 82, 12, 7, 1, 68, 732369, 'B-2', '2018-09-30 18:00:00', 600, 'public', NULL, 1, '2018-09-27 08:51:37', '2018-09-27 08:51:37'),
(231, 1503, 82, 12, 7, 1, NULL, 732369, 'C-2', '2018-09-30 18:00:00', 600, 'public', NULL, 1, '2018-09-27 08:51:37', '2018-09-27 08:51:37'),
(232, 1501, 82, 12, 7, 1, NULL, 744990, 'A-2', '2018-09-30 18:00:00', 600, 'public', NULL, 1, '2018-09-27 08:52:20', '2018-09-27 08:52:20'),
(233, 1502, 82, 12, 7, 1, 68, 744990, 'B-2', '2018-09-30 18:00:00', 600, 'public', NULL, 1, '2018-09-27 08:52:20', '2018-09-27 08:52:20'),
(234, 1503, 82, 12, 7, 1, NULL, 744990, 'C-2', '2018-09-30 18:00:00', 600, 'public', NULL, 1, '2018-09-27 08:52:20', '2018-09-27 08:52:20'),
(235, 1501, 82, 12, 7, 1, NULL, 671327, 'A-2', '2018-09-30 18:00:00', 600, 'public', NULL, 1, '2018-09-27 08:52:23', '2018-09-27 08:52:23'),
(236, 1502, 82, 12, 7, 1, 68, 671327, 'B-2', '2018-09-30 18:00:00', 600, 'public', NULL, 1, '2018-09-27 08:52:23', '2018-09-27 08:52:23'),
(237, 1503, 82, 12, 7, 1, NULL, 671327, 'C-2', '2018-09-30 18:00:00', 600, 'public', NULL, 1, '2018-09-27 08:52:23', '2018-09-27 08:52:23'),
(238, 1504, 82, 12, 7, 1, 69, 994826, 'D-2', '2018-09-30 18:00:00', 600, 'public', NULL, 1, '2018-09-27 09:15:27', '2018-09-27 09:15:27'),
(239, 1505, 82, 12, 7, 1, NULL, 994826, 'E-3', '2018-09-30 18:00:00', 600, 'public', NULL, 1, '2018-09-27 09:15:27', '2018-09-27 09:15:27'),
(240, 1506, 82, 12, 7, 1, NULL, 994826, 'D-3', '2018-09-30 18:00:00', 600, 'public', NULL, 1, '2018-09-27 09:15:27', '2018-09-27 09:15:27'),
(241, 1504, 82, 12, 7, 1, 69, 694713, 'D-2', '2018-09-30 18:00:00', 600, 'public', NULL, 1, '2018-09-27 09:16:07', '2018-09-27 09:16:07'),
(242, 1505, 82, 12, 7, 1, NULL, 694713, 'E-3', '2018-09-30 18:00:00', 600, 'public', NULL, 1, '2018-09-27 09:16:07', '2018-09-27 09:16:07'),
(243, 1506, 82, 12, 7, 1, NULL, 694713, 'D-3', '2018-09-30 18:00:00', 600, 'public', NULL, 1, '2018-09-27 09:16:07', '2018-09-27 09:16:07'),
(244, 1504, 82, 12, 7, 1, 69, 808259, 'D-2', '2018-09-30 18:00:00', 600, 'public', NULL, 1, '2018-09-27 09:16:08', '2018-09-27 09:16:08'),
(245, 1505, 82, 12, 7, 1, NULL, 808259, 'E-3', '2018-09-30 18:00:00', 600, 'public', NULL, 1, '2018-09-27 09:16:08', '2018-09-27 09:16:08'),
(246, 1506, 82, 12, 7, 1, NULL, 808259, 'D-3', '2018-09-30 18:00:00', 600, 'public', NULL, 1, '2018-09-27 09:16:09', '2018-09-27 09:16:09'),
(247, 1504, 82, 12, 7, 1, 69, 388239, 'D-2', '2018-09-30 18:00:00', 600, 'public', NULL, 1, '2018-09-27 09:16:12', '2018-09-27 09:16:12'),
(248, 1505, 82, 12, 7, 1, NULL, 388239, 'E-3', '2018-09-30 18:00:00', 600, 'public', NULL, 1, '2018-09-27 09:16:13', '2018-09-27 09:16:13'),
(249, 1506, 82, 12, 7, 1, NULL, 388239, 'D-3', '2018-09-30 18:00:00', 600, 'public', NULL, 1, '2018-09-27 09:16:13', '2018-09-27 09:16:13');

-- --------------------------------------------------------

--
-- Table structure for table `screens`
--

DROP TABLE IF EXISTS `screens`;
CREATE TABLE IF NOT EXISTS `screens` (
  `id` int(10) UNSIGNED NOT NULL AUTO_INCREMENT,
  `name` varchar(255) COLLATE utf8mb4_unicode_ci NOT NULL,
  `totalSeats` varchar(255) COLLATE utf8mb4_unicode_ci NOT NULL,
  `houseSeats` varchar(255) COLLATE utf8mb4_unicode_ci DEFAULT NULL,
  `wheelChairSeats` varchar(255) COLLATE utf8mb4_unicode_ci DEFAULT NULL,
  `image` varchar(255) COLLATE utf8mb4_unicode_ci DEFAULT NULL,
  `rows` text COLLATE utf8mb4_unicode_ci NOT NULL,
  `columns` text COLLATE utf8mb4_unicode_ci NOT NULL,
  `created_at` timestamp NULL DEFAULT NULL,
  `updated_at` timestamp NULL DEFAULT NULL,
  PRIMARY KEY (`id`)
) ENGINE=InnoDB AUTO_INCREMENT=8 DEFAULT CHARSET=utf8mb4 COLLATE=utf8mb4_unicode_ci;

--
-- Dumping data for table `screens`
--

INSERT INTO `screens` (`id`, `name`, `totalSeats`, `houseSeats`, `wheelChairSeats`, `image`, `rows`, `columns`, `created_at`, `updated_at`) VALUES
(1, 'screen 1', '20', '0', '0', '209interior-design.jpg', '[\"A\",\"B\"]', '[\"12\",\"8\"]', '2018-08-13 07:35:47', '2018-08-13 07:35:47'),
(4, 'screen 2', '50', '0', '0', '1729headphones.jpg', '[\"A\",\"B\",\"C\",\"D\",\"E\"]', '[\"10\",\"10\",\"10\",\"10\",\"10\"]', '2018-08-13 08:43:33', '2018-08-13 08:44:16'),
(5, 'mini Cinema', '10', '0', '0', '', '[\"X\",\"Y\",\"Z\"]', '[\"4\",\"3\",\"3\"]', '2018-08-30 04:40:13', '2018-08-30 04:40:13'),
(7, 'screen 3', '100', '0', '0', '4231Veeam.png', '[\"A\",\"B\",\"C\",\"D\",\"E\"]', '[\"20\",\"20\",\"20\",\"20\",\"20\"]', '2018-09-13 02:27:14', '2018-09-13 02:27:14');

-- --------------------------------------------------------

--
-- Table structure for table `seats`
--

DROP TABLE IF EXISTS `seats`;
CREATE TABLE IF NOT EXISTS `seats` (
  `id` int(10) UNSIGNED NOT NULL AUTO_INCREMENT,
  `show_time_id` int(10) UNSIGNED DEFAULT NULL,
  `advance_booking_id` int(10) UNSIGNED DEFAULT NULL,
  `isAdv` varchar(191) COLLATE utf8mb4_unicode_ci DEFAULT NULL,
  `user_id` int(11) UNSIGNED NOT NULL,
  `seatNumber` varchar(255) COLLATE utf8mb4_unicode_ci NOT NULL,
  `ticketType` varchar(191) COLLATE utf8mb4_unicode_ci NOT NULL,
  `isComp` tinyint(1) NOT NULL,
  `hold` tinyint(1) NOT NULL,
  `status` tinyint(1) NOT NULL,
  `created_at` timestamp NULL DEFAULT NULL,
  `updated_at` timestamp NULL DEFAULT NULL,
  PRIMARY KEY (`id`),
  KEY `seats_show_time_id_foreign` (`show_time_id`),
  KEY `seats_advance_booking_id_foreign` (`advance_booking_id`),
  KEY `seats_user_id_foreign` (`user_id`)
) ENGINE=InnoDB AUTO_INCREMENT=1434 DEFAULT CHARSET=utf8mb4 COLLATE=utf8mb4_unicode_ci;

--
-- Dumping data for table `seats`
--

INSERT INTO `seats` (`id`, `show_time_id`, `advance_booking_id`, `isAdv`, `user_id`, `seatNumber`, `ticketType`, `isComp`, `hold`, `status`, `created_at`, `updated_at`) VALUES
(537, 72, NULL, NULL, 1, 'A-6', 'adult price', 0, 0, 1, '2018-09-12 05:50:06', '2018-09-12 05:50:16'),
(538, 72, NULL, NULL, 1, 'C-5', 'adult price', 0, 0, 1, '2018-09-12 05:50:09', '2018-09-12 05:50:16'),
(539, 69, NULL, NULL, 1, 'E-1', 'adult price', 0, 0, 1, '2018-09-12 05:55:59', '2018-09-12 05:56:03'),
(540, 69, NULL, NULL, 1, 'E-10', 'adult price', 0, 0, 1, '2018-09-12 05:56:01', '2018-09-12 05:56:04'),
(543, 66, NULL, NULL, 1, 'A-6', 'adult price', 0, 0, 1, '2018-09-12 05:59:22', '2018-09-12 05:59:24'),
(547, 65, NULL, NULL, 1, 'C-5', 'adult price', 0, 0, 1, '2018-09-12 07:54:56', '2018-09-12 07:55:03'),
(548, 65, NULL, NULL, 1, 'C-6', 'adult price', 0, 0, 1, '2018-09-12 07:54:59', '2018-09-12 07:55:03'),
(549, 58, 32, 'advance', 1, 'A-6', 'adult price', 0, 0, 1, '2018-09-12 07:55:53', '2018-09-12 07:56:01'),
(550, 58, 32, 'advance', 1, 'A-5', 'adult price', 0, 0, 1, '2018-09-12 07:55:53', '2018-09-12 07:56:01'),
(551, 58, 32, 'advance', 1, 'B-3', 'adult price', 0, 0, 1, '2018-09-12 07:55:53', '2018-09-12 07:56:01'),
(552, 58, 32, 'advance', 1, 'B-4', 'adult price', 0, 0, 1, '2018-09-12 07:55:54', '2018-09-12 07:56:01'),
(553, 59, NULL, NULL, 1, 'B-4', 'adult price', 0, 0, 1, '2018-09-13 08:53:22', '2018-09-13 08:53:32'),
(554, 59, NULL, NULL, 1, 'B-5', 'adult price', 0, 0, 1, '2018-09-13 08:53:23', '2018-09-13 08:53:32'),
(555, 59, NULL, NULL, 1, 'A-7', 'adult price', 0, 0, 1, '2018-09-13 08:53:24', '2018-09-13 08:53:32'),
(556, 59, NULL, NULL, 1, 'A-6', 'adult price', 0, 0, 1, '2018-09-13 08:53:25', '2018-09-13 08:53:32'),
(765, 79, NULL, NULL, 1, 'A-7', 'adult price', 0, 0, 1, '2018-09-16 13:54:11', '2018-09-16 13:54:23'),
(766, 79, NULL, NULL, 1, 'A-8', 'adult price', 0, 0, 1, '2018-09-16 13:54:12', '2018-09-16 13:54:23'),
(767, 79, NULL, NULL, 1, 'A-9', 'adult price', 0, 0, 1, '2018-09-16 13:54:12', '2018-09-16 13:54:23'),
(768, 79, NULL, NULL, 1, 'E-9', 'adult price', 0, 0, 1, '2018-09-16 13:54:15', '2018-09-16 13:54:24'),
(769, 79, NULL, NULL, 1, 'E-10', 'adult price', 0, 0, 1, '2018-09-16 13:54:15', '2018-09-16 13:54:24'),
(770, 79, NULL, NULL, 1, 'E-11', 'adult price', 0, 0, 1, '2018-09-16 13:54:19', '2018-09-16 13:54:24'),
(1069, 79, NULL, NULL, 1, 'B-11', 'adult price', 0, 0, 1, '2018-09-16 17:41:08', '2018-09-16 17:42:08'),
(1070, 79, NULL, NULL, 1, 'B-9', 'adult price', 0, 0, 1, '2018-09-16 17:41:09', '2018-09-16 17:42:08'),
(1071, 79, NULL, NULL, 1, 'B-10', 'adult price', 0, 0, 1, '2018-09-16 17:41:11', '2018-09-16 17:42:08'),
(1072, 79, NULL, NULL, 1, 'B-12', 'adult price', 0, 0, 1, '2018-09-16 17:41:12', '2018-09-16 17:42:08'),
(1073, 79, NULL, NULL, 1, 'C-12', 'adult price', 0, 0, 1, '2018-09-16 17:41:13', '2018-09-16 17:42:09'),
(1074, 79, NULL, NULL, 1, 'C-11', 'adult price', 0, 0, 1, '2018-09-16 17:41:14', '2018-09-16 17:42:09'),
(1075, 79, NULL, NULL, 1, 'C-10', 'adult price', 0, 0, 1, '2018-09-16 17:41:15', '2018-09-16 17:42:09'),
(1076, 79, NULL, NULL, 1, 'C-9', 'adult price', 0, 0, 1, '2018-09-16 17:41:15', '2018-09-16 17:42:09'),
(1077, 79, NULL, NULL, 1, 'C-8', 'adult price', 0, 0, 1, '2018-09-16 17:41:16', '2018-09-16 17:42:09'),
(1078, 79, NULL, NULL, 1, 'B-8', 'adult price', 0, 0, 1, '2018-09-16 17:41:16', '2018-09-16 17:42:09'),
(1079, 79, NULL, NULL, 1, 'B-13', 'adult price', 0, 0, 1, '2018-09-16 17:41:20', '2018-09-16 17:42:09'),
(1080, 79, NULL, NULL, 1, 'C-10', 'adult price', 0, 0, 1, '2018-09-16 17:41:20', '2018-09-16 17:42:09'),
(1081, 79, NULL, NULL, 1, 'C-13', 'adult price', 0, 0, 1, '2018-09-16 17:41:20', '2018-09-16 17:42:09'),
(1082, 79, NULL, NULL, 1, 'C-9', 'adult price', 0, 0, 1, '2018-09-16 17:41:20', '2018-09-16 17:42:09'),
(1083, 79, NULL, NULL, 1, 'B-13', 'adult price', 0, 0, 1, '2018-09-16 17:41:24', '2018-09-16 17:42:09'),
(1084, 79, NULL, NULL, 1, 'C-10', 'adult price', 0, 0, 1, '2018-09-16 17:41:25', '2018-09-16 17:42:09'),
(1141, 74, NULL, NULL, 1, 'A-1', 'adult price', 0, 0, 1, '2018-09-17 07:01:58', '2018-09-17 07:03:30'),
(1142, 74, NULL, NULL, 1, 'A-2', 'adult price', 0, 0, 1, '2018-09-17 07:01:58', '2018-09-17 07:03:30'),
(1143, 74, NULL, NULL, 1, 'A-3', 'adult price', 0, 0, 1, '2018-09-17 07:01:59', '2018-09-17 07:03:30'),
(1145, 74, NULL, NULL, 1, 'A-2', 'adult price', 0, 0, 1, '2018-09-17 07:02:03', '2018-09-17 07:03:30'),
(1146, 61, NULL, NULL, 1, 'A-3', 'adult price', 0, 0, 1, '2018-09-17 07:03:41', '2018-09-17 07:05:56'),
(1147, 61, NULL, NULL, 1, 'B-3', 'adult price', 0, 0, 1, '2018-09-17 07:03:42', '2018-09-17 07:05:56'),
(1148, 61, NULL, NULL, 1, 'C-3', 'adult price', 0, 0, 1, '2018-09-17 07:03:42', '2018-09-17 07:05:56'),
(1149, 61, NULL, NULL, 1, 'D-3', 'adult price', 0, 0, 1, '2018-09-17 07:03:43', '2018-09-17 07:05:56'),
(1150, 61, NULL, NULL, 1, 'D-4', 'adult price', 0, 0, 1, '2018-09-17 07:03:44', '2018-09-17 07:05:56'),
(1151, 61, NULL, NULL, 1, 'D-5', 'adult price', 0, 0, 1, '2018-09-17 07:03:45', '2018-09-17 07:05:56'),
(1152, 61, NULL, NULL, 1, 'C-3', 'adult price', 0, 0, 1, '2018-09-17 07:03:47', '2018-09-17 07:05:56'),
(1153, 61, NULL, NULL, 1, 'A-6', 'adult price', 0, 0, 1, '2018-09-17 07:06:17', '2018-09-17 07:08:22'),
(1154, 61, NULL, NULL, 1, 'C-6', 'adult price', 0, 0, 1, '2018-09-17 07:06:18', '2018-09-17 07:08:22'),
(1155, 61, NULL, NULL, 1, 'B-6', 'adult price', 0, 0, 1, '2018-09-17 07:06:19', '2018-09-17 07:08:22'),
(1156, 61, NULL, NULL, 1, 'D-6', 'adult price', 0, 0, 1, '2018-09-17 07:06:20', '2018-09-17 07:08:22'),
(1157, 61, NULL, NULL, 1, 'E-6', 'adult price', 0, 0, 1, '2018-09-17 07:06:20', '2018-09-17 07:08:22'),
(1158, 61, NULL, NULL, 1, 'E-7', 'adult price', 0, 0, 1, '2018-09-17 07:06:21', '2018-09-17 07:08:22'),
(1159, 61, NULL, NULL, 1, 'D-7', 'adult price', 0, 0, 1, '2018-09-17 07:06:23', '2018-09-17 07:08:22'),
(1160, 61, NULL, NULL, 1, 'C-7', 'adult price', 0, 0, 1, '2018-09-17 07:06:23', '2018-09-17 07:08:22'),
(1161, 61, NULL, NULL, 1, 'B-7', 'adult price', 0, 0, 1, '2018-09-17 07:06:24', '2018-09-17 07:08:22'),
(1162, 61, NULL, NULL, 1, 'A-7', 'adult price', 0, 0, 1, '2018-09-17 07:06:25', '2018-09-17 07:08:22'),
(1163, 61, NULL, NULL, 1, 'A-8', 'adult price', 0, 0, 1, '2018-09-17 07:06:26', '2018-09-17 07:08:22'),
(1164, 61, NULL, NULL, 1, 'E-7', 'adult price', 0, 0, 1, '2018-09-17 07:06:26', '2018-09-17 07:08:22'),
(1165, 61, NULL, NULL, 1, 'C-7', 'adult price', 0, 0, 1, '2018-09-17 07:06:28', '2018-09-17 07:08:22'),
(1166, 74, NULL, NULL, 1, 'B-1', 'adult price', 0, 0, 1, '2018-09-17 07:08:37', '2018-09-17 07:10:39'),
(1167, 74, NULL, NULL, 1, 'B-2', 'adult price', 0, 0, 1, '2018-09-17 07:08:38', '2018-09-17 07:10:39'),
(1168, 74, NULL, NULL, 1, 'B-3', 'adult price', 0, 0, 1, '2018-09-17 07:08:39', '2018-09-17 07:10:39'),
(1169, 74, NULL, NULL, 1, 'B-2', 'adult price', 0, 0, 1, '2018-09-17 07:08:43', '2018-09-17 07:10:40'),
(1170, 66, NULL, NULL, 1, 'B-1', 'adult price', 0, 0, 1, '2018-09-19 12:08:23', '2018-09-19 12:08:29'),
(1171, 66, NULL, NULL, 1, 'B-2', 'adult price', 0, 0, 1, '2018-09-19 12:08:23', '2018-09-19 12:08:29'),
(1172, 66, NULL, NULL, 1, 'A-3', 'adult price', 0, 0, 1, '2018-09-19 12:08:24', '2018-09-19 12:08:29'),
(1173, 66, NULL, NULL, 1, 'A-4', 'adult price', 0, 0, 1, '2018-09-19 12:08:25', '2018-09-19 12:08:29'),
(1174, 66, NULL, NULL, 1, 'A-2', 'adult price', 0, 0, 1, '2018-09-19 12:08:25', '2018-09-19 12:08:29'),
(1175, 66, NULL, NULL, 1, 'A-1', 'adult price', 0, 0, 1, '2018-09-19 12:08:26', '2018-09-19 12:08:29'),
(1176, 66, NULL, NULL, 1, 'B-1', 'adult price', 0, 0, 1, '2018-09-19 12:08:28', '2018-09-19 12:08:29'),
(1177, 66, NULL, NULL, 1, 'A-3', 'adult price', 0, 0, 1, '2018-09-19 12:08:29', '2018-09-19 12:08:45'),
(1178, 60, NULL, NULL, 1, 'B-4', 'adult price', 0, 0, 1, '2018-09-19 12:08:37', '2018-09-19 12:08:45'),
(1179, 60, NULL, NULL, 1, 'C-4', 'adult price', 0, 0, 1, '2018-09-19 12:08:38', '2018-09-19 12:08:45'),
(1180, 60, NULL, NULL, 1, 'A-4', 'adult price', 0, 0, 1, '2018-09-19 12:08:39', '2018-09-19 12:08:45'),
(1181, 60, NULL, NULL, 1, 'B-5', 'adult price', 0, 0, 1, '2018-09-19 12:08:39', '2018-09-19 12:08:45'),
(1182, 60, NULL, NULL, 1, 'A-5', 'adult price', 0, 0, 1, '2018-09-19 12:08:40', '2018-09-19 12:08:45'),
(1183, 60, NULL, NULL, 1, 'A-6', 'adult price', 0, 0, 1, '2018-09-19 12:08:40', '2018-09-19 12:08:46'),
(1184, 60, NULL, NULL, 1, 'B-6', 'adult price', 0, 0, 1, '2018-09-19 12:08:41', '2018-09-19 12:08:46'),
(1185, 60, NULL, NULL, 1, 'B-4', 'adult price', 0, 0, 1, '2018-09-19 12:08:42', '2018-09-19 12:08:46'),
(1186, 60, NULL, NULL, 1, 'B-6', 'adult price', 0, 0, 1, '2018-09-19 12:08:46', '2018-09-19 12:09:03'),
(1187, 74, NULL, NULL, 1, 'A-7', 'adult price', 0, 0, 1, '2018-09-19 12:08:59', '2018-09-19 12:09:03'),
(1188, 74, NULL, NULL, 1, 'A-8', 'adult price', 0, 0, 1, '2018-09-19 12:08:59', '2018-09-19 12:09:03'),
(1189, 74, NULL, NULL, 1, 'A-9', 'adult price', 0, 0, 1, '2018-09-19 12:09:00', '2018-09-19 12:09:03'),
(1190, 74, NULL, NULL, 1, 'A-7', 'adult price', 0, 0, 1, '2018-09-19 12:09:04', '2018-09-19 12:10:39'),
(1191, 80, NULL, NULL, 1, 'D-10', 'adult price', 0, 0, 1, '2018-09-19 12:10:35', '2018-09-19 12:10:39'),
(1192, 80, NULL, NULL, 1, 'D-11', 'adult price', 0, 0, 1, '2018-09-19 12:10:36', '2018-09-19 12:10:39'),
(1193, 81, NULL, NULL, 1, 'E-5', 'adult price', 0, 0, 1, '2018-09-19 12:10:47', '2018-09-19 12:10:52'),
(1194, 81, NULL, NULL, 1, 'E-6', 'adult price', 0, 0, 1, '2018-09-19 12:10:47', '2018-09-19 12:10:52'),
(1195, 81, NULL, NULL, 1, 'E-7', 'adult price', 0, 0, 1, '2018-09-19 12:10:48', '2018-09-19 12:10:52'),
(1196, 81, NULL, NULL, 1, 'E-8', 'adult price', 0, 0, 1, '2018-09-19 12:10:48', '2018-09-19 12:10:52'),
(1197, 81, NULL, NULL, 1, 'E-6', 'adult price', 0, 0, 1, '2018-09-19 12:10:52', '2018-09-22 06:05:48'),
(1198, 62, NULL, NULL, 1, 'A-4', 'adult price', 0, 0, 1, '2018-09-22 05:48:32', '2018-09-22 06:05:48'),
(1199, 62, NULL, NULL, 1, 'B-4', 'adult price', 0, 0, 1, '2018-09-22 05:48:32', '2018-09-22 06:05:48'),
(1200, 62, NULL, NULL, 1, 'C-4', 'adult price', 0, 0, 1, '2018-09-22 05:48:33', '2018-09-22 06:05:48'),
(1201, 62, NULL, NULL, 1, 'D-4', 'adult price', 0, 0, 1, '2018-09-22 05:48:33', '2018-09-22 06:05:48'),
(1202, 62, NULL, NULL, 1, 'E-4', 'adult price', 0, 0, 1, '2018-09-22 05:48:34', '2018-09-22 06:05:48'),
(1203, 62, NULL, NULL, 1, 'E-5', 'adult price', 0, 0, 1, '2018-09-22 05:48:34', '2018-09-22 06:05:48'),
(1204, 62, NULL, NULL, 1, 'D-5', 'adult price', 0, 0, 1, '2018-09-22 05:48:35', '2018-09-22 06:05:48'),
(1205, 62, NULL, NULL, 1, 'C-4', 'adult price', 0, 0, 1, '2018-09-22 05:48:38', '2018-09-22 06:05:48'),
(1216, 61, NULL, NULL, 1, 'B-8', 'child price', 0, 0, 1, '2018-09-22 06:06:49', '2018-09-22 06:06:58'),
(1217, 61, NULL, NULL, 1, 'C-8', 'child price', 0, 0, 1, '2018-09-22 06:06:50', '2018-09-22 06:06:59'),
(1218, 61, NULL, NULL, 1, 'C-9', 'adult price', 0, 0, 1, '2018-09-22 06:06:52', '2018-09-22 06:06:59'),
(1219, 61, NULL, NULL, 1, 'C-10', 'adult price', 1, 0, 1, '2018-09-22 06:06:54', '2018-09-22 06:06:59'),
(1220, 61, NULL, NULL, 1, 'B-8', 'adult price', 1, 0, 1, '2018-09-22 06:06:54', '2018-09-22 06:06:59'),
(1221, 61, NULL, NULL, 1, 'C-10', 'adult price', 1, 0, 1, '2018-09-22 06:06:59', '2018-09-22 07:37:25'),
(1222, 74, NULL, NULL, 1, 'A-4', 'adult price', 0, 0, 1, '2018-09-22 07:37:18', '2018-09-22 07:37:25'),
(1223, 74, NULL, NULL, 1, 'A-6', 'adult price', 0, 0, 1, '2018-09-22 07:37:18', '2018-09-22 07:37:25'),
(1224, 74, NULL, NULL, 1, 'A-5', 'adult price', 0, 0, 1, '2018-09-22 07:37:20', '2018-09-22 07:37:25'),
(1226, 74, 33, 'advance', 1, 'B-5', 'adult price', 0, 0, 1, '2018-09-22 07:43:35', '2018-09-22 07:43:47'),
(1227, 74, 33, 'advance', 1, 'B-6', 'adult price', 0, 0, 1, '2018-09-22 07:43:36', '2018-09-22 07:43:47'),
(1228, 74, 33, 'advance', 1, 'B-7', 'adult price', 0, 0, 1, '2018-09-22 07:43:36', '2018-09-22 07:43:47'),
(1229, 66, 34, 'advance', 1, 'B-8', 'adult price', 0, 0, 1, '2018-09-22 07:43:52', '2018-09-22 07:43:59'),
(1230, 66, 34, 'advance', 1, 'A-10', 'adult price', 0, 0, 1, '2018-09-22 07:43:53', '2018-09-22 07:43:59'),
(1237, 60, 35, 'advance', 1, 'D-7', 'adult price', 1, 0, 1, '2018-09-22 07:44:46', '2018-09-22 07:45:08'),
(1238, 60, 35, 'advance', 1, 'E-7', 'adult price', 0, 0, 1, '2018-09-22 07:44:48', '2018-09-22 07:45:08'),
(1239, 60, 35, 'advance', 1, 'E-6', 'adult price', 0, 0, 1, '2018-09-22 07:44:49', '2018-09-22 07:45:08'),
(1240, 60, 35, 'advance', 1, 'D-6', 'adult price', 0, 0, 1, '2018-09-22 07:44:49', '2018-09-22 07:45:08'),
(1241, 60, 35, 'advance', 1, 'D-5', 'adult price', 0, 0, 1, '2018-09-22 07:44:50', '2018-09-22 07:45:08'),
(1242, 62, 36, 'advance', 1, 'E-6', 'adult price', 0, 0, 1, '2018-09-22 07:45:14', '2018-09-22 07:45:21'),
(1243, 62, 36, 'advance', 1, 'D-6', 'adult price', 0, 0, 1, '2018-09-22 07:45:14', '2018-09-22 07:45:21'),
(1261, 82, 37, 'advance', 1, 'B-6', 'adult price', 0, 0, 1, '2018-09-22 12:52:49', '2018-09-22 12:53:08'),
(1262, 82, 37, 'advance', 1, 'C-6', 'adult price', 0, 0, 1, '2018-09-22 12:52:49', '2018-09-22 12:53:08'),
(1263, 82, 37, 'advance', 1, 'D-6', 'adult price', 0, 0, 1, '2018-09-22 12:52:50', '2018-09-22 12:53:08'),
(1264, 82, 37, 'advance', 1, 'D-7', 'adult price', 0, 0, 1, '2018-09-22 12:52:53', '2018-09-22 12:53:08'),
(1265, 82, 37, 'advance', 1, 'D-8', 'adult price', 0, 0, 1, '2018-09-22 12:52:53', '2018-09-22 12:53:08'),
(1266, 82, 37, 'advance', 1, 'D-9', 'adult price', 0, 0, 1, '2018-09-22 12:52:54', '2018-09-22 12:53:08'),
(1267, 82, 37, 'advance', 1, 'A-6', 'adult price', 0, 0, 1, '2018-09-22 12:52:56', '2018-09-22 12:53:08'),
(1268, 82, 37, 'advance', 1, 'A-7', 'adult price', 0, 0, 1, '2018-09-22 12:52:57', '2018-09-22 12:53:08'),
(1269, 82, 37, 'advance', 1, 'A-8', 'adult price', 0, 0, 1, '2018-09-22 12:52:57', '2018-09-22 12:53:08'),
(1270, 82, 37, 'advance', 1, 'A-9', 'adult price', 0, 0, 1, '2018-09-22 12:52:58', '2018-09-22 12:53:09'),
(1271, 82, 37, 'advance', 1, 'B-9', 'adult price', 0, 0, 1, '2018-09-22 12:52:58', '2018-09-22 12:53:09'),
(1272, 82, 37, 'advance', 1, 'D-8', 'adult price', 0, 0, 1, '2018-09-22 12:52:59', '2018-09-22 12:53:09'),
(1273, 82, 37, 'advance', 1, 'C-9', 'adult price', 0, 0, 1, '2018-09-22 12:52:59', '2018-09-22 12:53:09'),
(1274, 60, NULL, NULL, 1, 'A-7', 'adult price', 0, 0, 1, '2018-09-22 14:37:27', '2018-09-22 14:37:33'),
(1276, 82, NULL, NULL, 1, 'A-5', 'adult price', 0, 0, 1, '2018-09-24 05:34:56', '2018-09-24 05:35:09'),
(1277, 82, NULL, NULL, 1, 'B-5', 'adult price', 0, 0, 1, '2018-09-24 05:34:56', '2018-09-24 05:35:09'),
(1278, 82, NULL, NULL, 1, 'C-5', 'adult price', 0, 0, 1, '2018-09-24 05:34:57', '2018-09-24 05:35:10'),
(1279, 82, NULL, NULL, 1, 'D-5', 'adult price', 0, 0, 1, '2018-09-24 05:34:58', '2018-09-24 05:35:10'),
(1280, 60, NULL, NULL, 1, 'C-7', 'adult price', 0, 0, 1, '2018-09-24 05:46:06', '2018-09-24 05:46:23'),
(1281, 60, NULL, NULL, 1, 'C-6', 'adult price', 0, 0, 1, '2018-09-24 05:46:07', '2018-09-24 05:46:23'),
(1282, 60, NULL, NULL, 1, 'C-5', 'adult price', 0, 0, 1, '2018-09-24 05:46:09', '2018-09-24 05:46:24'),
(1283, 60, NULL, NULL, 1, 'C-8', 'adult price', 0, 0, 1, '2018-09-24 05:46:10', '2018-09-24 05:46:24'),
(1284, 60, NULL, NULL, 1, 'C-6', 'adult price', 0, 0, 1, '2018-09-24 05:46:12', '2018-09-24 05:46:25'),
(1285, 60, NULL, NULL, 1, 'C-9', 'adult price', 0, 0, 1, '2018-09-24 05:46:16', '2018-09-24 05:46:26'),
(1286, 60, NULL, NULL, 1, 'C-9', 'adult price', 0, 0, 1, '2018-09-24 05:46:19', '2018-09-24 05:46:26'),
(1287, 60, NULL, NULL, 1, 'C-9', 'adult price', 0, 0, 1, '2018-09-24 05:46:24', '2018-09-24 05:51:00'),
(1288, 62, NULL, NULL, 1, 'A-3', 'adult price', 0, 0, 1, '2018-09-24 05:50:53', '2018-09-24 05:51:00'),
(1289, 62, NULL, NULL, 1, 'B-3', 'adult price', 0, 0, 1, '2018-09-24 05:50:53', '2018-09-24 05:51:00'),
(1290, 62, NULL, NULL, 1, 'C-3', 'adult price', 0, 0, 1, '2018-09-24 05:50:54', '2018-09-24 05:51:00'),
(1291, 60, NULL, NULL, 1, 'C-3', 'adult price', 0, 0, 1, '2018-09-24 05:51:08', '2018-09-24 05:51:10'),
(1292, 82, NULL, NULL, 2, 'A-10', 'adult price', 0, 0, 1, '2018-09-24 07:32:29', '2018-09-24 07:32:42'),
(1293, 82, NULL, NULL, 2, 'B-10', 'adult price', 0, 0, 1, '2018-09-24 07:32:29', '2018-09-24 07:32:42'),
(1294, 82, NULL, NULL, 2, 'C-10', 'adult price', 0, 0, 1, '2018-09-24 07:32:30', '2018-09-24 07:32:42'),
(1295, 82, NULL, NULL, 2, 'C-10', 'adult price', 0, 0, 1, '2018-09-24 07:32:35', '2018-09-24 07:32:42'),
(1296, 82, NULL, NULL, 2, 'D-10', 'adult price', 0, 0, 1, '2018-09-24 07:32:35', '2018-09-24 07:32:42'),
(1297, 82, NULL, NULL, 2, 'E-10', 'adult price', 0, 0, 1, '2018-09-24 07:32:36', '2018-09-24 07:32:42'),
(1298, 82, NULL, NULL, 2, 'E-9', 'adult price', 0, 0, 1, '2018-09-24 07:32:37', '2018-09-24 07:32:42'),
(1301, 61, NULL, NULL, 1, 'A-1', 'adult price', 1, 0, 1, '2018-09-25 09:52:12', '2018-09-25 09:52:18'),
(1302, 61, NULL, NULL, 1, 'B-1', 'adult price', 1, 0, 1, '2018-09-25 09:52:12', '2018-09-25 09:52:18'),
(1303, 61, NULL, NULL, 1, 'C-1', 'adult price', 1, 0, 1, '2018-09-25 09:52:13', '2018-09-25 09:52:18'),
(1304, 61, NULL, NULL, 1, 'C-1', 'adult price', 1, 0, 1, '2018-09-25 09:52:18', '2018-09-25 10:06:20'),
(1305, 62, NULL, NULL, 1, 'A-5', 'adult price', 0, 0, 1, '2018-09-25 10:06:17', '2018-09-25 10:06:20'),
(1313, 62, NULL, NULL, 1, 'A-2', 'adult price', 0, 0, 1, '2018-09-25 10:14:02', '2018-09-25 10:20:36'),
(1314, 62, NULL, NULL, 1, 'A-1', 'adult price', 0, 0, 1, '2018-09-25 10:14:03', '2018-09-25 10:20:36'),
(1315, 62, NULL, NULL, 1, 'B-1', 'adult price', 0, 0, 1, '2018-09-25 10:14:03', '2018-09-25 10:20:36'),
(1316, 62, NULL, NULL, 1, 'B-2', 'adult price', 0, 0, 1, '2018-09-25 10:14:04', '2018-09-25 10:20:36'),
(1317, 62, NULL, NULL, 1, 'C-1', 'adult price', 0, 0, 1, '2018-09-25 10:14:08', '2018-09-25 10:20:36'),
(1318, 62, NULL, NULL, 1, 'C-2', 'adult price', 0, 0, 1, '2018-09-25 10:14:09', '2018-09-25 10:20:36'),
(1319, 62, NULL, NULL, 1, 'A-6', 'adult price', 0, 0, 1, '2018-09-25 11:49:56', '2018-09-25 11:50:07'),
(1320, 62, NULL, NULL, 1, 'B-6', 'adult price', 0, 0, 1, '2018-09-25 11:49:57', '2018-09-25 11:50:07'),
(1321, 62, NULL, NULL, 1, 'C-6', 'adult price', 0, 0, 1, '2018-09-25 11:49:57', '2018-09-25 11:50:07'),
(1322, 62, NULL, NULL, 1, 'C-5', 'adult price', 0, 0, 1, '2018-09-25 11:49:58', '2018-09-25 11:50:07'),
(1323, 62, NULL, NULL, 1, 'B-5', 'adult price', 0, 0, 1, '2018-09-25 11:49:58', '2018-09-25 11:50:07'),
(1324, 62, NULL, NULL, 1, 'B-7', 'adult price', 0, 0, 1, '2018-09-25 11:49:59', '2018-09-25 11:50:07'),
(1325, 62, NULL, NULL, 1, 'A-7', 'adult price', 0, 0, 1, '2018-09-25 11:49:59', '2018-09-25 11:50:07'),
(1326, 62, NULL, NULL, 1, 'A-8', 'adult price', 0, 0, 1, '2018-09-25 11:50:00', '2018-09-25 11:50:07'),
(1327, 62, NULL, NULL, 1, 'B-8', 'adult price', 0, 0, 1, '2018-09-25 11:50:01', '2018-09-25 11:50:07'),
(1328, 62, NULL, NULL, 1, 'C-8', 'adult price', 0, 0, 1, '2018-09-25 11:50:01', '2018-09-25 11:50:07'),
(1329, 62, NULL, NULL, 1, 'B-6', 'adult price', 0, 0, 1, '2018-09-25 11:50:02', '2018-09-25 11:50:07'),
(1330, 62, NULL, NULL, 1, 'C-7', 'adult price', 0, 0, 1, '2018-09-25 11:50:02', '2018-09-25 11:50:07'),
(1331, 62, NULL, NULL, 1, 'B-7', 'adult price', 0, 0, 1, '2018-09-25 11:50:04', '2018-09-25 11:50:07'),
(1332, 62, NULL, NULL, 1, 'C-7', 'adult price', 0, 0, 1, '2018-09-25 11:50:07', '2018-09-25 12:02:26'),
(1333, 66, NULL, NULL, 1, 'A-5', 'adult price', 0, 0, 1, '2018-09-25 12:02:17', '2018-09-25 12:02:26'),
(1334, 66, NULL, NULL, 1, 'B-3', 'adult price', 0, 0, 1, '2018-09-25 12:02:18', '2018-09-25 12:02:26'),
(1337, 60, NULL, NULL, 1, 'B-7', 'adult price', 1, 0, 1, '2018-09-25 13:07:17', '2018-09-25 13:07:20'),
(1338, 61, NULL, NULL, 1, 'B-5', 'adult price', 1, 0, 1, '2018-09-25 13:08:09', '2018-09-25 13:08:12'),
(1340, 62, NULL, NULL, 1, 'D-3', 'adult price', 1, 0, 1, '2018-09-25 13:08:22', '2018-09-25 13:08:24'),
(1354, 60, NULL, NULL, 1, 'E-3', 'adult price', 0, 0, 1, '2018-09-27 05:47:47', '2018-09-27 05:47:58'),
(1355, 60, NULL, NULL, 1, 'E-2', 'adult price', 0, 0, 1, '2018-09-27 05:47:48', '2018-09-27 05:47:58'),
(1356, 60, NULL, NULL, 1, 'E-1', 'adult price', 0, 0, 1, '2018-09-27 05:47:48', '2018-09-27 05:47:58'),
(1357, 60, NULL, NULL, 1, 'D-1', 'adult price', 0, 0, 1, '2018-09-27 05:47:50', '2018-09-27 05:47:58'),
(1358, 60, NULL, NULL, 1, 'C-1', 'adult price', 0, 0, 1, '2018-09-27 05:47:51', '2018-09-27 05:47:58'),
(1359, 60, NULL, NULL, 1, 'B-1', 'adult price', 0, 0, 1, '2018-09-27 05:47:52', '2018-09-27 05:47:58'),
(1360, 60, NULL, NULL, 1, 'E-1', 'adult price', 0, 0, 1, '2018-09-27 05:47:53', '2018-09-27 05:47:58'),
(1377, 82, NULL, NULL, 1, 'A-11', 'adult price', 0, 0, 1, '2018-09-27 05:52:23', '2018-09-27 05:52:38'),
(1380, 82, NULL, NULL, 1, 'A-12', 'adult price', 0, 0, 1, '2018-09-27 05:52:27', '2018-09-27 05:52:38'),
(1381, 82, NULL, NULL, 1, 'A-13', 'adult price', 0, 0, 1, '2018-09-27 05:52:28', '2018-09-27 05:52:38'),
(1384, 82, NULL, NULL, 1, 'B-11', 'adult price', 0, 0, 1, '2018-09-27 08:14:42', '2018-09-27 08:14:47'),
(1385, 82, NULL, NULL, 1, 'C-11', 'adult price', 0, 0, 1, '2018-09-27 08:14:42', '2018-09-27 08:14:47'),
(1386, 82, NULL, NULL, 1, 'D-11', 'adult price', 0, 0, 1, '2018-09-27 08:14:43', '2018-09-27 08:14:47'),
(1403, 82, NULL, NULL, 1, 'B-12', 'adult price', 0, 0, 1, '2018-09-27 08:21:16', '2018-09-27 08:21:31'),
(1404, 82, NULL, NULL, 1, 'C-12', 'adult price', 0, 0, 1, '2018-09-27 08:21:16', '2018-09-27 08:21:31'),
(1405, 82, NULL, NULL, 1, 'C-13', 'adult price', 0, 0, 1, '2018-09-27 08:21:17', '2018-09-27 08:21:31'),
(1406, 82, NULL, NULL, 1, 'D-12', 'adult price', 0, 0, 1, '2018-09-27 08:24:35', '2018-09-27 08:24:41'),
(1407, 82, NULL, NULL, 1, 'D-13', 'adult price', 0, 0, 1, '2018-09-27 08:24:35', '2018-09-27 08:24:41'),
(1408, 82, NULL, NULL, 1, 'E-13', 'adult price', 0, 0, 1, '2018-09-27 08:24:36', '2018-09-27 08:24:41'),
(1409, 82, NULL, NULL, 1, 'E-13', 'adult price', 0, 0, 1, '2018-09-27 08:24:41', '2018-09-27 08:26:56'),
(1410, 82, NULL, NULL, 1, 'E-12', 'adult price', 0, 0, 1, '2018-09-27 08:26:53', '2018-09-27 08:26:56'),
(1411, 82, NULL, NULL, 1, 'E-11', 'adult price', 0, 0, 1, '2018-09-27 08:26:54', '2018-09-27 08:26:56'),
(1412, 82, NULL, NULL, 1, 'E-8', 'adult price', 0, 0, 1, '2018-09-27 08:26:54', '2018-09-27 08:26:57'),
(1413, 82, NULL, NULL, 1, 'E-7', 'adult price', 0, 0, 1, '2018-09-27 08:29:36', '2018-09-27 08:29:38'),
(1414, 82, NULL, NULL, 1, 'E-6', 'adult price', 0, 0, 1, '2018-09-27 08:32:42', '2018-09-27 08:32:44'),
(1415, 82, NULL, NULL, 1, 'E-15', 'adult price', 0, 0, 1, '2018-09-27 08:33:30', '2018-09-27 08:33:32'),
(1416, 82, NULL, NULL, 1, 'C-8', 'adult price', 0, 0, 1, '2018-09-27 08:34:29', '2018-09-27 08:34:31'),
(1417, 82, NULL, NULL, 1, 'C-7', 'adult price', 0, 0, 1, '2018-09-27 08:36:03', '2018-09-27 08:36:05'),
(1418, 82, NULL, NULL, 1, 'A-1', 'adult price', 0, 0, 1, '2018-09-27 08:44:16', '2018-09-27 08:44:22'),
(1419, 82, NULL, NULL, 1, 'B-1', 'adult price', 0, 0, 1, '2018-09-27 08:44:17', '2018-09-27 08:44:22'),
(1420, 82, NULL, NULL, 1, 'C-1', 'adult price', 0, 0, 1, '2018-09-27 08:44:18', '2018-09-27 08:44:22'),
(1421, 82, NULL, NULL, 1, 'D-1', 'adult price', 0, 0, 1, '2018-09-27 08:46:39', '2018-09-27 08:46:44'),
(1422, 82, NULL, NULL, 1, 'E-1', 'adult price', 0, 0, 1, '2018-09-27 08:46:39', '2018-09-27 08:46:44'),
(1423, 82, NULL, NULL, 1, 'E-2', 'adult price', 0, 0, 1, '2018-09-27 08:46:40', '2018-09-27 08:46:44'),
(1424, 82, NULL, NULL, 1, 'E-2', 'adult price', 0, 0, 1, '2018-09-27 08:46:45', '2018-09-27 08:51:35'),
(1425, 82, NULL, NULL, 1, 'A-2', 'adult price', 0, 0, 1, '2018-09-27 08:51:30', '2018-09-27 08:51:35'),
(1426, 82, NULL, NULL, 1, 'B-2', 'adult price', 0, 0, 1, '2018-09-27 08:51:30', '2018-09-27 08:51:35'),
(1427, 82, NULL, NULL, 1, 'C-2', 'adult price', 0, 0, 1, '2018-09-27 08:51:31', '2018-09-27 08:51:35'),
(1428, 82, NULL, NULL, 1, 'B-2', 'adult price', 0, 0, 1, '2018-09-27 08:51:35', '2018-09-27 09:15:26'),
(1429, 82, NULL, NULL, 1, 'C-2', 'adult price', 0, 0, 1, '2018-09-27 08:51:36', '2018-09-27 09:15:26'),
(1430, 82, NULL, NULL, 1, 'D-2', 'adult price', 0, 0, 1, '2018-09-27 09:15:20', '2018-09-27 09:15:26'),
(1431, 82, NULL, NULL, 1, 'E-3', 'adult price', 0, 0, 1, '2018-09-27 09:15:21', '2018-09-27 09:15:26'),
(1432, 82, NULL, NULL, 1, 'D-3', 'adult price', 0, 0, 1, '2018-09-27 09:15:22', '2018-09-27 09:15:26'),
(1433, 82, NULL, NULL, 1, 'D-3', 'adult price', 0, 1, 0, '2018-09-27 09:15:27', '2018-09-27 09:15:27');

-- --------------------------------------------------------

--
-- Table structure for table `settings`
--

DROP TABLE IF EXISTS `settings`;
CREATE TABLE IF NOT EXISTS `settings` (
  `id` int(10) UNSIGNED NOT NULL AUTO_INCREMENT,
  `name` varchar(255) COLLATE utf8mb4_unicode_ci DEFAULT NULL,
  `value` varchar(255) COLLATE utf8mb4_unicode_ci DEFAULT NULL,
  `created_at` timestamp NULL DEFAULT NULL,
  `updated_at` timestamp NULL DEFAULT NULL,
  PRIMARY KEY (`id`)
) ENGINE=InnoDB AUTO_INCREMENT=2 DEFAULT CHARSET=utf8mb4 COLLATE=utf8mb4_unicode_ci;

--
-- Dumping data for table `settings`
--

INSERT INTO `settings` (`id`, `name`, `value`, `created_at`, `updated_at`) VALUES
(1, 'popup', '0', NULL, '2018-08-19 08:44:04');

-- --------------------------------------------------------

--
-- Table structure for table `show_times`
--

DROP TABLE IF EXISTS `show_times`;
CREATE TABLE IF NOT EXISTS `show_times` (
  `id` int(10) UNSIGNED NOT NULL AUTO_INCREMENT,
  `movie_id` int(10) UNSIGNED NOT NULL,
  `screen_id` int(10) UNSIGNED NOT NULL,
  `ticket_id` int(10) UNSIGNED DEFAULT NULL,
  `voucher_id` int(10) UNSIGNED DEFAULT NULL,
  `timing_id` int(10) UNSIGNED NOT NULL,
  `dateTime` datetime NOT NULL,
  `endDateTime` datetime DEFAULT NULL,
  `date` date NOT NULL,
  `time` time NOT NULL,
  `day` varchar(255) COLLATE utf8mb4_unicode_ci NOT NULL,
  `complimentrySeat` tinyint(1) NOT NULL,
  `key` varchar(255) COLLATE utf8mb4_unicode_ci NOT NULL,
  `color` varchar(255) COLLATE utf8mb4_unicode_ci NOT NULL,
  `sale` int(11) DEFAULT NULL,
  `status` tinyint(4) NOT NULL,
  `created_at` timestamp NULL DEFAULT NULL,
  `updated_at` timestamp NULL DEFAULT NULL,
  PRIMARY KEY (`id`),
  KEY `show_times_movie_id_foreign` (`movie_id`),
  KEY `show_times_screen_id_foreign` (`screen_id`),
  KEY `show_times_timing_id_foreign` (`timing_id`),
  KEY `show_times_ticket_id_foreign` (`ticket_id`),
  KEY `show_times_voucher_id_foreign` (`voucher_id`)
) ENGINE=InnoDB AUTO_INCREMENT=85 DEFAULT CHARSET=utf8mb4 COLLATE=utf8mb4_unicode_ci;

--
-- Dumping data for table `show_times`
--

INSERT INTO `show_times` (`id`, `movie_id`, `screen_id`, `ticket_id`, `voucher_id`, `timing_id`, `dateTime`, `endDateTime`, `date`, `time`, `day`, `complimentrySeat`, `key`, `color`, `sale`, `status`, `created_at`, `updated_at`) VALUES
(20, 4, 1, 1, NULL, 1, '2018-08-30 15:41:00', '2018-08-19 06:40:00', '2018-08-30', '15:41:00', 'Thursday', 1, 'public', 'yellow', NULL, 1, '2018-08-19 01:30:44', '2018-08-29 05:41:36'),
(21, 4, 1, 1, NULL, 1, '2018-08-19 07:00:00', '2018-08-19 09:40:00', '2018-08-19', '07:00:00', 'Sunday', 1, 'public', 'yellow', NULL, 1, '2018-08-19 01:30:44', '2018-08-19 01:30:44'),
(22, 4, 1, 1, NULL, 1, '2018-08-20 01:00:00', '2018-08-20 03:40:00', '2018-08-20', '01:00:00', 'Monday', 1, 'public', 'yellow', NULL, 1, '2018-08-19 01:30:44', '2018-08-19 01:30:44'),
(23, 4, 1, 1, NULL, 1, '2018-08-20 04:00:00', '2018-08-20 06:40:00', '2018-08-20', '04:00:00', 'Monday', 1, 'public', 'yellow', NULL, 1, '2018-08-19 01:30:44', '2018-08-19 01:30:44'),
(24, 4, 4, 1, NULL, 1, '2018-08-30 22:00:00', '2018-08-20 09:40:00', '2018-08-30', '22:00:00', 'Thursday', 1, 'public', 'yellow', NULL, 1, '2018-08-19 01:30:44', '2018-08-29 05:45:49'),
(25, 4, 1, 1, NULL, 1, '2018-08-21 01:00:00', '2018-08-21 03:40:00', '2018-08-21', '01:00:00', 'Tuesday', 1, 'public', 'yellow', NULL, 1, '2018-08-19 01:30:44', '2018-08-19 01:30:44'),
(26, 4, 4, 1, NULL, 1, '2018-08-19 03:00:00', '2018-08-21 06:40:00', '2018-08-19', '03:00:00', 'Sunday', 1, 'public', 'yellow', NULL, 1, '2018-08-19 01:30:44', '2018-08-19 02:16:45'),
(27, 4, 1, 1, NULL, 1, '2018-08-21 07:00:00', '2018-08-21 09:40:00', '2018-08-21', '07:00:00', 'Tuesday', 1, 'public', 'yellow', NULL, 1, '2018-08-19 01:30:45', '2018-08-19 01:30:45'),
(29, 3, 4, 1, NULL, 1, '2018-08-19 00:00:00', '2018-08-19 02:39:00', '2018-08-19', '00:00:00', 'Sunday', 1, 'public', 'blue', NULL, 1, '2018-08-19 02:56:11', '2018-08-19 02:56:11'),
(30, 3, 4, NULL, 2, 1, '2018-08-19 11:00:00', '2018-08-19 13:39:00', '2018-08-19', '11:00:00', 'Sunday', 0, 'private', 'blue', NULL, 1, '2018-08-19 04:23:41', '2018-08-19 04:23:41'),
(34, 2, 4, NULL, 2, 1, '2018-08-19 21:00:00', '2018-08-20 00:40:00', '2018-08-19', '21:00:00', 'Sunday', 1, 'private', 'green', NULL, 1, '2018-08-19 04:49:00', '2018-08-19 05:34:55'),
(35, 6, 1, NULL, 2, 1, '2018-08-19 19:00:00', '2018-08-19 19:00:00', '2018-08-19', '19:00:00', 'Sunday', 0, 'private', 'yellow', NULL, 1, '2018-08-19 05:36:42', '2018-08-19 05:37:48'),
(38, 6, 4, 2, NULL, 1, '2018-08-21 11:00:00', '2018-08-21 14:00:00', '2018-08-21', '11:00:00', 'Tuesday', 0, 'public', 'blue', NULL, 1, '2018-08-20 00:34:33', '2018-08-20 00:34:33'),
(39, 6, 4, 2, NULL, 1, '2018-08-21 15:00:00', '2018-08-21 18:00:00', '2018-08-21', '15:00:00', 'Tuesday', 0, 'public', 'blue', NULL, 1, '2018-08-20 00:34:33', '2018-08-20 00:34:33'),
(40, 6, 4, 2, NULL, 1, '2018-08-21 22:00:00', '2018-08-22 01:00:00', '2018-08-21', '22:00:00', 'Tuesday', 0, 'public', 'blue', NULL, 1, '2018-08-20 00:34:33', '2018-08-20 00:34:33'),
(41, 6, 4, 2, NULL, 1, '2018-08-21 00:00:00', '2018-08-21 03:00:00', '2018-08-21', '00:00:00', 'Tuesday', 0, 'public', 'blue', NULL, 1, '2018-08-20 00:34:33', '2018-08-20 00:34:33'),
(42, 6, 4, 2, NULL, 1, '2018-08-22 11:00:00', '2018-08-22 14:00:00', '2018-08-22', '11:00:00', 'Wednesday', 0, 'public', 'blue', NULL, 1, '2018-08-20 00:34:33', '2018-08-20 00:34:33'),
(43, 6, 4, 2, NULL, 1, '2018-08-22 15:00:00', '2018-08-22 18:00:00', '2018-08-22', '15:00:00', 'Wednesday', 0, 'public', 'blue', NULL, 1, '2018-08-20 00:34:33', '2018-08-20 00:34:33'),
(44, 6, 4, 2, NULL, 1, '2018-08-22 22:00:00', '2018-08-23 01:00:00', '2018-08-22', '22:00:00', 'Wednesday', 0, 'public', 'blue', NULL, 1, '2018-08-20 00:34:33', '2018-08-20 00:34:33'),
(46, 6, 4, 2, NULL, 1, '2018-08-23 11:00:00', '2018-08-23 14:00:00', '2018-08-23', '11:00:00', 'Thursday', 0, 'public', 'blue', NULL, 1, '2018-08-20 00:34:33', '2018-08-20 00:34:33'),
(47, 6, 4, 2, NULL, 1, '2018-08-23 15:00:00', '2018-08-23 18:00:00', '2018-08-23', '15:00:00', 'Thursday', 0, 'public', 'blue', NULL, 1, '2018-08-20 00:34:33', '2018-08-20 00:34:33'),
(48, 6, 4, 2, NULL, 1, '2018-08-23 22:00:00', '2018-08-24 01:00:00', '2018-08-23', '22:00:00', 'Thursday', 0, 'public', 'blue', NULL, 1, '2018-08-20 00:34:33', '2018-08-20 00:34:33'),
(49, 2, 1, 1, NULL, 1, '2018-08-23 02:00:00', '2018-08-23 03:00:00', '2018-08-23', '02:00:00', 'Thursday', 1, 'public', 'pink', NULL, 0, '2018-08-20 00:34:33', '2018-08-20 00:44:11'),
(50, 7, 4, 1, NULL, 1, '2018-08-31 13:00:00', '2018-08-31 13:15:00', '2018-08-31', '13:00:00', 'Friday', 0, 'public', 'blue', NULL, 1, '2018-08-29 05:49:46', '2018-08-29 05:49:46'),
(51, 7, 4, 1, NULL, 1, '2018-08-31 16:00:00', '2018-08-31 16:15:00', '2018-08-31', '16:00:00', 'Friday', 0, 'public', 'blue', NULL, 1, '2018-08-29 05:49:46', '2018-08-29 05:49:46'),
(52, 7, 4, 1, NULL, 1, '2018-08-31 17:00:00', '2018-08-31 17:15:00', '2018-08-31', '17:00:00', 'Friday', 0, 'public', 'blue', NULL, 1, '2018-08-29 05:49:46', '2018-08-29 05:49:46'),
(53, 3, 5, 2, NULL, 1, '2018-08-31 00:00:00', '2018-08-31 02:39:00', '2018-08-31', '00:00:00', 'Friday', 0, 'public', 'pink', NULL, 1, '2018-08-30 04:40:59', '2018-08-30 04:40:59'),
(54, 2, 5, 2, NULL, 1, '2018-09-04 11:00:00', '2018-09-04 13:40:00', '2018-09-04', '11:00:00', 'Tuesday', 0, 'public', 'yellow', NULL, 1, '2018-09-01 00:37:24', '2018-09-01 00:37:24'),
(55, 3, 1, 1, NULL, 1, '2018-09-05 00:00:00', '2018-09-05 02:39:00', '2018-09-05', '00:00:00', 'Wednesday', 0, 'public', 'pink', NULL, 1, '2018-09-01 03:01:01', '2018-09-01 03:01:01'),
(56, 3, 1, 1, NULL, 1, '2018-09-05 17:00:00', '2018-09-05 19:39:00', '2018-09-05', '17:00:00', 'Wednesday', 0, 'public', 'pink', NULL, 1, '2018-09-01 03:01:01', '2018-09-01 03:01:01'),
(57, 6, 4, 1, NULL, 1, '2018-09-06 17:00:00', '2018-09-06 20:00:00', '2018-09-06', '17:00:00', 'Thursday', 1, 'public', 'blue', NULL, 1, '2018-09-01 06:10:05', '2018-09-01 06:10:05'),
(58, 2, 1, 2, NULL, 1, '2018-09-14 17:00:00', '2018-09-14 19:40:00', '2018-09-14', '17:00:00', 'Friday', 0, 'public', 'yellow', NULL, 1, '2018-09-04 08:42:39', '2018-09-04 08:42:39'),
(59, 2, 1, 2, NULL, 1, '2018-09-14 11:00:00', '2018-09-14 13:40:00', '2018-09-14', '11:00:00', 'Friday', 0, 'public', 'yellow', NULL, 1, '2018-09-04 08:42:39', '2018-09-04 08:42:39'),
(60, 2, 4, 2, NULL, 1, '2018-10-15 11:00:00', '2018-10-15 13:40:00', '2018-10-15', '11:00:00', 'Monday', 1, 'public', 'pink', NULL, 1, '2018-09-04 08:43:41', '2018-09-04 08:43:41'),
(61, 2, 4, 2, NULL, 1, '2018-10-15 00:00:00', '2018-10-15 02:40:00', '2018-10-15', '00:00:00', 'Monday', 1, 'public', 'pink', NULL, 1, '2018-09-04 08:43:41', '2018-09-04 08:43:41'),
(62, 2, 4, 2, NULL, 1, '2018-10-15 19:00:00', '2018-10-15 21:40:00', '2018-10-15', '19:00:00', 'Monday', 1, 'public', 'pink', NULL, 1, '2018-09-04 08:43:41', '2018-09-04 08:43:41'),
(63, 2, 4, 2, NULL, 1, '2018-09-16 11:00:00', '2018-09-16 13:40:00', '2018-09-16', '11:00:00', 'Sunday', 1, 'public', 'pink', NULL, 1, '2018-09-04 08:43:41', '2018-09-04 08:43:41'),
(64, 2, 4, 2, NULL, 1, '2018-09-16 00:00:00', '2018-09-16 02:40:00', '2018-09-16', '00:00:00', 'Sunday', 1, 'public', 'pink', NULL, 1, '2018-09-04 08:43:41', '2018-09-04 08:43:41'),
(65, 2, 4, 2, NULL, 1, '2018-09-16 19:00:00', '2018-09-16 21:40:00', '2018-09-16', '19:00:00', 'Sunday', 1, 'public', 'pink', NULL, 1, '2018-09-04 08:43:41', '2018-09-04 08:43:41'),
(66, 8, 1, 2, NULL, 1, '2018-10-07 01:00:00', '2018-10-07 04:00:00', '2018-10-07', '01:00:00', 'Sunday', 1, 'public', 'yellow', NULL, 1, '2018-09-05 00:25:27', '2018-09-05 00:25:27'),
(67, 8, 1, 2, NULL, 1, '2018-10-07 12:00:00', '2018-10-07 15:00:00', '2018-10-07', '12:00:00', 'Sunday', 1, 'public', 'yellow', NULL, 2, '2018-09-05 00:25:28', '2018-09-05 00:34:31'),
(68, 9, 4, 1, NULL, 1, '2018-09-04 17:00:00', '2018-09-04 19:30:00', '2018-09-04', '17:00:00', 'Tuesday', 0, 'public', 'pink', NULL, 1, '2018-09-05 02:52:35', '2018-09-05 02:52:35'),
(69, 11, 4, 1, NULL, 1, '2018-09-12 18:20:00', '2018-09-13 09:20:00', '2018-09-12', '18:20:00', 'Wednesday', 0, 'public', 'blue', NULL, 1, '2018-09-05 02:53:34', '2018-09-05 02:53:34'),
(70, 10, 5, 1, NULL, 1, '2018-09-06 17:00:00', '2018-09-06 20:10:00', '2018-09-06', '17:00:00', 'Thursday', 0, 'public', 'pink', NULL, 1, '2018-09-05 02:54:13', '2018-09-05 02:54:13'),
(71, 7, 5, 1, NULL, 1, '2018-09-11 17:00:00', '2018-09-11 17:15:00', '2018-09-11', '17:00:00', 'Tuesday', 1, 'public', 'yellow', NULL, 1, '2018-09-05 02:55:13', '2018-09-05 02:55:13'),
(72, 13, 4, 1, NULL, 1, '2018-09-12 11:00:00', '2018-09-12 14:20:00', '2018-09-12', '11:00:00', 'Wednesday', 1, 'public', 'yellow', NULL, 1, '2018-09-05 02:56:58', '2018-09-05 02:56:58'),
(73, 12, 5, 2, NULL, 1, '2018-09-08 00:00:00', '2018-09-08 13:20:00', '2018-09-08', '00:00:00', 'Saturday', 1, 'public', 'pink', NULL, 1, '2018-09-05 02:57:34', '2018-09-05 02:57:34'),
(74, 4, 1, 1, NULL, 1, '2019-02-13 11:00:00', '2019-02-13 13:40:00', '2019-02-13', '11:00:00', 'Wednesday', 0, 'public', 'yellow', NULL, 1, '2018-09-12 07:00:44', '2018-09-12 07:00:44'),
(77, 8, 4, NULL, 2, 1, '2018-09-14 19:00:00', '2018-09-14 22:00:00', '2018-09-14', '19:00:00', 'Friday', 1, 'private', 'pink', NULL, 1, '2018-09-13 00:26:39', '2018-09-13 00:26:39'),
(78, 6, 1, NULL, 2, 1, '2018-09-14 00:00:00', '2018-09-14 03:00:00', '2018-09-14', '00:00:00', 'Friday', 1, 'private', 'yellow', NULL, 1, '2018-09-13 00:37:56', '2018-09-13 00:37:56'),
(79, 3, 7, 2, NULL, 1, '2018-09-16 11:00:00', '2018-09-16 13:39:00', '2018-09-16', '11:00:00', 'Sunday', 1, 'public', 'blue', NULL, 1, '2018-09-15 04:54:32', '2018-09-15 04:54:32'),
(80, 11, 7, 2, NULL, 1, '2018-09-20 18:00:00', '2018-09-21 09:00:00', '2018-09-20', '18:00:00', 'Thursday', 0, 'public', 'blue', NULL, 1, '2018-09-19 12:10:16', '2018-09-19 12:10:16'),
(81, 11, 7, 2, NULL, 1, '2018-09-20 00:00:00', '2018-09-20 15:00:00', '2018-09-20', '00:00:00', 'Thursday', 0, 'public', 'blue', NULL, 1, '2018-09-19 12:10:16', '2018-09-19 12:10:16'),
(82, 12, 7, 1, NULL, 1, '2018-09-30 18:00:00', '2018-10-01 07:20:00', '2018-09-30', '18:00:00', 'Sunday', 0, 'public', 'blue', NULL, 1, '2018-09-22 12:51:42', '2018-09-22 12:51:42'),
(83, 10, 1, 2, NULL, 1, '2018-09-27 22:00:00', '2018-09-28 01:10:00', '2018-09-27', '22:00:00', 'Thursday', 1, 'public', 'yellow', NULL, 1, '2018-09-27 13:29:40', '2018-09-27 13:29:40'),
(84, 13, 7, 1, NULL, 1, '2018-09-27 22:00:00', '2018-09-28 01:20:00', '2018-09-27', '22:00:00', 'Thursday', 1, 'public', 'pink', NULL, 1, '2018-09-27 13:34:13', '2018-09-27 13:34:13');

-- --------------------------------------------------------

--
-- Table structure for table `slide_shows`
--

DROP TABLE IF EXISTS `slide_shows`;
CREATE TABLE IF NOT EXISTS `slide_shows` (
  `id` int(10) UNSIGNED NOT NULL AUTO_INCREMENT,
  `image` varchar(255) COLLATE utf8mb4_unicode_ci NOT NULL,
  `created_at` timestamp NULL DEFAULT NULL,
  `updated_at` timestamp NULL DEFAULT NULL,
  PRIMARY KEY (`id`)
) ENGINE=InnoDB AUTO_INCREMENT=5 DEFAULT CHARSET=utf8mb4 COLLATE=utf8mb4_unicode_ci;

--
-- Dumping data for table `slide_shows`
--

INSERT INTO `slide_shows` (`id`, `image`, `created_at`, `updated_at`) VALUES
(1, '2921.jpg', '2018-08-19 07:05:03', '2018-08-19 07:05:03'),
(4, '284111.jpg', '2018-08-19 07:10:25', '2018-08-19 07:10:25');

-- --------------------------------------------------------

--
-- Table structure for table `tickets`
--

DROP TABLE IF EXISTS `tickets`;
CREATE TABLE IF NOT EXISTS `tickets` (
  `id` int(10) UNSIGNED NOT NULL AUTO_INCREMENT,
  `title` varchar(255) COLLATE utf8mb4_unicode_ci NOT NULL,
  `description` varchar(255) COLLATE utf8mb4_unicode_ci DEFAULT NULL,
  `class` varchar(255) COLLATE utf8mb4_unicode_ci DEFAULT NULL,
  `adultPrice` int(11) NOT NULL,
  `childPrice` int(11) DEFAULT NULL,
  `isChild` tinyint(1) NOT NULL,
  `type` varchar(255) COLLATE utf8mb4_unicode_ci NOT NULL,
  `status` tinyint(4) NOT NULL,
  `created_at` timestamp NULL DEFAULT NULL,
  `updated_at` timestamp NULL DEFAULT NULL,
  PRIMARY KEY (`id`)
) ENGINE=InnoDB AUTO_INCREMENT=4 DEFAULT CHARSET=utf8mb4 COLLATE=utf8mb4_unicode_ci;

--
-- Dumping data for table `tickets`
--

INSERT INTO `tickets` (`id`, `title`, `description`, `class`, `adultPrice`, `childPrice`, `isChild`, `type`, `status`, `created_at`, `updated_at`) VALUES
(1, 'Standard', 'Normal movie Ticket', 'platinum', 600, 300, 1, 'standard', 1, '2018-08-10 05:00:51', '2018-09-12 07:48:42'),
(2, '3D', 'Expansive', 'platinum', 800, 700, 1, 'standard', 1, '2018-08-10 05:23:36', '2018-09-12 07:54:03'),
(3, 'Complimentry', 'Free', 'platinum', 0, 0, 0, 'standard', 1, '2018-09-12 07:13:09', '2018-09-12 07:13:21');

-- --------------------------------------------------------

--
-- Table structure for table `timings`
--

DROP TABLE IF EXISTS `timings`;
CREATE TABLE IF NOT EXISTS `timings` (
  `id` int(10) UNSIGNED NOT NULL AUTO_INCREMENT,
  `trailerDuration` int(11) DEFAULT '0',
  `intervalDuration` int(11) DEFAULT '0',
  `cleanUpDuration` int(11) DEFAULT '0',
  `created_at` timestamp NULL DEFAULT NULL,
  `updated_at` timestamp NULL DEFAULT NULL,
  PRIMARY KEY (`id`)
) ENGINE=InnoDB AUTO_INCREMENT=2 DEFAULT CHARSET=utf8mb4 COLLATE=utf8mb4_unicode_ci;

--
-- Dumping data for table `timings`
--

INSERT INTO `timings` (`id`, `trailerDuration`, `intervalDuration`, `cleanUpDuration`, `created_at`, `updated_at`) VALUES
(1, 0, 0, 0, NULL, '2018-08-15 01:22:02');

-- --------------------------------------------------------

--
-- Table structure for table `users`
--

DROP TABLE IF EXISTS `users`;
CREATE TABLE IF NOT EXISTS `users` (
  `id` int(10) UNSIGNED NOT NULL AUTO_INCREMENT,
  `firstName` varchar(255) COLLATE utf8mb4_unicode_ci DEFAULT NULL,
  `lastName` varchar(255) COLLATE utf8mb4_unicode_ci DEFAULT NULL,
  `email` varchar(255) COLLATE utf8mb4_unicode_ci DEFAULT NULL,
  `username` varchar(255) COLLATE utf8mb4_unicode_ci NOT NULL,
  `password` varchar(255) COLLATE utf8mb4_unicode_ci NOT NULL,
  `phoneNo` bigint(20) NOT NULL,
  `city` varchar(255) COLLATE utf8mb4_unicode_ci DEFAULT NULL,
  `salary` int(11) NOT NULL,
  `image` varchar(255) COLLATE utf8mb4_unicode_ci DEFAULT NULL,
  `remember_token` varchar(100) COLLATE utf8mb4_unicode_ci DEFAULT NULL,
  `created_at` timestamp NULL DEFAULT NULL,
  `updated_at` timestamp NULL DEFAULT NULL,
  PRIMARY KEY (`id`)
) ENGINE=InnoDB AUTO_INCREMENT=3 DEFAULT CHARSET=utf8mb4 COLLATE=utf8mb4_unicode_ci;

--
-- Dumping data for table `users`
--

INSERT INTO `users` (`id`, `firstName`, `lastName`, `email`, `username`, `password`, `phoneNo`, `city`, `salary`, `image`, `remember_token`, `created_at`, `updated_at`) VALUES
(1, 'admin', 'admin', 'admin@admin.com', 'admin', '$2y$10$S1PVtsIIn5krxowtXHCe8.lRin/r2vS73UTKUE3nDUj8pWXdlkb1e', 3357223534, 'karachi', 30000, '6882018-09-19 (2).png', 'tK87YQ0Q2A3Xji8GmvPpC3cPvmVyTij88p5Uf0krCSllZRINKn4mcSpQiV35', '2018-08-08 13:06:26', '2018-09-27 10:24:07'),
(2, 'firstname', 'lastname', 'admin@example.com', 'adminadmin', '$2y$10$Y9DxqcSF4zpMcZU97rPImODSSKgUhMCLivtEaVsLZgsmKdTbtqUpu', 54894, 'karaachi', 2065160, '231710.jpg', 'ezMBwlGIP1WWIcBtBytecLXdtQdHB5EmH64C7b5gDaD4y9hTgrR4H7m7D0qM', '2018-08-20 08:22:55', '2018-09-01 05:21:23');

-- --------------------------------------------------------

--
-- Table structure for table `vouchers`
--

DROP TABLE IF EXISTS `vouchers`;
CREATE TABLE IF NOT EXISTS `vouchers` (
  `id` int(10) UNSIGNED NOT NULL AUTO_INCREMENT,
  `title` varchar(255) COLLATE utf8mb4_unicode_ci NOT NULL,
  `description` text COLLATE utf8mb4_unicode_ci,
  `price` int(11) NOT NULL,
  `startDate` date NOT NULL,
  `endDate` date NOT NULL,
  `isPackage` tinyint(1) DEFAULT NULL,
  `itemName` text COLLATE utf8mb4_unicode_ci,
  `itemPrice` text COLLATE utf8mb4_unicode_ci,
  `itemQty` text COLLATE utf8mb4_unicode_ci,
  `ticketType` text COLLATE utf8mb4_unicode_ci,
  `ticketName` text COLLATE utf8mb4_unicode_ci,
  `ticketPrice` text COLLATE utf8mb4_unicode_ci,
  `ticketQty` text COLLATE utf8mb4_unicode_ci,
  `status` tinyint(4) NOT NULL,
  `created_at` timestamp NULL DEFAULT NULL,
  `updated_at` timestamp NULL DEFAULT NULL,
  PRIMARY KEY (`id`)
) ENGINE=InnoDB AUTO_INCREMENT=3 DEFAULT CHARSET=utf8mb4 COLLATE=utf8mb4_unicode_ci;

--
-- Dumping data for table `vouchers`
--

INSERT INTO `vouchers` (`id`, `title`, `description`, `price`, `startDate`, `endDate`, `isPackage`, `itemName`, `itemPrice`, `itemQty`, `ticketType`, `ticketName`, `ticketPrice`, `ticketQty`, `status`, `created_at`, `updated_at`) VALUES
(2, 'deal', '007', 531780, '2018-08-21', '2018-08-28', 1, '[\"lays\",\"7up\",\"popCorns\",\"Can\"]', '[\"100\",\"60\",\"70\",\"50\"]', '[\"45\",\"33\",\"40\",\"50\"]', 'null', '[\"Standard\",\"3D\"]', '[\"400\",\"1000\"]', '[\"800\",\"200\"]', 1, '2018-08-13 05:59:07', '2018-08-13 05:59:07');

--
-- Constraints for dumped tables
--

--
-- Constraints for table `advance_bookings`
--
ALTER TABLE `advance_bookings`
  ADD CONSTRAINT `advance_booking_user_id_foreign` FOREIGN KEY (`user_id`) REFERENCES `users` (`id`),
  ADD CONSTRAINT `advance_bookings_distributer_id_foreign` FOREIGN KEY (`distributer_id`) REFERENCES `distributers` (`id`),
  ADD CONSTRAINT `advance_bookings_movie_id_foreign` FOREIGN KEY (`movie_id`) REFERENCES `movies` (`id`),
  ADD CONSTRAINT `advance_bookings_show_time_id_foreign` FOREIGN KEY (`show_time_id`) REFERENCES `show_times` (`id`);

--
-- Constraints for table `bookings`
--
ALTER TABLE `bookings`
  ADD CONSTRAINT `bookings_deal_id_foreign` FOREIGN KEY (`deal_id`) REFERENCES `deals` (`id`),
  ADD CONSTRAINT `bookings_distributer_id_foreign` FOREIGN KEY (`distributer_id`) REFERENCES `distributers` (`id`),
  ADD CONSTRAINT `bookings_movie_id_foreign` FOREIGN KEY (`movie_id`) REFERENCES `movies` (`id`),
  ADD CONSTRAINT `bookings_screen_id_foreign` FOREIGN KEY (`screen_id`) REFERENCES `screens` (`id`),
  ADD CONSTRAINT `bookings_showtime_id_foreign` FOREIGN KEY (`show_time_id`) REFERENCES `show_times` (`id`),
  ADD CONSTRAINT `bookings_ticket_id_foreign` FOREIGN KEY (`ticket_id`) REFERENCES `tickets` (`id`),
  ADD CONSTRAINT `bookings_user_id_foreign` FOREIGN KEY (`user_id`) REFERENCES `users` (`id`),
  ADD CONSTRAINT `bookings_voucher_id_foreign` FOREIGN KEY (`voucher_id`) REFERENCES `concession_masters` (`id`);

--
-- Constraints for table `concession_details`
--
ALTER TABLE `concession_details`
  ADD CONSTRAINT `concession_details_concession_master_id_foreign` FOREIGN KEY (`concession_master_id`) REFERENCES `concession_masters` (`id`) ON DELETE CASCADE,
  ADD CONSTRAINT `concession_details_item_id_foreign` FOREIGN KEY (`item_id`) REFERENCES `items` (`id`),
  ADD CONSTRAINT `concession_details_package_id_foreign` FOREIGN KEY (`package_id`) REFERENCES `packages` (`id`),
  ADD CONSTRAINT `concession_details_user_id_foreign` FOREIGN KEY (`user_id`) REFERENCES `users` (`id`);

--
-- Constraints for table `concession_masters`
--
ALTER TABLE `concession_masters`
  ADD CONSTRAINT `concession_masters_deal_id_foreign` FOREIGN KEY (`deal_id`) REFERENCES `deals` (`id`),
  ADD CONSTRAINT `concession_masters_user_id_foreign` FOREIGN KEY (`user_id`) REFERENCES `users` (`id`);

--
-- Constraints for table `deals`
--
ALTER TABLE `deals`
  ADD CONSTRAINT `deals_movie_id_foreign` FOREIGN KEY (`movie_id`) REFERENCES `movies` (`id`),
  ADD CONSTRAINT `deals_show_time_id_foreign` FOREIGN KEY (`show_time_id`) REFERENCES `show_times` (`id`),
  ADD CONSTRAINT `deals_user_id_foreign` FOREIGN KEY (`user_id`) REFERENCES `users` (`id`);

--
-- Constraints for table `items`
--
ALTER TABLE `items`
  ADD CONSTRAINT `items_foodcategory_id_foreign` FOREIGN KEY (`foodCategory_id`) REFERENCES `food_categories` (`id`);

--
-- Constraints for table `packages`
--
ALTER TABLE `packages`
  ADD CONSTRAINT `packages_foodcategory_id_foreign` FOREIGN KEY (`foodCategory_id`) REFERENCES `food_categories` (`id`);

--
-- Constraints for table `permissions`
--
ALTER TABLE `permissions`
  ADD CONSTRAINT `permissions_menu_id_foreign` FOREIGN KEY (`menu_id`) REFERENCES `menus` (`id`),
  ADD CONSTRAINT `permissions_user_id_foreign` FOREIGN KEY (`user_id`) REFERENCES `users` (`id`) ON DELETE CASCADE;

--
-- Constraints for table `printed_tickets`
--
ALTER TABLE `printed_tickets`
  ADD CONSTRAINT `printed_tickets_booking_id_foreign` FOREIGN KEY (`booking_id`) REFERENCES `bookings` (`id`) ON DELETE CASCADE,
  ADD CONSTRAINT `printed_tickets_movie_id_foreign` FOREIGN KEY (`movie_id`) REFERENCES `movies` (`id`),
  ADD CONSTRAINT `printed_tickets_screen_id_foreign` FOREIGN KEY (`screen_id`) REFERENCES `screens` (`id`),
  ADD CONSTRAINT `printed_tickets_show_time_id_foreign` FOREIGN KEY (`show_time_id`) REFERENCES `show_times` (`id`),
  ADD CONSTRAINT `printed_tickets_user_id_foreign` FOREIGN KEY (`user_id`) REFERENCES `users` (`id`);

--
-- Constraints for table `seats`
--
ALTER TABLE `seats`
  ADD CONSTRAINT `seats_advance_booking_id_foreign` FOREIGN KEY (`advance_booking_id`) REFERENCES `advance_bookings` (`id`) ON DELETE CASCADE,
  ADD CONSTRAINT `seats_show_time_id_foreign` FOREIGN KEY (`show_time_id`) REFERENCES `show_times` (`id`) ON DELETE CASCADE,
  ADD CONSTRAINT `seats_user_id_foreign` FOREIGN KEY (`user_id`) REFERENCES `users` (`id`);

--
-- Constraints for table `show_times`
--
ALTER TABLE `show_times`
  ADD CONSTRAINT `show_times_movie_id_foreign` FOREIGN KEY (`movie_id`) REFERENCES `movies` (`id`),
  ADD CONSTRAINT `show_times_screen_id_foreign` FOREIGN KEY (`screen_id`) REFERENCES `screens` (`id`),
  ADD CONSTRAINT `show_times_ticket_id_foreign` FOREIGN KEY (`ticket_id`) REFERENCES `tickets` (`id`),
  ADD CONSTRAINT `show_times_timing_id_foreign` FOREIGN KEY (`timing_id`) REFERENCES `timings` (`id`),
  ADD CONSTRAINT `show_times_voucher_id_foreign` FOREIGN KEY (`voucher_id`) REFERENCES `vouchers` (`id`);
COMMIT;

/*!40101 SET CHARACTER_SET_CLIENT=@OLD_CHARACTER_SET_CLIENT */;
/*!40101 SET CHARACTER_SET_RESULTS=@OLD_CHARACTER_SET_RESULTS */;
/*!40101 SET COLLATION_CONNECTION=@OLD_COLLATION_CONNECTION */;
