-- phpMyAdmin SQL Dump
-- version 4.7.9
-- https://www.phpmyadmin.net/
--
-- Host: 127.0.0.1:3306
-- Generation Time: Oct 06, 2018 at 06:06 AM
-- Server version: 5.7.21
-- PHP Version: 7.1.16

SET SQL_MODE = "NO_AUTO_VALUE_ON_ZERO";
SET AUTOCOMMIT = 0;
START TRANSACTION;
SET time_zone = "+00:00";


/*!40101 SET @OLD_CHARACTER_SET_CLIENT=@@CHARACTER_SET_CLIENT */;
/*!40101 SET @OLD_CHARACTER_SET_RESULTS=@@CHARACTER_SET_RESULTS */;
/*!40101 SET @OLD_COLLATION_CONNECTION=@@COLLATION_CONNECTION */;
/*!40101 SET NAMES utf8mb4 */;

--
-- Database: `mmplex`
--

-- --------------------------------------------------------

--
-- Table structure for table `advance_bookings`
--

DROP TABLE IF EXISTS `advance_bookings`;
CREATE TABLE IF NOT EXISTS `advance_bookings` (
  `id` int(10) UNSIGNED NOT NULL AUTO_INCREMENT,
  `show_time_id` int(10) UNSIGNED NOT NULL,
  `user_id` int(10) UNSIGNED NOT NULL,
  `movie_id` int(10) UNSIGNED NOT NULL,
  `distributer_id` int(10) UNSIGNED NOT NULL,
  `customerName` varchar(255) COLLATE utf8mb4_unicode_ci NOT NULL,
  `customerPhone` varchar(255) COLLATE utf8mb4_unicode_ci NOT NULL,
  `customerEmail` varchar(255) COLLATE utf8mb4_unicode_ci NOT NULL,
  `adultPrice` int(11) NOT NULL,
  `adultQty` int(11) DEFAULT '0',
  `childPrice` int(11) NOT NULL,
  `childQty` int(11) DEFAULT '0',
  `comQty` int(11) DEFAULT '0',
  `whichIs` text COLLATE utf8mb4_unicode_ci NOT NULL,
  `seatNumber` text COLLATE utf8mb4_unicode_ci NOT NULL,
  `seatQty` int(11) NOT NULL,
  `bookedSeatNumber` text COLLATE utf8mb4_unicode_ci,
  `bookedSeatQty` int(11) DEFAULT NULL,
  `totalAmount` int(11) NOT NULL,
  `date` date NOT NULL,
  `key` varchar(255) COLLATE utf8mb4_unicode_ci NOT NULL,
  `cancel` tinyint(1) NOT NULL DEFAULT '0',
  `status` tinyint(1) NOT NULL,
  `created_at` timestamp NULL DEFAULT NULL,
  `updated_at` timestamp NULL DEFAULT NULL,
  PRIMARY KEY (`id`),
  KEY `advance_bookings_show_time_id_foreign` (`show_time_id`),
  KEY `advance_bookings_movie_id_foreign` (`movie_id`),
  KEY `advance_bookings_distributer_id_foreign` (`distributer_id`),
  KEY `advance_booking_user_id_foreign` (`user_id`)
) ENGINE=InnoDB AUTO_INCREMENT=50 DEFAULT CHARSET=utf8mb4 COLLATE=utf8mb4_unicode_ci;

--
-- Dumping data for table `advance_bookings`
--

INSERT INTO `advance_bookings` (`id`, `show_time_id`, `user_id`, `movie_id`, `distributer_id`, `customerName`, `customerPhone`, `customerEmail`, `adultPrice`, `adultQty`, `childPrice`, `childQty`, `comQty`, `whichIs`, `seatNumber`, `seatQty`, `bookedSeatNumber`, `bookedSeatQty`, `totalAmount`, `date`, `key`, `cancel`, `status`, `created_at`, `updated_at`) VALUES
(38, 67, 1, 8, 3, 'Pants', '54894', 'toramonline242@gmail.com', 800, 4, 700, 0, 0, '[1,1,1,1]', '[\"A-1\",\"A-2\",\"A-3\",\"A-4\"]', 4, '[\"A-1\",\"A-2\",\"A-3\",\"A-4\"]', 4, 3200, '2018-09-29', 'advance', 0, 1, '2018-09-29 06:41:18', '2018-09-29 06:43:52'),
(39, 67, 1, 8, 3, 'Pants', '3357223534', 'toramonline242@gmail.com', 800, 3, 700, 0, 0, '[1,1,1]', '[\"B-1\",\"B-2\",\"B-3\"]', 3, NULL, NULL, 2400, '2018-09-29', 'advance', 0, 0, '2018-09-29 07:19:45', '2018-09-29 07:19:45'),
(40, 67, 1, 8, 3, 'Pocolocoasdasd', '3357223534', 'toramonline242@gmail.com', 800, 3, 700, 0, 0, '[1,1,1]', '[\"A-5\",\"A-6\",\"A-7\"]', 3, NULL, NULL, 2400, '2018-10-01', 'advance', 0, 0, '2018-10-01 12:30:33', '2018-10-01 12:30:33'),
(41, 87, 1, 8, 3, 'Pants', '3357223534', 'clashofmyclans242@gmail.com', 800, 5, 700, 0, 0, '[1,1,1,1,1]', '[\"A-10\",\"B-10\",\"C-10\",\"D-10\",\"E-10\"]', 5, NULL, NULL, 4000, '2018-10-01', 'advance', 0, 0, '2018-10-01 12:30:50', '2018-10-01 12:30:50'),
(42, 90, 1, 8, 3, 'Pocolocoasdasd', '3357223534', 'toramonline242@gmail.com', 800, 0, 700, 31, 0, '[2,2,2,2,2,2,2,2,2,2,2,2,2,2,2,2,2,2,2,2,2,2,2,2,2,2,2,2,2,2,2]', '[\"A-1\",\"B-2\",\"C-3\",\"D-4\",\"E-5\",\"C-4\",\"D-4\",\"C-5\",\"E-5\",\"C-6\",\"C-7\",\"C-5\",\"E-5\",\"D-6\",\"D-8\",\"E-9\",\"C-5\",\"D-10\",\"C-11\",\"B-10\",\"A-9\",\"B-8\",\"B-12\",\"A-13\",\"A-14\",\"B-12\",\"A-14\",\"A-15\",\"A-17\",\"A-15\",\"A-16\"]', 31, NULL, NULL, 21700, '2018-10-01', 'advance', 0, 0, '2018-10-01 12:32:18', '2018-10-01 12:32:18'),
(43, 60, 1, 2, 3, 'Pants', '54894', 'toramonline242@gmail.com', 800, 2, 700, 0, 0, '[1,1]', '[\"A-1\",\"B-2\"]', 2, NULL, NULL, 1600, '2018-10-02', 'advance', 0, 0, '2018-10-02 10:00:59', '2018-10-02 10:00:59'),
(44, 67, 1, 8, 3, 'Pants', '54894', 'toramonline242@gmail.com', 800, 2, 700, 0, 0, '[1,1]', '[\"B-8\",\"A-10\"]', 2, NULL, NULL, 1600, '2018-10-02', 'advance', 0, 0, '2018-10-02 10:01:16', '2018-10-02 10:01:16'),
(45, 103, 1, 3, 3, 'Pocolocoasdasd', '54894', 'toramonline242@gmail.com', 600, 2, 300, 0, 0, '[1,1]', '[\"X-1\",\"X-2\"]', 2, '[\"X-1\",\"X-2\"]', 2, 1200, '2018-10-02', 'advance', 0, 1, '2018-10-02 10:06:15', '2018-10-02 10:30:14'),
(46, 105, 1, 3, 3, 'Shirts', '54894', 'toramonline242@gmail.com', 600, 4, 300, 0, 0, '[1,1,1,1]', '[\"Y-2\",\"Z-2\",\"Z-1\",\"Z-3\"]', 4, NULL, NULL, 2400, '2018-10-02', 'advance', 0, 0, '2018-10-02 10:06:27', '2018-10-02 10:06:27'),
(47, 96, 1, 7, 3, 'Pocolocoasdasd', '54894', 'clashofmyclans242@gmail.com', 600, 3, 300, 0, 0, '[1,1,1]', '[\"Y-1\",\"Y-2\",\"Y-3\"]', 3, NULL, NULL, 1800, '2018-10-02', 'advance', 0, 0, '2018-10-02 10:06:41', '2018-10-02 10:06:41'),
(48, 101, 1, 9, 3, 'bags', '54894', 'admin@admin.com', 800, 8, 700, 0, 0, '[1,1,1,1,1,1,1,1]', '[\"D-10\",\"E-10\",\"E-8\",\"D-9\",\"C-10\",\"B-11\",\"D-11\",\"D-12\"]', 8, NULL, NULL, 6400, '2018-10-02', 'advance', 0, 0, '2018-10-02 10:07:03', '2018-10-02 10:07:03'),
(49, 100, 1, 6, 4, 'Pocolocoasdasd', '3357223534', 'clashofmyclans242@gmail.com', 600, 10, 300, 0, 0, '[1,1,1,1,1,1,1,1,1,1]', '[\"A-5\",\"B-4\",\"C-3\",\"D-2\",\"B-6\",\"C-7\",\"C-6\",\"C-5\",\"D-5\",\"B-4\"]', 10, NULL, NULL, 6000, '2018-10-02', 'advance', 0, 0, '2018-10-02 10:07:24', '2018-10-02 10:07:24');

-- --------------------------------------------------------

--
-- Table structure for table `batches`
--

DROP TABLE IF EXISTS `batches`;
CREATE TABLE IF NOT EXISTS `batches` (
  `id` int(10) UNSIGNED NOT NULL AUTO_INCREMENT,
  `table_name` varchar(255) COLLATE utf8mb4_unicode_ci NOT NULL,
  `col_id` int(11) NOT NULL,
  `type` varchar(191) COLLATE utf8mb4_unicode_ci DEFAULT NULL,
  `status` tinyint(1) NOT NULL,
  `created_at` timestamp NULL DEFAULT NULL,
  `updated_at` timestamp NULL DEFAULT NULL,
  PRIMARY KEY (`id`)
) ENGINE=InnoDB AUTO_INCREMENT=27 DEFAULT CHARSET=utf8mb4 COLLATE=utf8mb4_unicode_ci;

--
-- Dumping data for table `batches`
--

INSERT INTO `batches` (`id`, `table_name`, `col_id`, `type`, `status`, `created_at`, `updated_at`) VALUES
(1, 'web_movies', 2, 'store', 1, '2018-10-03 08:07:28', '2018-10-03 08:18:58'),
(2, 'web_movies', 3, 'store', 1, '2018-10-03 08:09:03', '2018-10-03 08:18:58'),
(3, 'web_movies', 4, 'store', 1, '2018-10-03 08:09:20', '2018-10-03 08:18:58'),
(4, 'web_movies', 6, 'store', 1, '2018-10-03 08:11:25', '2018-10-03 08:18:58'),
(5, 'web_movies', 7, 'store', 1, '2018-10-03 08:12:28', '2018-10-03 08:18:59'),
(6, 'web_movies', 7, 'store', 1, NULL, '2018-10-03 08:18:59'),
(7, 'web_movies', 8, 'store', 1, NULL, '2018-10-03 08:18:59'),
(8, 'web_movies', 9, 'store', 1, NULL, '2018-10-03 08:19:00'),
(9, 'web_movies', 10, 'store', 1, NULL, '2018-10-03 08:19:00'),
(10, 'web_movies', 11, 'store', 1, NULL, '2018-10-03 08:19:00'),
(11, 'web_movies', 12, 'store', 1, NULL, '2018-10-03 08:19:01'),
(12, 'web_movies', 13, 'store', 1, NULL, '2018-10-03 08:19:01'),
(13, 'web_movies', 14, 'store', 1, NULL, '2018-10-03 08:19:01'),
(14, 'web_movies', 15, 'store', 1, NULL, '2018-10-03 08:19:02'),
(15, 'web_movies', 22, 'store', 1, NULL, '2018-10-03 08:19:02'),
(16, 'web_movies', 23, 'store', 1, NULL, '2018-10-03 08:19:02'),
(17, 'web_movies', 23, 'update', 1, '2018-10-03 08:21:59', '2018-10-03 08:34:30'),
(23, 'web_movies', 23, 'delete', 1, '2018-10-03 08:36:11', '2018-10-03 08:36:54'),
(24, 'web_movies', 22, 'update', 1, '2018-10-03 08:38:44', '2018-10-03 08:38:44'),
(25, 'web_movies', 22, 'update', 1, '2018-10-03 10:10:19', '2018-10-03 10:17:40'),
(26, 'web_movies', 22, 'update', 1, '2018-10-03 12:52:44', '2018-10-03 12:52:44');

-- --------------------------------------------------------

--
-- Table structure for table `bookings`
--

DROP TABLE IF EXISTS `bookings`;
CREATE TABLE IF NOT EXISTS `bookings` (
  `id` int(20) UNSIGNED NOT NULL AUTO_INCREMENT,
  `show_time_id` int(10) UNSIGNED NOT NULL,
  `user_id` int(10) UNSIGNED NOT NULL,
  `ticket_id` int(10) UNSIGNED NOT NULL,
  `movie_id` int(10) UNSIGNED NOT NULL,
  `screen_id` int(10) UNSIGNED NOT NULL,
  `distributer_id` int(10) UNSIGNED NOT NULL,
  `deal_id` int(10) UNSIGNED DEFAULT NULL,
  `voucher_id` int(10) UNSIGNED DEFAULT NULL,
  `ticketType` varchar(255) COLLATE utf8mb4_unicode_ci NOT NULL,
  `isComplimentary` tinyint(1) NOT NULL,
  `seatNumber` varchar(255) COLLATE utf8mb4_unicode_ci NOT NULL,
  `seatQty` int(11) NOT NULL,
  `price` int(11) NOT NULL,
  `date` date NOT NULL,
  `showDate` date NOT NULL,
  `showTime` datetime NOT NULL,
  `key` varchar(255) COLLATE utf8mb4_unicode_ci NOT NULL,
  `hold` tinyint(1) NOT NULL,
  `reserveBooking` tinyint(1) NOT NULL DEFAULT '0',
  `status` tinyint(1) NOT NULL,
  `cancelUserId` int(11) DEFAULT NULL,
  `remarks` text COLLATE utf8mb4_unicode_ci,
  `created_at` timestamp NULL DEFAULT NULL,
  `updated_at` timestamp NULL DEFAULT NULL,
  PRIMARY KEY (`id`),
  KEY `bookings_user_id_foreign` (`user_id`),
  KEY `bookings_movie_id_foreign` (`movie_id`),
  KEY `bookings_ticket_id_foreign` (`ticket_id`),
  KEY `bookings_screen_id_foreign` (`screen_id`),
  KEY `bookings_distributer_id_foreign` (`distributer_id`),
  KEY `bookings_show_time_id_foreign` (`show_time_id`) USING BTREE,
  KEY `bookings_deal_id_foreign` (`deal_id`),
  KEY `bookings_concession_master_id_foreign` (`voucher_id`)
) ENGINE=InnoDB AUTO_INCREMENT=2459 DEFAULT CHARSET=utf8mb4 COLLATE=utf8mb4_unicode_ci;

--
-- Dumping data for table `bookings`
--

INSERT INTO `bookings` (`id`, `show_time_id`, `user_id`, `ticket_id`, `movie_id`, `screen_id`, `distributer_id`, `deal_id`, `voucher_id`, `ticketType`, `isComplimentary`, `seatNumber`, `seatQty`, `price`, `date`, `showDate`, `showTime`, `key`, `hold`, `reserveBooking`, `status`, `cancelUserId`, `remarks`, `created_at`, `updated_at`) VALUES
(2280, 85, 1, 2, 8, 7, 3, NULL, NULL, 'adult price', 0, 'A-1', 1, 800, '2018-09-29', '2018-09-29', '2018-09-29 20:40:00', 'public', 0, 0, 0, 1, 'T T', '2018-09-28 23:43:44', '2018-09-29 07:16:25'),
(2281, 85, 1, 2, 8, 7, 3, NULL, NULL, 'adult price', 0, 'B-1', 1, 800, '2018-09-29', '2018-09-29', '2018-09-29 20:40:00', 'public', 0, 0, 0, 1, 'T T', '2018-09-28 23:43:44', '2018-09-29 07:16:20'),
(2282, 85, 1, 2, 8, 7, 3, 17, NULL, 'adult price', 1, 'C-1', 1, 0, '2018-09-29', '2018-09-29', '2018-09-29 20:40:00', 'public', 0, 0, 0, 1, 'OK lets Try', '2018-09-28 23:43:44', '2018-09-28 23:57:41'),
(2283, 85, 1, 2, 8, 7, 3, 17, NULL, 'adult price', 1, 'D-1', 1, 0, '2018-09-29', '2018-09-29', '2018-09-29 20:40:00', 'public', 0, 0, 0, 1, 'T T', '2018-09-28 23:43:44', '2018-09-29 07:16:20'),
(2284, 85, 1, 2, 8, 7, 3, NULL, NULL, 'adult price', 0, 'E-1', 1, 800, '2018-09-29', '2018-09-29', '2018-09-29 20:40:00', 'public', 0, 0, 1, NULL, NULL, '2018-09-28 23:43:44', '2018-09-28 23:43:51'),
(2285, 86, 1, 2, 8, 7, 3, NULL, NULL, 'adult price', 0, 'B-6', 1, 800, '2018-09-29', '2018-09-29', '2018-09-29 21:00:00', 'public', 0, 0, 1, NULL, NULL, '2018-09-28 23:58:39', '2018-09-28 23:58:43'),
(2286, 86, 1, 2, 8, 7, 3, 18, 127, 'adult price', 0, 'B-8', 1, 800, '2018-09-29', '2018-09-29', '2018-09-29 21:00:00', 'public', 0, 0, 0, 1, 'lets Try Again', '2018-09-28 23:58:39', '2018-09-28 23:59:42'),
(2287, 86, 1, 2, 8, 7, 3, 18, NULL, 'adult price', 1, 'B-7', 1, 0, '2018-09-29', '2018-09-29', '2018-09-29 21:00:00', 'public', 0, 0, 1, NULL, NULL, '2018-09-28 23:58:39', '2018-09-28 23:58:43'),
(2288, 86, 1, 2, 8, 7, 3, NULL, NULL, 'adult price', 0, 'C-7', 1, 800, '2018-09-29', '2018-09-29', '2018-09-29 21:00:00', 'public', 0, 0, 1, NULL, NULL, '2018-09-28 23:58:39', '2018-09-28 23:58:43'),
(2289, 86, 1, 2, 8, 7, 3, 18, 128, 'adult price', 0, 'C-8', 1, 800, '2018-09-29', '2018-09-29', '2018-09-29 21:00:00', 'public', 0, 0, 0, 1, 'sbseseseb', '2018-09-28 23:58:39', '2018-09-29 00:03:02'),
(2297, 62, 1, 2, 2, 4, 3, NULL, NULL, 'adult price', 0, 'A-1', 1, 800, '2018-09-29', '2018-10-15', '2018-10-15 19:00:00', 'public', 0, 0, 1, NULL, NULL, '2018-09-29 05:39:39', '2018-09-29 05:39:54'),
(2298, 62, 1, 2, 2, 4, 3, NULL, NULL, 'adult price', 0, 'B-1', 1, 800, '2018-09-29', '2018-10-15', '2018-10-15 19:00:00', 'public', 0, 0, 1, NULL, NULL, '2018-09-29 05:39:39', '2018-09-29 05:39:54'),
(2299, 62, 1, 2, 2, 4, 3, NULL, NULL, 'adult price', 0, 'C-1', 1, 800, '2018-09-29', '2018-10-15', '2018-10-15 19:00:00', 'public', 0, 0, 1, NULL, NULL, '2018-09-29 05:39:39', '2018-09-29 05:39:54'),
(2300, 62, 1, 2, 2, 4, 3, NULL, NULL, 'adult price', 0, 'D-1', 1, 800, '2018-09-29', '2018-10-15', '2018-10-15 19:00:00', 'public', 0, 0, 1, NULL, NULL, '2018-09-29 05:39:39', '2018-09-29 05:39:54'),
(2302, 62, 1, 2, 2, 4, 3, NULL, NULL, 'child price', 0, 'B-2', 1, 700, '2018-09-29', '2018-10-15', '2018-10-15 19:00:00', 'public', 0, 0, 1, NULL, NULL, '2018-09-29 05:39:39', '2018-09-29 05:39:54'),
(2303, 89, 1, 2, 8, 7, 3, NULL, NULL, 'adult price', 0, 'A-1', 1, 800, '2018-09-29', '2018-10-09', '2018-10-09 20:40:00', 'public', 0, 0, 0, 1, NULL, '2018-09-29 05:40:28', '2018-10-06 05:38:26'),
(2304, 89, 1, 2, 8, 7, 3, NULL, NULL, 'adult price', 0, 'A-2', 1, 800, '2018-09-29', '2018-10-09', '2018-10-09 20:40:00', 'public', 0, 0, 0, 1, 'saafwaf', '2018-09-29 05:40:28', '2018-10-06 05:39:36'),
(2305, 89, 1, 2, 8, 7, 3, 17, NULL, 'adult price', 1, 'A-3', 1, 0, '2018-09-29', '2018-10-09', '2018-10-09 20:40:00', 'public', 0, 0, 1, NULL, NULL, '2018-09-29 05:40:28', '2018-09-29 05:40:35'),
(2306, 89, 1, 2, 8, 7, 3, 17, NULL, 'adult price', 1, 'A-4', 1, 0, '2018-09-29', '2018-10-09', '2018-10-09 20:40:00', 'public', 0, 0, 1, NULL, NULL, '2018-09-29 05:40:28', '2018-09-29 05:40:35'),
(2307, 89, 1, 2, 8, 7, 3, NULL, NULL, 'adult price', 0, 'A-5', 1, 800, '2018-09-29', '2018-10-09', '2018-10-09 20:40:00', 'public', 0, 0, 1, NULL, NULL, '2018-09-29 05:40:28', '2018-09-29 05:40:35'),
(2308, 67, 1, 2, 8, 1, 3, NULL, NULL, 'adult price', 0, 'A-1', 1, 800, '2018-09-29', '2018-10-07', '2018-10-07 12:00:00', 'advance', 0, 1, 1, NULL, NULL, '2018-09-29 06:43:30', '2018-09-29 06:43:52'),
(2309, 67, 1, 2, 8, 1, 3, NULL, NULL, 'adult price', 0, 'A-2', 1, 800, '2018-09-29', '2018-10-07', '2018-10-07 12:00:00', 'advance', 0, 1, 1, NULL, NULL, '2018-09-29 06:43:30', '2018-09-29 06:43:52'),
(2310, 67, 1, 2, 8, 1, 3, NULL, NULL, 'adult price', 0, 'A-3', 1, 800, '2018-09-29', '2018-10-07', '2018-10-07 12:00:00', 'advance', 0, 1, 0, 1, NULL, '2018-09-29 06:43:30', '2018-10-06 05:47:23'),
(2311, 67, 1, 2, 8, 1, 3, NULL, NULL, 'adult price', 0, 'A-4', 1, 800, '2018-09-29', '2018-10-07', '2018-10-07 12:00:00', 'advance', 0, 1, 1, NULL, NULL, '2018-09-29 06:43:30', '2018-09-29 06:43:52'),
(2312, 61, 1, 2, 2, 4, 3, NULL, NULL, 'adult price', 0, 'A-2', 1, 800, '2018-09-29', '2018-10-15', '2018-10-15 00:00:00', 'public', 0, 0, 1, NULL, NULL, '2018-09-29 07:14:07', '2018-09-29 07:14:10'),
(2313, 61, 1, 2, 2, 4, 3, NULL, NULL, 'adult price', 0, 'A-3', 1, 800, '2018-09-29', '2018-10-15', '2018-10-15 00:00:00', 'public', 0, 0, 1, NULL, NULL, '2018-09-29 07:14:07', '2018-09-29 07:14:10'),
(2314, 61, 1, 2, 2, 4, 3, NULL, NULL, 'adult price', 0, 'A-4', 1, 800, '2018-09-29', '2018-10-15', '2018-10-15 00:00:00', 'public', 0, 0, 1, NULL, NULL, '2018-09-29 07:14:07', '2018-09-29 07:14:10'),
(2315, 61, 1, 2, 2, 4, 3, NULL, NULL, 'adult price', 0, 'A-5', 1, 800, '2018-09-29', '2018-10-15', '2018-10-15 00:00:00', 'public', 0, 0, 1, NULL, NULL, '2018-09-29 07:14:08', '2018-09-29 07:14:10'),
(2316, 61, 1, 2, 2, 4, 3, NULL, NULL, 'adult price', 0, 'A-6', 1, 800, '2018-09-29', '2018-10-15', '2018-10-15 00:00:00', 'public', 0, 0, 1, NULL, NULL, '2018-09-29 07:14:08', '2018-09-29 07:14:10'),
(2317, 61, 1, 2, 2, 4, 3, NULL, NULL, 'adult price', 0, 'A-3', 1, 800, '2018-09-29', '2018-10-15', '2018-10-15 00:00:00', 'public', 0, 0, 1, NULL, NULL, '2018-09-29 07:15:14', '2018-09-29 07:15:20'),
(2318, 61, 1, 2, 2, 4, 3, NULL, NULL, 'adult price', 0, 'A-1', 1, 800, '2018-09-29', '2018-10-15', '2018-10-15 00:00:00', 'public', 0, 0, 1, NULL, NULL, '2018-09-29 07:15:14', '2018-09-29 07:15:20'),
(2319, 61, 1, 2, 2, 4, 3, 19, 130, 'adult price', 0, 'C-1', 1, 800, '2018-09-29', '2018-10-15', '2018-10-15 00:00:00', 'public', 0, 0, 1, NULL, NULL, '2018-09-29 07:15:14', '2018-09-29 07:15:21'),
(2320, 61, 1, 2, 2, 4, 3, 19, NULL, 'adult price', 1, 'D-1', 1, 0, '2018-09-29', '2018-10-15', '2018-10-15 00:00:00', 'public', 0, 0, 1, NULL, NULL, '2018-09-29 07:15:14', '2018-09-29 07:15:21'),
(2321, 61, 1, 2, 2, 4, 3, NULL, NULL, 'adult price', 0, 'B-1', 1, 800, '2018-09-29', '2018-10-15', '2018-10-15 00:00:00', 'public', 0, 0, 0, 1, NULL, '2018-09-29 07:15:14', '2018-09-29 07:17:18'),
(2338, 85, 1, 2, 8, 7, 3, NULL, NULL, 'adult price', 0, 'A-19', 1, 800, '2018-09-29', '2018-09-29', '2018-09-29 20:40:00', 'public', 0, 0, 1, NULL, NULL, '2018-09-29 08:58:39', '2018-09-29 08:58:44'),
(2339, 85, 1, 2, 8, 7, 3, NULL, NULL, 'adult price', 0, 'A-20', 1, 800, '2018-09-29', '2018-09-29', '2018-09-29 20:40:00', 'public', 0, 0, 1, NULL, NULL, '2018-09-29 08:58:39', '2018-09-29 08:58:44'),
(2340, 61, 1, 2, 2, 4, 3, NULL, NULL, 'adult price', 0, 'B-3', 1, 800, '2018-10-01', '2018-10-15', '2018-10-15 00:00:00', 'public', 0, 0, 1, NULL, NULL, '2018-10-01 06:51:58', '2018-10-01 06:52:00'),
(2341, 61, 1, 2, 2, 4, 3, NULL, NULL, 'adult price', 0, 'C-3', 1, 800, '2018-10-01', '2018-10-15', '2018-10-15 00:00:00', 'public', 0, 0, 1, NULL, NULL, '2018-10-01 06:51:58', '2018-10-01 06:52:00'),
(2342, 61, 1, 2, 2, 4, 3, NULL, NULL, 'adult price', 0, 'D-3', 1, 800, '2018-10-01', '2018-10-15', '2018-10-15 00:00:00', 'public', 0, 0, 0, 1, NULL, '2018-10-01 06:51:58', '2018-10-06 05:53:41'),
(2343, 61, 1, 2, 2, 4, 3, NULL, NULL, 'adult price', 0, 'E-3', 1, 800, '2018-10-01', '2018-10-15', '2018-10-15 00:00:00', 'public', 0, 0, 1, NULL, NULL, '2018-10-01 06:51:58', '2018-10-01 06:52:01'),
(2344, 74, 1, 1, 4, 1, 4, NULL, NULL, 'adult price', 0, 'A-1', 1, 600, '2018-10-01', '2019-02-13', '2019-02-13 11:00:00', 'public', 0, 0, 1, NULL, NULL, '2018-10-01 06:52:30', '2018-10-01 06:52:38'),
(2345, 74, 1, 1, 4, 1, 4, NULL, NULL, 'adult price', 0, 'A-3', 1, 600, '2018-10-01', '2019-02-13', '2019-02-13 11:00:00', 'public', 0, 0, 1, NULL, NULL, '2018-10-01 06:52:30', '2018-10-01 06:52:38'),
(2346, 74, 1, 1, 4, 1, 4, NULL, NULL, 'adult price', 0, 'A-4', 1, 600, '2018-10-01', '2019-02-13', '2019-02-13 11:00:00', 'public', 0, 0, 1, NULL, NULL, '2018-10-01 06:52:30', '2018-10-01 06:52:38'),
(2347, 74, 1, 1, 4, 1, 4, NULL, NULL, 'adult price', 0, 'A-5', 1, 600, '2018-10-01', '2019-02-13', '2019-02-13 11:00:00', 'public', 0, 0, 1, NULL, NULL, '2018-10-01 06:52:30', '2018-10-01 06:52:38'),
(2348, 74, 1, 1, 4, 1, 4, 15, NULL, 'adult price', 1, 'A-6', 1, 0, '2018-10-01', '2019-02-13', '2019-02-13 11:00:00', 'public', 0, 0, 0, 1, 'Testing Mail', '2018-10-01 06:52:30', '2018-10-06 05:34:15'),
(2349, 74, 1, 1, 4, 1, 4, NULL, NULL, 'adult price', 0, 'A-7', 1, 600, '2018-10-01', '2019-02-13', '2019-02-13 11:00:00', 'public', 0, 0, 0, 1, NULL, '2018-10-01 06:52:30', '2018-10-06 05:49:09'),
(2350, 74, 1, 1, 4, 1, 4, NULL, NULL, 'adult price', 0, 'A-9', 1, 600, '2018-10-01', '2019-02-13', '2019-02-13 11:00:00', 'public', 0, 0, 1, NULL, NULL, '2018-10-01 06:52:30', '2018-10-01 06:52:38'),
(2351, 74, 1, 1, 4, 1, 4, NULL, NULL, 'adult price', 0, 'A-10', 1, 600, '2018-10-01', '2019-02-13', '2019-02-13 11:00:00', 'public', 0, 0, 1, NULL, NULL, '2018-10-01 06:52:30', '2018-10-01 06:52:38'),
(2352, 74, 1, 1, 4, 1, 4, NULL, NULL, 'adult price', 0, 'A-12', 1, 600, '2018-10-01', '2019-02-13', '2019-02-13 11:00:00', 'public', 0, 0, 1, NULL, NULL, '2018-10-01 06:52:30', '2018-10-01 06:52:38'),
(2353, 74, 1, 1, 4, 1, 4, 15, NULL, 'adult price', 1, 'A-2', 1, 0, '2018-10-01', '2019-02-13', '2019-02-13 11:00:00', 'public', 0, 0, 1, NULL, NULL, '2018-10-01 06:52:30', '2018-10-01 06:52:38'),
(2354, 74, 1, 1, 4, 1, 4, NULL, NULL, 'adult price', 0, 'A-8', 1, 600, '2018-10-01', '2019-02-13', '2019-02-13 11:00:00', 'public', 0, 0, 1, NULL, NULL, '2018-10-01 06:52:30', '2018-10-01 06:52:38'),
(2355, 74, 1, 1, 4, 1, 4, NULL, NULL, 'adult price', 0, 'A-11', 1, 600, '2018-10-01', '2019-02-13', '2019-02-13 11:00:00', 'public', 0, 0, 1, NULL, NULL, '2018-10-01 06:52:31', '2018-10-01 06:52:39'),
(2356, 74, 1, 1, 4, 1, 4, NULL, NULL, 'adult price', 0, 'B-8', 1, 600, '2018-10-01', '2019-02-13', '2019-02-13 11:00:00', 'public', 0, 0, 1, NULL, NULL, '2018-10-01 06:52:31', '2018-10-01 06:52:39'),
(2357, 74, 1, 1, 4, 1, 4, NULL, NULL, 'adult price', 0, 'B-7', 1, 600, '2018-10-01', '2019-02-13', '2019-02-13 11:00:00', 'public', 0, 0, 1, NULL, NULL, '2018-10-01 06:52:31', '2018-10-01 06:52:39'),
(2358, 74, 1, 1, 4, 1, 4, 15, NULL, 'adult price', 1, 'B-6', 1, 0, '2018-10-01', '2019-02-13', '2019-02-13 11:00:00', 'public', 0, 0, 1, NULL, NULL, '2018-10-01 06:52:31', '2018-10-01 06:52:39'),
(2359, 74, 1, 1, 4, 1, 4, NULL, NULL, 'adult price', 0, 'B-5', 1, 600, '2018-10-01', '2019-02-13', '2019-02-13 11:00:00', 'public', 0, 0, 1, NULL, NULL, '2018-10-01 06:52:31', '2018-10-01 06:52:39'),
(2360, 74, 1, 1, 4, 1, 4, NULL, NULL, 'adult price', 0, 'B-4', 1, 600, '2018-10-01', '2019-02-13', '2019-02-13 11:00:00', 'public', 0, 0, 1, NULL, NULL, '2018-10-01 06:52:31', '2018-10-01 06:52:39'),
(2361, 74, 1, 1, 4, 1, 4, NULL, NULL, 'adult price', 0, 'B-3', 1, 600, '2018-10-01', '2019-02-13', '2019-02-13 11:00:00', 'public', 0, 0, 1, NULL, NULL, '2018-10-01 06:52:31', '2018-10-01 06:52:39'),
(2362, 74, 1, 1, 4, 1, 4, NULL, NULL, 'adult price', 0, 'B-1', 1, 600, '2018-10-01', '2019-02-13', '2019-02-13 11:00:00', 'public', 0, 0, 1, NULL, NULL, '2018-10-01 06:52:31', '2018-10-01 06:52:39'),
(2363, 74, 1, 1, 4, 1, 4, 15, NULL, 'adult price', 1, 'B-2', 1, 0, '2018-10-01', '2019-02-13', '2019-02-13 11:00:00', 'public', 0, 0, 1, NULL, NULL, '2018-10-01 06:52:31', '2018-10-01 06:52:39'),
(2364, 61, 1, 2, 2, 4, 3, NULL, NULL, 'adult price', 0, 'F-3', 1, 800, '2018-10-01', '2018-10-15', '2018-10-15 00:00:00', 'public', 0, 0, 1, NULL, NULL, '2018-10-01 07:14:27', '2018-10-01 07:14:29'),
(2365, 61, 1, 2, 2, 4, 3, NULL, NULL, 'adult price', 0, 'F-2', 1, 800, '2018-10-01', '2018-10-15', '2018-10-15 00:00:00', 'public', 0, 0, 1, NULL, NULL, '2018-10-01 07:14:27', '2018-10-01 07:14:29'),
(2366, 66, 3, 2, 8, 1, 3, NULL, NULL, 'adult price', 0, 'A-4', 1, 800, '2018-10-01', '2018-10-07', '2018-10-07 01:00:00', 'public', 0, 0, 1, NULL, NULL, '2018-10-01 07:31:57', '2018-10-01 07:31:59'),
(2367, 66, 3, 2, 8, 1, 3, NULL, NULL, 'adult price', 0, 'B-3', 1, 800, '2018-10-01', '2018-10-07', '2018-10-07 01:00:00', 'public', 0, 0, 1, NULL, NULL, '2018-10-01 07:31:57', '2018-10-01 07:31:59'),
(2368, 66, 3, 2, 8, 1, 3, NULL, NULL, 'adult price', 0, 'A-5', 1, 800, '2018-10-01', '2018-10-07', '2018-10-07 01:00:00', 'public', 0, 0, 1, NULL, NULL, '2018-10-01 07:31:57', '2018-10-01 07:31:59'),
(2369, 66, 3, 2, 8, 1, 3, NULL, NULL, 'adult price', 0, 'B-2', 1, 800, '2018-10-01', '2018-10-07', '2018-10-07 01:00:00', 'public', 0, 0, 1, NULL, NULL, '2018-10-01 07:31:57', '2018-10-01 07:31:59'),
(2370, 87, 3, 2, 8, 7, 3, NULL, NULL, 'adult price', 0, 'A-9', 1, 800, '2018-10-01', '2018-11-29', '2018-11-29 20:40:00', 'public', 0, 0, 1, NULL, NULL, '2018-10-01 08:48:47', '2018-10-01 08:48:50'),
(2371, 87, 3, 2, 8, 7, 3, NULL, NULL, 'adult price', 0, 'C-9', 1, 800, '2018-10-01', '2018-11-29', '2018-11-29 20:40:00', 'public', 0, 0, 1, NULL, NULL, '2018-10-01 08:48:48', '2018-10-01 08:48:50'),
(2372, 87, 3, 2, 8, 7, 3, NULL, NULL, 'adult price', 0, 'B-9', 1, 800, '2018-10-01', '2018-11-29', '2018-11-29 20:40:00', 'public', 0, 0, 1, NULL, NULL, '2018-10-01 08:48:48', '2018-10-01 08:48:50'),
(2373, 87, 3, 2, 8, 7, 3, NULL, NULL, 'adult price', 0, 'D-9', 1, 800, '2018-10-01', '2018-11-29', '2018-11-29 20:40:00', 'public', 0, 0, 1, NULL, NULL, '2018-10-01 08:48:48', '2018-10-01 08:48:50'),
(2374, 87, 3, 2, 8, 7, 3, 15, NULL, 'adult price', 1, 'E-9', 1, 0, '2018-10-01', '2018-11-29', '2018-11-29 20:40:00', 'public', 0, 0, 1, NULL, NULL, '2018-10-01 08:48:48', '2018-10-01 08:48:50'),
(2375, 61, 1, 2, 2, 4, 3, NULL, NULL, 'adult price', 0, 'B-2', 1, 800, '2018-10-01', '2018-10-15', '2018-10-15 00:00:00', 'public', 0, 0, 1, NULL, NULL, '2018-10-01 10:36:14', '2018-10-01 10:36:17'),
(2376, 61, 1, 2, 2, 4, 3, NULL, NULL, 'adult price', 0, 'C-2', 1, 800, '2018-10-01', '2018-10-15', '2018-10-15 00:00:00', 'public', 0, 0, 1, NULL, NULL, '2018-10-01 10:36:15', '2018-10-01 10:36:17'),
(2377, 62, 1, 2, 2, 4, 3, NULL, NULL, 'adult price', 1, 'A-2', 1, 0, '2018-10-01', '2018-10-15', '2018-10-15 19:00:00', 'public', 0, 0, 1, NULL, NULL, '2018-10-01 11:01:33', '2018-10-01 11:01:35'),
(2378, 62, 1, 2, 2, 4, 3, NULL, NULL, 'adult price', 0, 'C-2', 1, 800, '2018-10-01', '2018-10-15', '2018-10-15 19:00:00', 'public', 0, 0, 1, NULL, NULL, '2018-10-01 11:02:14', '2018-10-01 11:02:19'),
(2379, 62, 1, 2, 2, 4, 3, NULL, NULL, 'adult price', 0, 'D-2', 1, 800, '2018-10-01', '2018-10-15', '2018-10-15 19:00:00', 'public', 0, 0, 1, NULL, NULL, '2018-10-01 11:02:14', '2018-10-01 11:02:19'),
(2380, 62, 1, 2, 2, 4, 3, NULL, NULL, 'adult price', 0, 'E-2', 1, 800, '2018-10-01', '2018-10-15', '2018-10-15 19:00:00', 'public', 0, 0, 1, NULL, NULL, '2018-10-01 11:02:14', '2018-10-01 11:02:19'),
(2381, 62, 1, 2, 2, 4, 3, NULL, NULL, 'adult price', 0, 'F-2', 1, 800, '2018-10-01', '2018-10-15', '2018-10-15 19:00:00', 'public', 0, 0, 1, NULL, NULL, '2018-10-01 11:02:14', '2018-10-01 11:02:19'),
(2382, 62, 1, 2, 2, 4, 3, 15, NULL, 'adult price', 1, 'F-1', 1, 0, '2018-10-01', '2018-10-15', '2018-10-15 19:00:00', 'public', 0, 0, 1, NULL, NULL, '2018-10-01 11:02:14', '2018-10-01 11:02:19'),
(2383, 62, 1, 2, 2, 4, 3, NULL, NULL, 'adult price', 0, 'E-1', 1, 800, '2018-10-01', '2018-10-15', '2018-10-15 19:00:00', 'public', 0, 0, 1, NULL, NULL, '2018-10-01 11:02:14', '2018-10-01 11:02:19'),
(2384, 62, 1, 2, 2, 4, 3, NULL, NULL, 'adult price', 0, 'E-3', 1, 800, '2018-10-01', '2018-10-15', '2018-10-15 19:00:00', 'public', 0, 0, 1, NULL, NULL, '2018-10-01 11:02:14', '2018-10-01 11:02:19'),
(2385, 62, 1, 2, 2, 4, 3, NULL, NULL, 'adult price', 0, 'F-3', 1, 800, '2018-10-01', '2018-10-15', '2018-10-15 19:00:00', 'public', 0, 0, 1, NULL, NULL, '2018-10-01 11:02:15', '2018-10-01 11:02:20'),
(2386, 62, 1, 2, 2, 4, 3, NULL, NULL, 'adult price', 0, 'D-3', 1, 800, '2018-10-01', '2018-10-15', '2018-10-15 19:00:00', 'public', 0, 0, 1, NULL, NULL, '2018-10-01 11:02:15', '2018-10-01 11:02:20'),
(2387, 62, 1, 2, 2, 4, 3, 15, NULL, 'adult price', 1, 'C-3', 1, 0, '2018-10-01', '2018-10-15', '2018-10-15 19:00:00', 'public', 0, 0, 1, NULL, NULL, '2018-10-01 11:02:15', '2018-10-01 11:02:20'),
(2388, 61, 1, 2, 2, 4, 3, NULL, NULL, 'adult price', 1, 'B-1', 1, 0, '2018-10-01', '2018-10-15', '2018-10-15 00:00:00', 'public', 0, 0, 1, NULL, NULL, '2018-10-01 11:05:49', '2018-10-01 11:05:51'),
(2389, 61, 1, 2, 2, 4, 3, NULL, NULL, 'adult price', 1, 'D-2', 1, 0, '2018-10-01', '2018-10-15', '2018-10-15 00:00:00', 'public', 0, 0, 1, NULL, NULL, '2018-10-01 11:05:49', '2018-10-01 11:05:51'),
(2390, 94, 1, 1, 10, 8, 3, NULL, NULL, 'adult price', 0, 'A-1', 1, 600, '2018-10-01', '2018-10-01', '2018-10-01 22:00:00', 'public', 0, 0, 1, NULL, NULL, '2018-10-01 13:51:52', '2018-10-01 13:52:04'),
(2391, 94, 1, 1, 10, 8, 3, NULL, NULL, 'adult price', 0, 'B-1', 1, 600, '2018-10-01', '2018-10-01', '2018-10-01 22:00:00', 'public', 0, 0, 1, NULL, NULL, '2018-10-01 13:51:52', '2018-10-01 13:52:04'),
(2392, 94, 1, 1, 10, 8, 3, NULL, NULL, 'adult price', 0, 'C-1', 1, 600, '2018-10-01', '2018-10-01', '2018-10-01 22:00:00', 'public', 0, 0, 1, NULL, NULL, '2018-10-01 13:51:53', '2018-10-01 13:52:04'),
(2393, 94, 1, 1, 10, 8, 3, NULL, NULL, 'adult price', 0, 'D-1', 1, 600, '2018-10-01', '2018-10-01', '2018-10-01 22:00:00', 'public', 0, 0, 1, NULL, NULL, '2018-10-01 13:51:53', '2018-10-01 13:52:04'),
(2394, 94, 1, 1, 10, 8, 3, 15, NULL, 'adult price', 1, 'E-1', 1, 0, '2018-10-01', '2018-10-01', '2018-10-01 22:00:00', 'public', 0, 0, 1, NULL, NULL, '2018-10-01 13:51:53', '2018-10-01 13:52:04'),
(2395, 94, 1, 1, 10, 8, 3, NULL, NULL, 'adult price', 1, 'F-1', 1, 0, '2018-10-01', '2018-10-01', '2018-10-01 22:00:00', 'public', 0, 0, 1, NULL, NULL, '2018-10-01 13:51:53', '2018-10-01 13:52:04'),
(2396, 94, 1, 1, 10, 8, 3, NULL, NULL, 'adult price', 1, 'G-1', 1, 0, '2018-10-01', '2018-10-01', '2018-10-01 22:00:00', 'public', 0, 0, 1, NULL, NULL, '2018-10-01 13:51:53', '2018-10-01 13:52:05'),
(2397, 94, 1, 1, 10, 8, 3, NULL, NULL, 'adult price', 1, 'G-2', 1, 0, '2018-10-01', '2018-10-01', '2018-10-01 22:00:00', 'public', 0, 0, 1, NULL, NULL, '2018-10-01 13:51:53', '2018-10-01 13:52:05'),
(2398, 94, 1, 1, 10, 8, 3, NULL, NULL, 'adult price', 1, 'F-2', 1, 0, '2018-10-01', '2018-10-01', '2018-10-01 22:00:00', 'public', 0, 0, 1, NULL, NULL, '2018-10-01 13:51:53', '2018-10-01 13:52:05'),
(2399, 94, 1, 1, 10, 8, 3, 15, NULL, 'adult price', 1, 'E-2', 1, 0, '2018-10-01', '2018-10-01', '2018-10-01 22:00:00', 'public', 0, 0, 1, NULL, NULL, '2018-10-01 13:51:53', '2018-10-01 13:52:05'),
(2400, 94, 1, 1, 10, 8, 3, NULL, NULL, 'adult price', 1, 'D-2', 1, 0, '2018-10-01', '2018-10-01', '2018-10-01 22:00:00', 'public', 0, 0, 1, NULL, NULL, '2018-10-01 13:51:53', '2018-10-01 13:52:05'),
(2401, 94, 1, 1, 10, 8, 3, NULL, NULL, 'adult price', 1, 'C-2', 1, 0, '2018-10-01', '2018-10-01', '2018-10-01 22:00:00', 'public', 0, 0, 1, NULL, NULL, '2018-10-01 13:51:53', '2018-10-01 13:52:05'),
(2402, 94, 1, 1, 10, 8, 3, NULL, NULL, 'adult price', 1, 'B-2', 1, 0, '2018-10-01', '2018-10-01', '2018-10-01 22:00:00', 'public', 0, 0, 1, NULL, NULL, '2018-10-01 13:51:53', '2018-10-01 13:52:05'),
(2403, 94, 1, 1, 10, 8, 3, NULL, NULL, 'adult price', 1, 'A-2', 1, 0, '2018-10-01', '2018-10-01', '2018-10-01 22:00:00', 'public', 0, 0, 1, NULL, NULL, '2018-10-01 13:51:53', '2018-10-01 13:52:05'),
(2404, 94, 1, 1, 10, 8, 3, 15, NULL, 'adult price', 1, 'A-3', 1, 0, '2018-10-01', '2018-10-01', '2018-10-01 22:00:00', 'public', 0, 0, 1, NULL, NULL, '2018-10-01 13:51:53', '2018-10-01 13:52:05'),
(2405, 94, 1, 1, 10, 8, 3, NULL, NULL, 'adult price', 1, 'B-3', 1, 0, '2018-10-01', '2018-10-01', '2018-10-01 22:00:00', 'public', 0, 0, 1, NULL, NULL, '2018-10-01 13:51:53', '2018-10-01 13:52:05'),
(2406, 94, 1, 1, 10, 8, 3, NULL, NULL, 'adult price', 1, 'C-3', 1, 0, '2018-10-01', '2018-10-01', '2018-10-01 22:00:00', 'public', 0, 0, 1, NULL, NULL, '2018-10-01 13:51:53', '2018-10-01 13:52:05'),
(2407, 94, 1, 1, 10, 8, 3, NULL, NULL, 'adult price', 1, 'D-3', 1, 0, '2018-10-01', '2018-10-01', '2018-10-01 22:00:00', 'public', 0, 0, 1, NULL, NULL, '2018-10-01 13:51:53', '2018-10-01 13:52:05'),
(2408, 94, 1, 1, 10, 8, 3, NULL, NULL, 'adult price', 1, 'E-3', 1, 0, '2018-10-01', '2018-10-01', '2018-10-01 22:00:00', 'public', 0, 0, 1, NULL, NULL, '2018-10-01 13:51:53', '2018-10-01 13:52:05'),
(2409, 94, 1, 1, 10, 8, 3, 15, NULL, 'adult price', 1, 'F-3', 1, 0, '2018-10-01', '2018-10-01', '2018-10-01 22:00:00', 'public', 0, 0, 1, NULL, NULL, '2018-10-01 13:51:53', '2018-10-01 13:52:05'),
(2410, 94, 1, 1, 10, 8, 3, NULL, NULL, 'adult price', 1, 'G-3', 1, 0, '2018-10-01', '2018-10-01', '2018-10-01 22:00:00', 'public', 0, 0, 1, NULL, NULL, '2018-10-01 13:51:53', '2018-10-01 13:52:05'),
(2411, 94, 1, 1, 10, 8, 3, NULL, NULL, 'adult price', 1, 'G-4', 1, 0, '2018-10-01', '2018-10-01', '2018-10-01 22:00:00', 'public', 0, 0, 1, NULL, NULL, '2018-10-01 13:51:53', '2018-10-01 13:52:05'),
(2412, 94, 1, 1, 10, 8, 3, NULL, NULL, 'adult price', 1, 'F-4', 1, 0, '2018-10-01', '2018-10-01', '2018-10-01 22:00:00', 'public', 0, 0, 1, NULL, NULL, '2018-10-01 13:51:54', '2018-10-01 13:52:05'),
(2413, 94, 1, 1, 10, 8, 3, NULL, NULL, 'adult price', 1, 'E-4', 1, 0, '2018-10-01', '2018-10-01', '2018-10-01 22:00:00', 'public', 0, 0, 1, NULL, NULL, '2018-10-01 13:51:54', '2018-10-01 13:52:05'),
(2414, 94, 1, 1, 10, 8, 3, 15, NULL, 'adult price', 1, 'D-4', 1, 0, '2018-10-01', '2018-10-01', '2018-10-01 22:00:00', 'public', 0, 0, 1, NULL, NULL, '2018-10-01 13:51:54', '2018-10-01 13:52:06'),
(2415, 94, 1, 1, 10, 8, 3, NULL, NULL, 'adult price', 1, 'C-4', 1, 0, '2018-10-01', '2018-10-01', '2018-10-01 22:00:00', 'public', 0, 0, 1, NULL, NULL, '2018-10-01 13:51:54', '2018-10-01 13:52:06'),
(2416, 94, 1, 1, 10, 8, 3, NULL, NULL, 'adult price', 1, 'B-4', 1, 0, '2018-10-01', '2018-10-01', '2018-10-01 22:00:00', 'public', 0, 0, 1, NULL, NULL, '2018-10-01 13:51:54', '2018-10-01 13:52:06'),
(2417, 94, 1, 1, 10, 8, 3, NULL, NULL, 'adult price', 1, 'A-4', 1, 0, '2018-10-01', '2018-10-01', '2018-10-01 22:00:00', 'public', 0, 0, 1, NULL, NULL, '2018-10-01 13:51:54', '2018-10-01 13:52:06'),
(2418, 94, 1, 1, 10, 8, 3, NULL, NULL, 'adult price', 1, 'A-5', 1, 0, '2018-10-01', '2018-10-01', '2018-10-01 22:00:00', 'public', 0, 0, 1, NULL, NULL, '2018-10-01 13:51:54', '2018-10-01 13:52:06'),
(2419, 94, 1, 1, 10, 8, 3, 15, NULL, 'adult price', 1, 'A-6', 1, 0, '2018-10-01', '2018-10-01', '2018-10-01 22:00:00', 'public', 0, 0, 1, NULL, NULL, '2018-10-01 13:51:54', '2018-10-01 13:52:06'),
(2420, 94, 1, 1, 10, 8, 3, NULL, NULL, 'adult price', 1, 'B-6', 1, 0, '2018-10-01', '2018-10-01', '2018-10-01 22:00:00', 'public', 0, 0, 1, NULL, NULL, '2018-10-01 13:51:54', '2018-10-01 13:52:06'),
(2421, 94, 1, 1, 10, 8, 3, NULL, NULL, 'adult price', 1, 'B-5', 1, 0, '2018-10-01', '2018-10-01', '2018-10-01 22:00:00', 'public', 0, 0, 1, NULL, NULL, '2018-10-01 13:51:54', '2018-10-01 13:52:06'),
(2422, 94, 1, 1, 10, 8, 3, NULL, NULL, 'adult price', 1, 'C-5', 1, 0, '2018-10-01', '2018-10-01', '2018-10-01 22:00:00', 'public', 0, 0, 1, NULL, NULL, '2018-10-01 13:51:54', '2018-10-01 13:52:06'),
(2423, 94, 1, 1, 10, 8, 3, NULL, NULL, 'adult price', 1, 'C-6', 1, 0, '2018-10-01', '2018-10-01', '2018-10-01 22:00:00', 'public', 0, 0, 1, NULL, NULL, '2018-10-01 13:51:54', '2018-10-01 13:52:06'),
(2424, 94, 1, 1, 10, 8, 3, 15, NULL, 'adult price', 1, 'D-6', 1, 0, '2018-10-01', '2018-10-01', '2018-10-01 22:00:00', 'public', 0, 0, 1, NULL, NULL, '2018-10-01 13:51:54', '2018-10-01 13:52:06'),
(2425, 94, 1, 1, 10, 8, 3, NULL, NULL, 'adult price', 1, 'D-5', 1, 0, '2018-10-01', '2018-10-01', '2018-10-01 22:00:00', 'public', 0, 0, 1, NULL, NULL, '2018-10-01 13:51:54', '2018-10-01 13:52:06'),
(2426, 94, 1, 1, 10, 8, 3, NULL, NULL, 'adult price', 1, 'E-5', 1, 0, '2018-10-01', '2018-10-01', '2018-10-01 22:00:00', 'public', 0, 0, 1, NULL, NULL, '2018-10-01 13:51:54', '2018-10-01 13:52:06'),
(2427, 94, 1, 1, 10, 8, 3, NULL, NULL, 'adult price', 1, 'E-6', 1, 0, '2018-10-01', '2018-10-01', '2018-10-01 22:00:00', 'public', 0, 0, 1, NULL, NULL, '2018-10-01 13:51:54', '2018-10-01 13:52:06'),
(2428, 94, 1, 1, 10, 8, 3, NULL, NULL, 'adult price', 1, 'F-6', 1, 0, '2018-10-01', '2018-10-01', '2018-10-01 22:00:00', 'public', 0, 0, 1, NULL, NULL, '2018-10-01 13:51:55', '2018-10-01 13:52:06'),
(2429, 94, 1, 1, 10, 8, 3, 15, NULL, 'adult price', 1, 'F-5', 1, 0, '2018-10-01', '2018-10-01', '2018-10-01 22:00:00', 'public', 0, 0, 1, NULL, NULL, '2018-10-01 13:51:55', '2018-10-01 13:52:06'),
(2430, 94, 1, 1, 10, 8, 3, NULL, NULL, 'adult price', 1, 'G-5', 1, 0, '2018-10-01', '2018-10-01', '2018-10-01 22:00:00', 'public', 0, 0, 1, NULL, NULL, '2018-10-01 13:51:55', '2018-10-01 13:52:06'),
(2431, 94, 1, 1, 10, 8, 3, NULL, NULL, 'adult price', 1, 'G-6', 1, 0, '2018-10-01', '2018-10-01', '2018-10-01 22:00:00', 'public', 0, 0, 1, NULL, NULL, '2018-10-01 13:51:55', '2018-10-01 13:52:06'),
(2435, 104, 1, 1, 3, 5, 3, NULL, NULL, 'adult price', 0, 'X-1', 1, 600, '2018-10-02', '2018-11-15', '2018-11-15 09:00:00', 'public', 0, 0, 0, 1, NULL, '2018-10-02 10:26:54', '2018-10-06 05:46:10'),
(2436, 104, 1, 1, 3, 5, 3, NULL, NULL, 'adult price', 0, 'Y-1', 1, 600, '2018-10-02', '2018-11-15', '2018-11-15 09:00:00', 'public', 0, 0, 1, NULL, NULL, '2018-10-02 10:26:54', '2018-10-02 10:26:55'),
(2437, 104, 1, 1, 3, 5, 3, NULL, NULL, 'adult price', 0, 'X-2', 1, 600, '2018-10-02', '2018-11-15', '2018-11-15 09:00:00', 'public', 0, 0, 1, NULL, NULL, '2018-10-02 10:26:54', '2018-10-02 10:26:55'),
(2438, 104, 1, 1, 3, 5, 3, 20, NULL, 'adult price', 1, 'Z-1', 1, 0, '2018-10-02', '2018-11-15', '2018-11-15 09:00:00', 'public', 0, 0, 1, NULL, NULL, '2018-10-02 10:26:54', '2018-10-02 10:26:55'),
(2439, 101, 1, 2, 9, 7, 3, NULL, NULL, 'adult price', 0, 'B-10', 1, 800, '2018-10-02', '2019-02-13', '2019-02-13 00:00:00', 'public', 0, 0, 1, NULL, NULL, '2018-10-02 10:27:19', '2018-10-02 10:27:24'),
(2440, 101, 1, 2, 9, 7, 3, NULL, NULL, 'adult price', 0, 'C-11', 1, 800, '2018-10-02', '2019-02-13', '2019-02-13 00:00:00', 'public', 0, 0, 1, NULL, NULL, '2018-10-02 10:27:19', '2018-10-02 10:27:24'),
(2441, 101, 1, 2, 9, 7, 3, NULL, NULL, 'adult price', 0, 'C-9', 1, 800, '2018-10-02', '2019-02-13', '2019-02-13 00:00:00', 'public', 0, 0, 1, NULL, NULL, '2018-10-02 10:27:19', '2018-10-02 10:27:24'),
(2442, 101, 1, 2, 9, 7, 3, 20, NULL, 'adult price', 1, 'D-8', 1, 0, '2018-10-02', '2019-02-13', '2019-02-13 00:00:00', 'public', 0, 0, 1, NULL, NULL, '2018-10-02 10:27:19', '2018-10-02 10:27:24'),
(2443, 101, 1, 2, 9, 7, 3, NULL, NULL, 'adult price', 0, 'E-9', 1, 800, '2018-10-02', '2019-02-13', '2019-02-13 00:00:00', 'public', 0, 0, 1, NULL, NULL, '2018-10-02 10:27:19', '2018-10-02 10:27:24'),
(2444, 101, 1, 2, 9, 7, 3, NULL, NULL, 'adult price', 0, 'E-11', 1, 800, '2018-10-02', '2019-02-13', '2019-02-13 00:00:00', 'public', 0, 0, 1, NULL, NULL, '2018-10-02 10:27:19', '2018-10-02 10:27:24'),
(2445, 101, 1, 2, 9, 7, 3, NULL, NULL, 'adult price', 0, 'E-12', 1, 800, '2018-10-02', '2019-02-13', '2019-02-13 00:00:00', 'public', 0, 0, 1, NULL, NULL, '2018-10-02 10:27:20', '2018-10-02 10:27:24'),
(2446, 101, 1, 2, 9, 7, 3, 20, NULL, 'adult price', 1, 'E-13', 1, 0, '2018-10-02', '2019-02-13', '2019-02-13 00:00:00', 'public', 0, 0, 1, NULL, NULL, '2018-10-02 10:27:20', '2018-10-02 10:27:24'),
(2447, 101, 1, 2, 9, 7, 3, NULL, NULL, 'adult price', 0, 'E-7', 1, 800, '2018-10-02', '2019-02-13', '2019-02-13 00:00:00', 'public', 0, 0, 1, NULL, NULL, '2018-10-02 10:27:20', '2018-10-02 10:27:24'),
(2448, 101, 1, 2, 9, 7, 3, NULL, NULL, 'adult price', 0, 'C-12', 1, 800, '2018-10-02', '2019-02-13', '2019-02-13 00:00:00', 'public', 0, 0, 1, NULL, NULL, '2018-10-02 10:27:20', '2018-10-02 10:27:24'),
(2449, 101, 1, 2, 9, 7, 3, NULL, NULL, 'adult price', 0, 'D-13', 1, 800, '2018-10-02', '2019-02-13', '2019-02-13 00:00:00', 'public', 0, 0, 1, NULL, NULL, '2018-10-02 10:27:20', '2018-10-02 10:27:24'),
(2450, 101, 1, 2, 9, 7, 3, 20, NULL, 'adult price', 1, 'E-14', 1, 0, '2018-10-02', '2019-02-13', '2019-02-13 00:00:00', 'public', 0, 0, 1, NULL, NULL, '2018-10-02 10:27:20', '2018-10-02 10:27:24'),
(2451, 98, 1, 1, 6, 8, 4, NULL, NULL, 'adult price', 0, 'A-1', 1, 600, '2018-10-02', '2018-10-17', '2018-10-17 19:00:00', 'public', 0, 0, 0, 1, NULL, '2018-10-02 10:27:39', '2018-10-06 05:37:32'),
(2452, 103, 1, 1, 3, 5, 3, NULL, NULL, 'adult price', 0, 'X-1', 1, 600, '2018-10-02', '2018-10-25', '2018-10-25 12:00:00', 'advance', 0, 1, 0, 1, NULL, '2018-10-02 10:30:10', '2018-10-06 05:48:22'),
(2453, 103, 1, 1, 3, 5, 3, NULL, NULL, 'adult price', 0, 'X-2', 1, 600, '2018-10-02', '2018-10-25', '2018-10-25 12:00:00', 'advance', 0, 1, 0, 1, NULL, '2018-10-02 10:30:10', '2018-10-06 05:33:12'),
(2454, 103, 1, 1, 3, 5, 3, NULL, NULL, 'adult price', 0, 'X-3', 1, 600, '2018-10-03', '2018-10-25', '2018-10-25 12:00:00', 'public', 0, 0, 1, NULL, NULL, '2018-10-03 06:17:09', '2018-10-03 06:17:20'),
(2455, 103, 1, 1, 3, 5, 3, NULL, NULL, 'adult price', 0, 'X-4', 1, 600, '2018-10-03', '2018-10-25', '2018-10-25 12:00:00', 'public', 0, 0, 1, NULL, NULL, '2018-10-03 06:17:09', '2018-10-03 06:17:20'),
(2456, 103, 1, 1, 3, 5, 3, NULL, NULL, 'adult price', 0, 'Y-3', 1, 600, '2018-10-03', '2018-10-25', '2018-10-25 12:00:00', 'public', 0, 0, 1, NULL, NULL, '2018-10-03 06:17:09', '2018-10-03 06:17:20');

-- --------------------------------------------------------

--
-- Table structure for table `concession_details`
--

DROP TABLE IF EXISTS `concession_details`;
CREATE TABLE IF NOT EXISTS `concession_details` (
  `id` int(10) UNSIGNED NOT NULL AUTO_INCREMENT,
  `concession_master_id` int(10) UNSIGNED NOT NULL,
  `user_id` int(10) UNSIGNED NOT NULL,
  `type` varchar(255) COLLATE utf8mb4_unicode_ci NOT NULL,
  `package_id` int(10) UNSIGNED DEFAULT NULL,
  `item_id` int(10) UNSIGNED DEFAULT NULL,
  `price` int(11) DEFAULT NULL,
  `qty` int(11) DEFAULT NULL,
  `amount` int(11) DEFAULT NULL,
  `cancelUserId` int(11) DEFAULT NULL,
  `cancelDate` datetime DEFAULT NULL,
  `status` tinyint(1) NOT NULL,
  `created_at` timestamp NULL DEFAULT NULL,
  `updated_at` timestamp NULL DEFAULT NULL,
  PRIMARY KEY (`id`),
  KEY `concession_details_user_id_foreign` (`user_id`),
  KEY `concession_details_package_id_foreign` (`package_id`),
  KEY `concession_details_item_id_foreign` (`item_id`),
  KEY `concession_details_concession_master_id_foreign` (`concession_master_id`)
) ENGINE=InnoDB AUTO_INCREMENT=219 DEFAULT CHARSET=utf8mb4 COLLATE=utf8mb4_unicode_ci;

--
-- Dumping data for table `concession_details`
--

INSERT INTO `concession_details` (`id`, `concession_master_id`, `user_id`, `type`, `package_id`, `item_id`, `price`, `qty`, `amount`, `cancelUserId`, `cancelDate`, `status`, `created_at`, `updated_at`) VALUES
(19, 14, 1, 'item', NULL, 4, 60, 2, 120, NULL, NULL, 1, '2018-09-12 01:01:30', '2018-09-12 01:01:30'),
(20, 14, 1, 'item', NULL, 6, 45, 2, 90, NULL, NULL, 1, '2018-09-12 01:01:30', '2018-09-12 01:01:30'),
(21, 15, 1, 'package', 3, NULL, 380, 3, 1140, 1, '2018-09-12 07:40:54', 0, '2018-09-12 01:04:52', '2018-09-12 02:40:54'),
(22, 15, 1, 'item', NULL, 5, 120, 4, 480, 1, '2018-09-12 07:40:54', 0, '2018-09-12 01:04:52', '2018-09-12 02:40:54'),
(23, 15, 1, 'item', NULL, 3, 100, 1, 100, 1, '2018-09-12 07:40:54', 0, '2018-09-12 01:04:52', '2018-09-12 02:40:54'),
(24, 16, 1, 'item', NULL, 5, 120, 3, 360, 1, '2018-09-12 07:37:31', 0, '2018-09-12 01:07:37', '2018-09-12 02:37:31'),
(25, 16, 1, 'item', NULL, 3, 100, 3, 300, 1, '2018-09-12 07:37:31', 0, '2018-09-12 01:07:37', '2018-09-12 02:37:31'),
(26, 17, 1, 'item', NULL, 6, 45, 2, 90, 1, '2018-09-12 07:37:51', 0, '2018-09-12 01:08:32', '2018-09-12 02:37:51'),
(27, 19, 1, 'package', 3, NULL, 380, 1, 380, NULL, NULL, 1, '2018-09-12 01:08:48', '2018-09-12 01:08:48'),
(28, 20, 1, 'package', 1, NULL, 390, 6, 2340, NULL, NULL, 1, '2018-09-12 01:13:33', '2018-09-12 01:13:33'),
(29, 21, 1, 'package', 3, NULL, 380, 4, 1520, NULL, NULL, 1, '2018-09-12 03:24:55', '2018-09-12 03:24:55'),
(30, 21, 1, 'item', NULL, 6, 45, 8, 360, NULL, NULL, 1, '2018-09-12 03:24:55', '2018-09-12 03:24:55'),
(31, 21, 1, 'item', NULL, 4, 60, 2, 120, NULL, NULL, 1, '2018-09-12 03:24:55', '2018-09-12 03:24:55'),
(32, 22, 1, 'package', 3, NULL, 380, 3, 1140, NULL, NULL, 1, '2018-09-12 03:25:12', '2018-09-12 03:25:12'),
(33, 23, 1, 'item', NULL, 8, 45, 10, 450, NULL, NULL, 1, '2018-09-12 08:14:00', '2018-09-12 08:14:00'),
(34, 24, 1, 'package', 4, NULL, 300, 4, 1200, 1, '2018-09-18 05:14:15', 0, '2018-09-12 08:43:42', '2018-09-18 12:14:15'),
(35, 25, 1, 'item', NULL, 5, 120, 5, 600, NULL, NULL, 1, '2018-09-12 08:55:39', '2018-09-12 08:55:39'),
(36, 26, 1, 'package', 3, NULL, 370, 4, 1480, NULL, NULL, 1, '2018-09-13 02:59:37', '2018-09-13 02:59:37'),
(37, 26, 1, 'item', NULL, 5, 100, 21, 2100, NULL, NULL, 1, '2018-09-13 02:59:37', '2018-09-13 02:59:37'),
(38, 27, 1, 'package', 3, NULL, 370, 4, 1480, NULL, NULL, 1, '2018-09-13 03:00:22', '2018-09-13 03:00:22'),
(39, 27, 1, 'item', NULL, 6, 45, 2, 90, NULL, NULL, 1, '2018-09-13 03:00:22', '2018-09-13 03:00:22'),
(40, 27, 1, 'item', NULL, 4, 60, 2, 120, NULL, NULL, 1, '2018-09-13 03:00:22', '2018-09-13 03:00:22'),
(41, 27, 1, 'item', NULL, 5, 100, 3, 300, NULL, NULL, 1, '2018-09-13 03:00:22', '2018-09-13 03:00:22'),
(42, 27, 1, 'item', NULL, 3, 100, 3, 300, NULL, NULL, 1, '2018-09-13 03:00:22', '2018-09-13 03:00:22'),
(43, 27, 1, 'item', NULL, 1, 70, 3, 210, NULL, NULL, 1, '2018-09-13 03:00:22', '2018-09-13 03:00:22'),
(44, 27, 1, 'package', 1, NULL, 390, 2, 780, NULL, NULL, 1, '2018-09-13 03:00:22', '2018-09-13 03:00:22'),
(45, 28, 1, 'item', NULL, 5, 100, 1, 100, NULL, NULL, 1, '2018-09-16 11:49:54', '2018-09-16 11:49:54'),
(46, 28, 1, 'item', NULL, 3, 100, 1, 100, NULL, NULL, 1, '2018-09-16 11:49:54', '2018-09-16 11:49:54'),
(47, 28, 1, 'item', NULL, 1, 70, 3, 210, NULL, NULL, 1, '2018-09-16 11:49:54', '2018-09-16 11:49:54'),
(48, 28, 1, 'package', 3, NULL, 370, 2, 740, NULL, NULL, 1, '2018-09-16 11:49:54', '2018-09-16 11:49:54'),
(49, 28, 1, 'package', 1, NULL, 390, 2, 780, NULL, NULL, 1, '2018-09-16 11:49:54', '2018-09-16 11:49:54'),
(50, 29, 1, 'item', NULL, 5, 100, 3, 300, NULL, NULL, 1, '2018-09-16 17:42:41', '2018-09-16 17:42:41'),
(51, 29, 1, 'package', 3, NULL, 370, 4, 1480, NULL, NULL, 1, '2018-09-16 17:42:41', '2018-09-16 17:42:41'),
(52, 29, 1, 'package', 1, NULL, 390, 5, 1950, NULL, NULL, 1, '2018-09-16 17:42:41', '2018-09-16 17:42:41'),
(53, 29, 1, 'item', NULL, 1, 70, 8, 560, NULL, NULL, 1, '2018-09-16 17:42:41', '2018-09-16 17:42:41'),
(61, 38, 1, 'item', NULL, 3, 0, 1, 0, NULL, NULL, 1, '2018-09-17 07:02:03', '2018-09-17 07:02:03'),
(62, 39, 1, 'item', NULL, 3, 0, 1, 0, NULL, NULL, 1, '2018-09-17 07:03:47', '2018-09-17 07:03:47'),
(63, 40, 1, 'item', NULL, 3, 0, 1, 0, NULL, NULL, 1, '2018-09-17 07:03:48', '2018-09-17 07:03:48'),
(64, 41, 1, 'item', NULL, 3, 0, 1, 0, NULL, NULL, 1, '2018-09-17 07:06:28', '2018-09-17 07:06:28'),
(65, 41, 1, 'item', NULL, 3, 0, 1, 0, NULL, NULL, 1, '2018-09-17 07:06:28', '2018-09-17 07:06:28'),
(66, 43, 1, 'item', NULL, 3, 0, 1, 0, NULL, NULL, 1, '2018-09-17 07:06:29', '2018-09-17 07:06:29'),
(67, 44, 1, 'item', NULL, 3, 0, 3, 0, NULL, NULL, 1, '2018-09-17 07:08:42', '2018-09-17 07:08:42'),
(68, 44, 1, 'package', 1, NULL, 0, 1, 0, NULL, NULL, 1, '2018-09-17 07:08:42', '2018-09-17 07:08:42'),
(69, 45, 1, 'item', NULL, 1, 70, 2, 140, NULL, NULL, 1, '2018-09-18 06:32:12', '2018-09-18 06:32:12'),
(70, 45, 1, 'item', NULL, 3, 100, 2, 200, NULL, NULL, 1, '2018-09-18 06:32:12', '2018-09-18 06:32:12'),
(71, 46, 2, 'item', NULL, 1, 70, 3, 210, NULL, NULL, 1, '2018-09-18 09:54:46', '2018-09-18 09:54:46'),
(72, 46, 2, 'item', NULL, 4, 60, 2, 120, NULL, NULL, 1, '2018-09-18 09:54:46', '2018-09-18 09:54:46'),
(73, 46, 2, 'item', NULL, 6, 45, 6, 270, NULL, NULL, 1, '2018-09-18 09:54:46', '2018-09-18 09:54:46'),
(74, 46, 2, 'package', 3, NULL, 370, 9, 3330, NULL, NULL, 1, '2018-09-18 09:54:46', '2018-09-18 09:54:46'),
(75, 47, 1, 'item', NULL, 3, 0, 3, 0, NULL, NULL, 1, '2018-09-19 12:08:27', '2018-09-19 12:08:27'),
(76, 47, 1, 'package', 1, NULL, 0, 1, 0, NULL, NULL, 1, '2018-09-19 12:08:27', '2018-09-19 12:08:27'),
(77, 47, 1, 'item', NULL, 3, 0, 3, 0, NULL, NULL, 1, '2018-09-19 12:08:27', '2018-09-19 12:08:27'),
(78, 47, 1, 'package', 1, NULL, 0, 1, 0, NULL, NULL, 1, '2018-09-19 12:08:27', '2018-09-19 12:08:27'),
(79, 49, 1, 'item', NULL, 3, 0, 3, 0, NULL, NULL, 1, '2018-09-19 12:08:42', '2018-09-19 12:08:42'),
(80, 49, 1, 'package', 1, NULL, 0, 1, 0, NULL, NULL, 1, '2018-09-19 12:08:42', '2018-09-19 12:08:42'),
(81, 49, 1, 'item', NULL, 3, 0, 3, 0, NULL, NULL, 1, '2018-09-19 12:08:42', '2018-09-19 12:08:42'),
(82, 49, 1, 'package', 1, NULL, 0, 1, 0, NULL, NULL, 1, '2018-09-19 12:08:42', '2018-09-19 12:08:42'),
(83, 51, 1, 'item', NULL, 3, 0, 3, 0, NULL, NULL, 1, '2018-09-19 12:09:01', '2018-09-19 12:09:01'),
(84, 51, 1, 'package', 1, NULL, 0, 1, 0, NULL, NULL, 1, '2018-09-19 12:09:01', '2018-09-19 12:09:01'),
(85, 52, 1, 'item', NULL, 3, 0, 3, 0, NULL, NULL, 1, '2018-09-19 12:10:50', '2018-09-19 12:10:50'),
(86, 52, 1, 'package', 1, NULL, 0, 1, 0, NULL, NULL, 1, '2018-09-19 12:10:50', '2018-09-19 12:10:50'),
(87, 53, 1, 'item', NULL, 1, 0, 1, 0, NULL, NULL, 1, '2018-09-24 05:35:06', '2018-09-24 05:35:06'),
(88, 54, 1, 'item', NULL, 1, 0, 1, 0, NULL, NULL, 1, '2018-09-24 05:46:12', '2018-09-24 05:46:12'),
(89, 55, 1, 'item', NULL, 6, 45, 4, 180, NULL, NULL, 1, '2018-09-25 13:25:13', '2018-09-25 13:25:13'),
(90, 55, 1, 'item', NULL, 4, 60, 4, 240, NULL, NULL, 1, '2018-09-25 13:25:13', '2018-09-25 13:25:13'),
(91, 55, 1, 'package', 3, NULL, 370, 2, 740, NULL, NULL, 1, '2018-09-25 13:25:13', '2018-09-25 13:25:13'),
(92, 55, 1, 'package', 1, NULL, 390, 1, 390, NULL, NULL, 1, '2018-09-25 13:25:13', '2018-09-25 13:25:13'),
(93, 56, 1, 'item', NULL, 3, 0, 3, 0, NULL, NULL, 1, '2018-09-27 05:47:14', '2018-09-27 05:47:14'),
(94, 56, 1, 'package', 1, NULL, 0, 1, 0, NULL, NULL, 1, '2018-09-27 05:47:14', '2018-09-27 05:47:14'),
(95, 57, 1, 'item', NULL, 3, 0, 3, 0, NULL, NULL, 1, '2018-09-27 05:47:53', '2018-09-27 05:47:53'),
(96, 57, 1, 'package', 1, NULL, 0, 1, 0, NULL, NULL, 1, '2018-09-27 05:47:53', '2018-09-27 05:47:53'),
(97, 58, 1, 'item', NULL, 3, 0, 3, 0, NULL, NULL, 1, '2018-09-27 05:47:54', '2018-09-27 05:47:54'),
(98, 58, 1, 'package', 1, NULL, 0, 1, 0, NULL, NULL, 1, '2018-09-27 05:47:54', '2018-09-27 05:47:54'),
(99, 59, 1, 'item', NULL, 3, 0, 3, 0, NULL, NULL, 1, '2018-09-27 05:51:24', '2018-09-27 05:51:24'),
(100, 59, 1, 'package', 1, NULL, 0, 1, 0, NULL, NULL, 1, '2018-09-27 05:51:24', '2018-09-27 05:51:24'),
(101, 60, 1, 'item', NULL, 3, 0, 3, 0, NULL, NULL, 1, '2018-09-27 05:52:34', '2018-09-27 05:52:34'),
(102, 60, 1, 'package', 1, NULL, 0, 1, 0, NULL, NULL, 1, '2018-09-27 05:52:34', '2018-09-27 05:52:34'),
(103, 61, 1, 'item', NULL, 3, 0, 3, 0, NULL, NULL, 1, '2018-09-27 08:14:45', '2018-09-27 08:14:45'),
(104, 61, 1, 'package', 1, NULL, 0, 1, 0, NULL, NULL, 1, '2018-09-27 08:14:45', '2018-09-27 08:14:45'),
(105, 62, 1, 'item', NULL, 3, 0, 3, 0, NULL, NULL, 1, '2018-09-27 08:20:38', '2018-09-27 08:20:38'),
(106, 62, 1, 'package', 1, NULL, 0, 1, 0, NULL, NULL, 1, '2018-09-27 08:20:38', '2018-09-27 08:20:38'),
(107, 63, 1, 'item', NULL, 3, 0, 3, 0, NULL, NULL, 1, '2018-09-27 08:21:19', '2018-09-27 08:21:19'),
(108, 63, 1, 'package', 1, NULL, 0, 1, 0, NULL, NULL, 1, '2018-09-27 08:21:19', '2018-09-27 08:21:19'),
(109, 64, 1, 'item', NULL, 3, 0, 3, 0, NULL, NULL, 1, '2018-09-27 08:24:38', '2018-09-27 08:24:38'),
(110, 64, 1, 'package', 1, NULL, 0, 1, 0, NULL, NULL, 1, '2018-09-27 08:24:38', '2018-09-27 08:24:38'),
(111, 65, 1, 'item', NULL, 3, 0, 3, 0, NULL, NULL, 1, '2018-09-27 08:26:55', '2018-09-27 08:26:55'),
(112, 65, 1, 'package', 1, NULL, 0, 1, 0, NULL, NULL, 1, '2018-09-27 08:26:55', '2018-09-27 08:26:55'),
(113, 66, 1, 'item', NULL, 3, 0, 3, 0, NULL, NULL, 1, '2018-09-27 08:44:19', '2018-09-27 08:44:19'),
(114, 66, 1, 'package', 1, NULL, 0, 1, 0, NULL, NULL, 1, '2018-09-27 08:44:20', '2018-09-27 08:44:20'),
(115, 67, 1, 'item', NULL, 3, 0, 3, 0, NULL, NULL, 1, '2018-09-27 08:46:43', '2018-09-27 08:46:43'),
(116, 67, 1, 'package', 1, NULL, 0, 1, 0, NULL, NULL, 1, '2018-09-27 08:46:43', '2018-09-27 08:46:43'),
(117, 68, 1, 'item', NULL, 3, 0, 3, 0, NULL, NULL, 1, '2018-09-27 08:51:33', '2018-09-27 08:51:33'),
(118, 68, 1, 'package', 1, NULL, 0, 1, 0, NULL, NULL, 1, '2018-09-27 08:51:33', '2018-09-27 08:51:33'),
(119, 69, 1, 'item', NULL, 3, 0, 3, 0, NULL, NULL, 1, '2018-09-27 09:15:24', '2018-09-27 09:15:24'),
(120, 69, 1, 'package', 1, NULL, 0, 1, 0, NULL, NULL, 1, '2018-09-27 09:15:24', '2018-09-27 09:15:24'),
(121, 70, 1, 'package', 5, NULL, 1500, 2, 3000, NULL, NULL, 1, '2018-09-27 12:46:36', '2018-09-27 12:46:36'),
(122, 71, 1, 'item', NULL, 9, 300, 3, 900, NULL, NULL, 1, '2018-09-27 12:47:36', '2018-09-27 12:47:36'),
(123, 72, 1, 'item', NULL, 9, 300, 3, 900, NULL, NULL, 1, '2018-09-27 12:47:40', '2018-09-27 12:47:40'),
(124, 73, 1, 'item', NULL, 9, 300, 3, 900, NULL, NULL, 1, '2018-09-27 12:47:45', '2018-09-27 12:47:45'),
(125, 74, 1, 'item', NULL, 9, 300, 1, 300, NULL, NULL, 1, '2018-09-27 12:48:51', '2018-09-27 12:48:51'),
(126, 75, 1, 'item', NULL, 9, 300, 2, 600, NULL, NULL, 1, '2018-09-28 06:45:04', '2018-09-28 06:45:04'),
(127, 75, 1, 'package', 5, NULL, 1500, 1, 1500, NULL, NULL, 1, '2018-09-28 06:45:04', '2018-09-28 06:45:04'),
(128, 76, 1, 'item', NULL, 6, 45, 114, 5130, NULL, NULL, 1, '2018-09-28 07:23:11', '2018-09-28 07:23:11'),
(129, 76, 1, 'item', NULL, 9, 300, 1, 300, NULL, NULL, 1, '2018-09-28 07:23:12', '2018-09-28 07:23:12'),
(130, 77, 1, 'item', NULL, 4, 60, 1, 60, NULL, NULL, 1, '2018-09-28 07:23:48', '2018-09-28 07:23:48'),
(131, 78, 1, 'package', 5, NULL, 1500, 20, 30000, 1, '2018-09-29 12:00:16', 0, '2018-09-28 07:24:09', '2018-09-29 07:00:16'),
(132, 79, 1, 'package', 5, NULL, 1500, 20, 30000, 1, '2018-09-29 12:00:12', 0, '2018-09-28 07:24:23', '2018-09-29 07:00:12'),
(133, 80, 1, 'item', NULL, 3, 0, 3, 0, NULL, NULL, 1, '2018-09-28 13:44:56', '2018-09-28 13:44:56'),
(134, 80, 1, 'package', 1, NULL, 0, 1, 0, NULL, NULL, 1, '2018-09-28 13:44:56', '2018-09-28 13:44:56'),
(135, 81, 1, 'item', NULL, 3, 0, 3, 0, NULL, NULL, 1, '2018-09-28 13:45:04', '2018-09-28 13:45:04'),
(136, 81, 1, 'package', 1, NULL, 0, 1, 0, NULL, NULL, 1, '2018-09-28 13:45:04', '2018-09-28 13:45:04'),
(137, 82, 1, 'item', NULL, 3, 0, 3, 0, NULL, NULL, 1, '2018-09-28 13:45:20', '2018-09-28 13:45:20'),
(138, 82, 1, 'package', 1, NULL, 0, 1, 0, NULL, NULL, 1, '2018-09-28 13:45:20', '2018-09-28 13:45:20'),
(139, 83, 1, 'item', NULL, 3, 0, 3, 0, NULL, NULL, 1, '2018-09-28 13:47:39', '2018-09-28 13:47:39'),
(140, 83, 1, 'package', 1, NULL, 0, 1, 0, NULL, NULL, 1, '2018-09-28 13:47:39', '2018-09-28 13:47:39'),
(184, 127, 1, 'package', 3, NULL, 0, 1, 0, NULL, NULL, 1, '2018-09-28 23:58:39', '2018-09-28 23:58:39'),
(185, 128, 1, 'package', 3, NULL, 0, 1, 0, NULL, NULL, 1, '2018-09-28 23:58:39', '2018-09-28 23:58:39'),
(186, 129, 1, 'item', NULL, 1, 70, 1, 70, NULL, NULL, 1, '2018-09-29 06:59:23', '2018-09-29 06:59:23'),
(187, 129, 1, 'item', NULL, 4, 60, 1, 60, NULL, NULL, 1, '2018-09-29 06:59:23', '2018-09-29 06:59:23'),
(188, 129, 1, 'item', NULL, 6, 45, 1, 45, NULL, NULL, 1, '2018-09-29 06:59:24', '2018-09-29 06:59:24'),
(189, 129, 1, 'item', NULL, 9, 300, 1, 300, NULL, NULL, 1, '2018-09-29 06:59:24', '2018-09-29 06:59:24'),
(190, 129, 1, 'item', NULL, 5, 100, 1, 100, NULL, NULL, 1, '2018-09-29 06:59:24', '2018-09-29 06:59:24'),
(191, 129, 1, 'item', NULL, 3, 100, 1, 100, NULL, NULL, 1, '2018-09-29 06:59:24', '2018-09-29 06:59:24'),
(192, 129, 1, 'package', 5, NULL, 1500, 1, 1500, NULL, NULL, 1, '2018-09-29 06:59:24', '2018-09-29 06:59:24'),
(193, 129, 1, 'package', 3, NULL, 370, 1, 370, NULL, NULL, 1, '2018-09-29 06:59:24', '2018-09-29 06:59:24'),
(194, 129, 1, 'package', 1, NULL, 390, 1, 390, NULL, NULL, 1, '2018-09-29 06:59:24', '2018-09-29 06:59:24'),
(195, 130, 1, 'item', NULL, 3, 0, 1, 0, NULL, NULL, 1, '2018-09-29 07:15:14', '2018-09-29 07:15:14'),
(199, 134, 1, 'item', NULL, 1, 70, 2, 140, NULL, NULL, 1, '2018-10-01 05:20:27', '2018-10-01 05:20:27'),
(200, 134, 1, 'item', NULL, 3, 100, 2, 200, NULL, NULL, 1, '2018-10-01 05:20:27', '2018-10-01 05:20:27'),
(201, 134, 1, 'item', NULL, 5, 100, 3, 300, NULL, NULL, 1, '2018-10-01 05:20:27', '2018-10-01 05:20:27'),
(202, 134, 1, 'item', NULL, 9, 300, 7, 2100, NULL, NULL, 1, '2018-10-01 05:20:28', '2018-10-01 05:20:28'),
(203, 134, 1, 'package', 5, NULL, 1500, 2, 3000, NULL, NULL, 1, '2018-10-01 05:20:28', '2018-10-01 05:20:28'),
(204, 134, 1, 'package', 1, NULL, 390, 1, 390, NULL, NULL, 1, '2018-10-01 05:20:28', '2018-10-01 05:20:28'),
(205, 135, 1, 'item', NULL, 9, 300, 2, 600, 1, '2018-10-02 02:24:22', 0, '2018-10-02 08:30:30', '2018-10-02 09:24:22'),
(206, 135, 1, 'package', 5, NULL, 1500, 2, 3000, 1, '2018-10-02 02:24:22', 0, '2018-10-02 08:30:30', '2018-10-02 09:24:22'),
(207, 136, 1, 'item', NULL, 3, 100, 1, 100, NULL, NULL, 1, '2018-10-02 09:18:49', '2018-10-02 09:18:49'),
(208, 136, 1, 'item', NULL, 5, 100, 1, 100, NULL, NULL, 1, '2018-10-02 09:18:49', '2018-10-02 09:18:49'),
(209, 136, 1, 'item', NULL, 9, 300, 1, 300, NULL, NULL, 1, '2018-10-02 09:18:50', '2018-10-02 09:18:50'),
(210, 136, 1, 'item', NULL, 6, 45, 1, 45, NULL, NULL, 1, '2018-10-02 09:18:50', '2018-10-02 09:18:50'),
(211, 136, 1, 'item', NULL, 4, 60, 1, 60, NULL, NULL, 1, '2018-10-02 09:18:50', '2018-10-02 09:18:50'),
(212, 136, 1, 'item', NULL, 1, 70, 1, 70, NULL, NULL, 1, '2018-10-02 09:18:50', '2018-10-02 09:18:50'),
(213, 136, 1, 'package', 5, NULL, 1500, 1, 1500, NULL, NULL, 1, '2018-10-02 09:18:50', '2018-10-02 09:18:50'),
(214, 136, 1, 'package', 3, NULL, 370, 1, 370, NULL, NULL, 1, '2018-10-02 09:18:50', '2018-10-02 09:18:50'),
(215, 136, 1, 'package', 1, NULL, 390, 1, 390, NULL, NULL, 1, '2018-10-02 09:18:50', '2018-10-02 09:18:50'),
(216, 137, 1, 'package', 5, NULL, 1500, 1, 1500, 1, '2018-10-02 02:24:14', 0, '2018-10-02 09:22:31', '2018-10-02 09:24:14'),
(217, 137, 1, 'package', 3, NULL, 370, 2, 740, 1, '2018-10-02 02:24:14', 0, '2018-10-02 09:22:31', '2018-10-02 09:24:14'),
(218, 137, 1, 'item', NULL, 9, 300, 2, 600, 1, '2018-10-02 02:24:14', 0, '2018-10-02 09:22:31', '2018-10-02 09:24:14');

-- --------------------------------------------------------

--
-- Table structure for table `concession_masters`
--

DROP TABLE IF EXISTS `concession_masters`;
CREATE TABLE IF NOT EXISTS `concession_masters` (
  `id` int(10) UNSIGNED NOT NULL AUTO_INCREMENT,
  `user_id` int(10) UNSIGNED NOT NULL,
  `totalAmount` int(11) NOT NULL,
  `deal_id` int(10) UNSIGNED DEFAULT NULL,
  `cancelUserId` int(11) DEFAULT NULL,
  `voucherNo` int(11) DEFAULT NULL,
  `remarks` text COLLATE utf8mb4_unicode_ci,
  `cancelDate` datetime DEFAULT NULL,
  `status` tinyint(1) NOT NULL,
  `created_at` timestamp NULL DEFAULT NULL,
  `updated_at` timestamp NULL DEFAULT NULL,
  PRIMARY KEY (`id`),
  KEY `concession_masters_user_id_foreign` (`user_id`),
  KEY `concession_masters_deal_id_foreign` (`deal_id`)
) ENGINE=InnoDB AUTO_INCREMENT=138 DEFAULT CHARSET=utf8mb4 COLLATE=utf8mb4_unicode_ci;

--
-- Dumping data for table `concession_masters`
--

INSERT INTO `concession_masters` (`id`, `user_id`, `totalAmount`, `deal_id`, `cancelUserId`, `voucherNo`, `remarks`, `cancelDate`, `status`, `created_at`, `updated_at`) VALUES
(14, 1, 210, NULL, NULL, NULL, NULL, NULL, 1, '2018-09-12 01:01:30', '2018-09-12 01:01:30'),
(15, 1, 1720, NULL, 1, NULL, 'PK', '2018-09-12 07:40:54', 0, '2018-09-12 01:04:52', '2018-09-12 02:40:54'),
(16, 1, 660, NULL, 1, NULL, NULL, '2018-09-12 07:40:54', 0, '2018-09-12 01:07:37', '2018-09-12 02:37:31'),
(17, 1, 90, NULL, 1, NULL, NULL, '2018-09-12 07:40:54', 0, '2018-09-12 01:08:32', '2018-09-12 02:37:51'),
(18, 1, 0, NULL, 1, NULL, NULL, '2018-09-12 07:40:54', 0, '2018-09-12 01:08:43', '2018-09-12 02:38:11'),
(19, 1, 380, NULL, NULL, NULL, NULL, NULL, 1, '2018-09-12 01:08:48', '2018-09-12 01:08:48'),
(20, 1, 2340, NULL, NULL, NULL, NULL, NULL, 1, '2018-09-12 01:13:33', '2018-09-12 01:13:33'),
(21, 1, 2000, NULL, NULL, NULL, NULL, NULL, 1, '2018-09-12 03:24:55', '2018-09-12 03:24:55'),
(22, 1, 1140, NULL, NULL, NULL, NULL, NULL, 1, '2018-09-12 03:25:12', '2018-09-12 03:25:12'),
(23, 1, 450, NULL, NULL, NULL, NULL, NULL, 1, '2018-09-12 08:14:00', '2018-09-12 08:14:00'),
(24, 1, 1200, NULL, 1, NULL, 'No Con', '2018-09-18 05:14:14', 0, '2018-09-12 08:43:42', '2018-09-18 12:14:14'),
(25, 1, 600, NULL, NULL, NULL, NULL, NULL, 1, '2018-09-12 08:55:39', '2018-09-12 08:55:39'),
(26, 1, 3580, NULL, NULL, NULL, NULL, NULL, 1, '2018-09-13 02:59:37', '2018-09-13 02:59:37'),
(27, 1, 3280, NULL, NULL, NULL, NULL, NULL, 1, '2018-09-13 03:00:22', '2018-09-13 03:00:22'),
(28, 1, 1930, NULL, NULL, NULL, NULL, NULL, 1, '2018-09-16 11:49:54', '2018-09-16 11:49:54'),
(29, 1, 4290, NULL, NULL, NULL, NULL, NULL, 1, '2018-09-16 17:42:41', '2018-09-16 17:42:41'),
(38, 1, 0, 7, NULL, NULL, NULL, NULL, 1, '2018-09-17 07:02:03', '2018-09-17 07:02:03'),
(39, 1, 0, 7, NULL, NULL, NULL, NULL, 1, '2018-09-17 07:03:47', '2018-09-17 07:03:47'),
(40, 1, 0, 7, NULL, NULL, NULL, NULL, 1, '2018-09-17 07:03:48', '2018-09-17 07:03:48'),
(41, 1, 0, 7, NULL, NULL, NULL, NULL, 1, '2018-09-17 07:06:28', '2018-09-17 07:06:28'),
(42, 1, 0, 7, NULL, NULL, NULL, NULL, 1, '2018-09-17 07:06:28', '2018-09-17 07:06:28'),
(43, 1, 0, 7, NULL, NULL, NULL, NULL, 1, '2018-09-17 07:06:29', '2018-09-17 07:06:29'),
(44, 1, 0, 7, NULL, NULL, NULL, NULL, 1, '2018-09-17 07:08:42', '2018-09-17 07:08:42'),
(45, 1, 340, NULL, NULL, NULL, NULL, NULL, 1, '2018-09-18 06:32:12', '2018-09-18 06:32:12'),
(46, 2, 3930, NULL, NULL, NULL, NULL, NULL, 1, '2018-09-18 09:54:46', '2018-09-18 09:54:46'),
(47, 1, 0, 12, NULL, NULL, NULL, NULL, 1, '2018-09-19 12:08:27', '2018-09-19 12:08:27'),
(48, 1, 0, 12, NULL, NULL, NULL, NULL, 1, '2018-09-19 12:08:27', '2018-09-19 12:08:27'),
(49, 1, 0, 12, NULL, NULL, NULL, NULL, 1, '2018-09-19 12:08:42', '2018-09-19 12:08:42'),
(50, 1, 0, 12, NULL, NULL, NULL, NULL, 1, '2018-09-19 12:08:42', '2018-09-19 12:08:42'),
(51, 1, 0, 12, NULL, NULL, NULL, NULL, 1, '2018-09-19 12:09:01', '2018-09-19 12:09:01'),
(52, 1, 0, 12, NULL, NULL, NULL, NULL, 1, '2018-09-19 12:10:50', '2018-09-19 12:10:50'),
(53, 1, 0, 14, NULL, NULL, NULL, NULL, 1, '2018-09-24 05:35:06', '2018-09-24 05:35:06'),
(54, 1, 0, 14, NULL, NULL, NULL, NULL, 1, '2018-09-24 05:46:12', '2018-09-24 05:46:12'),
(55, 1, 1550, NULL, NULL, NULL, NULL, NULL, 1, '2018-09-25 13:25:12', '2018-09-25 13:25:12'),
(56, 1, 0, 16, NULL, 83116, NULL, NULL, 0, '2018-09-27 05:47:14', '2018-09-27 07:20:23'),
(57, 1, 0, 16, NULL, 57645, NULL, NULL, 1, '2018-09-27 05:47:53', '2018-09-27 05:47:53'),
(58, 1, 0, 16, NULL, 25846, NULL, NULL, 1, '2018-09-27 05:47:54', '2018-09-27 05:47:54'),
(59, 1, 0, 16, NULL, 28569, NULL, NULL, 1, '2018-09-27 05:51:24', '2018-09-27 05:51:24'),
(60, 1, 0, 16, NULL, 38554, NULL, NULL, 1, '2018-09-27 05:52:34', '2018-09-27 05:52:34'),
(61, 1, 0, 16, NULL, 20135, NULL, NULL, 1, '2018-09-27 08:14:45', '2018-09-27 08:14:45'),
(62, 1, 0, 16, NULL, 57414, NULL, NULL, 1, '2018-09-27 08:20:38', '2018-09-27 08:20:38'),
(63, 1, 0, 16, NULL, 12616, NULL, NULL, 1, '2018-09-27 08:21:19', '2018-09-27 08:21:19'),
(64, 1, 0, 16, NULL, 8285, NULL, NULL, 1, '2018-09-27 08:24:38', '2018-09-27 08:24:38'),
(65, 1, 0, 16, NULL, 79389, NULL, NULL, 1, '2018-09-27 08:26:55', '2018-09-27 08:26:55'),
(66, 1, 0, 16, NULL, 23256, NULL, NULL, 1, '2018-09-27 08:44:19', '2018-09-27 08:44:19'),
(67, 1, 0, 16, NULL, 302912, NULL, NULL, 1, '2018-09-27 08:46:43', '2018-09-27 08:46:43'),
(68, 1, 0, 16, NULL, 32523, NULL, NULL, 1, '2018-09-27 08:51:33', '2018-09-27 08:51:33'),
(69, 1, 0, 16, NULL, 55605, NULL, NULL, 1, '2018-09-27 09:15:24', '2018-09-27 09:15:24'),
(70, 1, 3000, NULL, NULL, NULL, NULL, NULL, 1, '2018-09-27 12:46:36', '2018-09-27 12:46:36'),
(71, 1, 900, NULL, NULL, NULL, NULL, NULL, 1, '2018-09-27 12:47:36', '2018-09-27 12:47:36'),
(72, 1, 900, NULL, NULL, NULL, NULL, NULL, 1, '2018-09-27 12:47:39', '2018-09-27 12:47:39'),
(73, 1, 900, NULL, NULL, NULL, NULL, NULL, 1, '2018-09-27 12:47:45', '2018-09-27 12:47:45'),
(74, 1, 300, NULL, NULL, NULL, NULL, NULL, 1, '2018-09-27 12:48:51', '2018-09-27 12:48:51'),
(75, 1, 2100, NULL, NULL, NULL, NULL, NULL, 1, '2018-09-28 06:45:04', '2018-09-28 06:45:04'),
(76, 1, 5430, NULL, NULL, NULL, NULL, NULL, 1, '2018-09-28 07:23:11', '2018-09-28 07:23:11'),
(77, 1, 60, NULL, NULL, NULL, NULL, NULL, 1, '2018-09-28 07:23:48', '2018-09-28 07:23:48'),
(78, 1, 30000, NULL, 1, NULL, NULL, '2018-09-29 12:00:16', 0, '2018-09-28 07:24:08', '2018-09-29 07:00:16'),
(79, 1, 30000, NULL, 1, NULL, NULL, '2018-09-29 12:00:12', 0, '2018-09-28 07:24:23', '2018-09-29 07:00:12'),
(80, 1, 0, 16, NULL, 2569, NULL, NULL, 1, '2018-09-28 13:44:56', '2018-09-28 13:44:56'),
(81, 1, 0, 16, NULL, 98255, NULL, NULL, 1, '2018-09-28 13:45:03', '2018-09-28 13:45:03'),
(82, 1, 0, 16, NULL, 86541, NULL, NULL, 1, '2018-09-28 13:45:20', '2018-09-28 13:45:20'),
(83, 1, 0, 16, NULL, 2055, NULL, NULL, 1, '2018-09-28 13:47:39', '2018-09-28 13:47:39'),
(127, 1, 0, 18, NULL, 43652, NULL, NULL, 1, '2018-09-28 23:58:39', '2018-09-28 23:58:39'),
(128, 1, 0, 18, NULL, 79565, NULL, NULL, 0, '2018-09-28 23:58:39', '2018-09-29 07:04:23'),
(129, 1, 2935, NULL, NULL, NULL, NULL, NULL, 1, '2018-09-29 06:59:23', '2018-09-29 06:59:23'),
(130, 1, 0, 19, NULL, 74737, NULL, NULL, 1, '2018-09-29 07:15:14', '2018-09-29 07:15:14'),
(134, 1, 6130, NULL, NULL, NULL, NULL, NULL, 1, '2018-10-01 05:20:27', '2018-10-01 05:20:27'),
(135, 1, 3600, NULL, 1, NULL, 'Not Ok', '2018-10-02 02:24:22', 0, '2018-10-02 08:30:30', '2018-10-02 09:24:22'),
(136, 1, 2935, NULL, NULL, NULL, NULL, NULL, 1, '2018-10-02 09:18:49', '2018-10-02 09:18:49'),
(137, 1, 2840, NULL, 1, NULL, 'OK', '2018-10-02 02:24:14', 0, '2018-10-02 09:22:31', '2018-10-02 09:24:14');

-- --------------------------------------------------------

--
-- Table structure for table `deals`
--

DROP TABLE IF EXISTS `deals`;
CREATE TABLE IF NOT EXISTS `deals` (
  `id` int(10) UNSIGNED NOT NULL AUTO_INCREMENT,
  `name` varchar(255) COLLATE utf8mb4_unicode_ci NOT NULL,
  `user_id` int(10) UNSIGNED DEFAULT NULL,
  `movie_id` int(10) UNSIGNED DEFAULT NULL,
  `show_time_id` int(10) UNSIGNED DEFAULT NULL,
  `startDateTime` datetime DEFAULT NULL,
  `endDateTime` datetime DEFAULT NULL,
  `days` text COLLATE utf8mb4_unicode_ci,
  `dayStartTime` time DEFAULT NULL,
  `dayEndTime` time DEFAULT NULL,
  `buyTicket` int(11) NOT NULL,
  `type` text COLLATE utf8mb4_unicode_ci NOT NULL,
  `typeName` text COLLATE utf8mb4_unicode_ci NOT NULL,
  `qty` text COLLATE utf8mb4_unicode_ci NOT NULL,
  `status` tinyint(4) NOT NULL,
  `display` tinyint(1) NOT NULL DEFAULT '1',
  `created_at` timestamp NULL DEFAULT NULL,
  `updated_at` timestamp NULL DEFAULT NULL,
  PRIMARY KEY (`id`),
  KEY `deals_user_id_foreign` (`user_id`),
  KEY `deals_show_time_id_foreign` (`show_time_id`),
  KEY `deals_movie_id_foreign` (`movie_id`)
) ENGINE=InnoDB AUTO_INCREMENT=21 DEFAULT CHARSET=utf8mb4 COLLATE=utf8mb4_unicode_ci;

--
-- Dumping data for table `deals`
--

INSERT INTO `deals` (`id`, `name`, `user_id`, `movie_id`, `show_time_id`, `startDateTime`, `endDateTime`, `days`, `dayStartTime`, `dayEndTime`, `buyTicket`, `type`, `typeName`, `qty`, `status`, `display`, `created_at`, `updated_at`) VALUES
(6, 'Only Sunday', 1, NULL, NULL, '2018-09-16 12:00:00', '2018-09-30 12:00:00', '[\"Sun\"]', NULL, NULL, 3, '[\"ticket\",\"item\"]', '[\"0\",\"1\"]', '[\"2\",\"1\"]', 0, 0, '2018-09-16 04:50:40', '2018-09-17 11:28:11'),
(7, 'Buy 3 tickets get 1 ticket + Item Free', 1, NULL, NULL, '2018-09-17 00:00:00', '2018-09-23 12:00:00', '[\"Mon\",\"Tue\",\"Wed\",\"Thu\",\"Fri\"]', NULL, NULL, 3, '[\"item\",\"package\"]', '[\"3\",\"1\"]', '[\"3\",\"1\"]', 0, 0, '2018-09-16 19:03:51', '2018-09-17 11:26:14'),
(12, 'Buy 3 tickets get 1 ticket + Item Free', 1, NULL, NULL, '2018-09-17 12:00:00', '2018-09-23 12:00:00', '[\"Mon\",\"Tue\",\"Wed\",\"Thu\",\"Fri\"]', NULL, NULL, 3, '[\"item\",\"package\"]', '[\"3\",\"1\"]', '[\"3\",\"1\"]', 0, 0, '2018-09-17 11:26:15', '2018-09-27 05:46:52'),
(14, 'Week Days', 1, NULL, NULL, '2018-09-16 12:00:00', '2018-10-31 12:00:00', '[\"Mon\",\"Tue\",\"Wed\",\"Thu\",\"Fri\"]', '16:33:00', '03:00:00', 4, '[\"ticket\",\"item\"]', '[\"0\",\"1\"]', '[\"1\",\"1\"]', 0, 0, '2018-09-17 11:30:30', '2018-09-25 06:03:43'),
(15, 'Week Days', 1, NULL, NULL, '2018-09-16 12:00:00', '2018-10-31 12:00:00', '[\"Mon\",\"Tue\",\"Wed\",\"Thu\",\"Fri\"]', NULL, NULL, 4, '[\"ticket\"]', '[\"0\"]', '[\"1\"]', 1, 1, '2018-09-25 06:03:43', '2018-09-29 05:10:30'),
(16, 'Buy 3 tickets get 1 ticket + Item Free', 1, NULL, NULL, '2018-09-26 12:00:00', '2018-09-30 05:00:00', '[\"Mon\",\"Tue\",\"Wed\",\"Thu\",\"Fri\"]', NULL, NULL, 3, '[\"item\",\"package\"]', '[\"3\",\"1\"]', '[\"3\",\"1\"]', 0, 0, '2018-09-27 05:46:53', '2018-09-28 21:37:51'),
(17, 'Buy 2 Tickets Get 2 Free', 1, 8, NULL, '2018-09-28 12:00:00', '2018-10-29 12:00:00', '[\"Sat\",\"Sun\"]', NULL, NULL, 2, '[\"ticket\"]', '[\"0\"]', '[\"2\"]', 1, 1, '2018-09-28 21:04:28', '2018-09-28 21:04:28'),
(18, 'Buy 2 Tickets Get 1 Ticket Free + 1package', 1, 8, NULL, '2018-09-29 12:00:00', '2018-10-29 12:00:00', '[\"Sat\",\"Sun\"]', NULL, NULL, 2, '[\"package\",\"ticket\"]', '[\"3\",\"0\"]', '[\"1\",\"1\"]', 1, 1, '2018-09-28 21:39:37', '2018-09-28 21:39:37'),
(19, 'WeekEnds', 1, NULL, NULL, '2018-09-28 12:00:00', '2018-10-31 12:00:00', '[\"Sat\",\"Sun\"]', NULL, NULL, 3, '[\"ticket\",\"item\"]', '[\"0\",\"3\"]', '[\"1\",\"1\"]', 1, 1, '2018-09-29 07:15:03', '2018-09-29 07:15:03'),
(20, 'Demo Deal', 1, NULL, NULL, '2018-10-01 12:00:00', '2018-10-04 12:00:00', '[\"Tue\",\"Wed\"]', NULL, NULL, 3, '[\"ticket\"]', '[\"0\"]', '[\"1\"]', 1, 1, '2018-10-02 06:38:49', '2018-10-02 06:48:37');

-- --------------------------------------------------------

--
-- Table structure for table `distributers`
--

DROP TABLE IF EXISTS `distributers`;
CREATE TABLE IF NOT EXISTS `distributers` (
  `id` int(10) UNSIGNED NOT NULL AUTO_INCREMENT,
  `name` varchar(255) COLLATE utf8mb4_unicode_ci NOT NULL,
  `description` varchar(255) COLLATE utf8mb4_unicode_ci DEFAULT NULL,
  `establishedYear` varchar(255) COLLATE utf8mb4_unicode_ci DEFAULT NULL,
  `created_at` timestamp NULL DEFAULT NULL,
  `updated_at` timestamp NULL DEFAULT NULL,
  PRIMARY KEY (`id`)
) ENGINE=InnoDB AUTO_INCREMENT=5 DEFAULT CHARSET=utf8mb4 COLLATE=utf8mb4_unicode_ci;

--
-- Dumping data for table `distributers`
--

INSERT INTO `distributers` (`id`, `name`, `description`, `establishedYear`, `created_at`, `updated_at`) VALUES
(3, 'The Maker', NULL, '2016', '2018-08-09 05:36:33', '2018-08-09 06:17:04'),
(4, 'New Gate', NULL, '2000', '2018-08-09 06:17:28', '2018-08-09 06:17:28');

-- --------------------------------------------------------

--
-- Table structure for table `food_categories`
--

DROP TABLE IF EXISTS `food_categories`;
CREATE TABLE IF NOT EXISTS `food_categories` (
  `id` int(10) UNSIGNED NOT NULL AUTO_INCREMENT,
  `name` varchar(255) COLLATE utf8mb4_unicode_ci NOT NULL,
  `created_at` timestamp NULL DEFAULT NULL,
  `updated_at` timestamp NULL DEFAULT NULL,
  PRIMARY KEY (`id`)
) ENGINE=InnoDB AUTO_INCREMENT=7 DEFAULT CHARSET=utf8mb4 COLLATE=utf8mb4_unicode_ci;

--
-- Dumping data for table `food_categories`
--

INSERT INTO `food_categories` (`id`, `name`, `created_at`, `updated_at`) VALUES
(2, 'food', '2018-08-10 06:30:59', '2018-08-10 06:30:59'),
(3, 'Drinks', '2018-08-10 06:31:07', '2018-08-10 06:31:07'),
(4, 'snack', '2018-08-10 06:31:15', '2018-08-10 06:37:41'),
(5, 'combo', '2018-08-10 06:38:05', '2018-08-10 06:38:05'),
(6, 'deals', '2018-08-10 06:38:10', '2018-08-10 06:38:10');

-- --------------------------------------------------------

--
-- Table structure for table `food_stalls`
--

DROP TABLE IF EXISTS `food_stalls`;
CREATE TABLE IF NOT EXISTS `food_stalls` (
  `id` int(10) UNSIGNED NOT NULL AUTO_INCREMENT,
  `name` varchar(255) COLLATE utf8mb4_unicode_ci NOT NULL,
  `size` varchar(255) COLLATE utf8mb4_unicode_ci NOT NULL,
  `contractType` varchar(255) COLLATE utf8mb4_unicode_ci NOT NULL,
  `contractAmount` int(11) NOT NULL,
  `date` date NOT NULL,
  `description` text COLLATE utf8mb4_unicode_ci,
  `status` tinyint(255) NOT NULL,
  `created_at` timestamp NULL DEFAULT NULL,
  `updated_at` timestamp NULL DEFAULT NULL,
  PRIMARY KEY (`id`)
) ENGINE=InnoDB AUTO_INCREMENT=2 DEFAULT CHARSET=utf8mb4 COLLATE=utf8mb4_unicode_ci;

--
-- Dumping data for table `food_stalls`
--

INSERT INTO `food_stalls` (`id`, `name`, `size`, `contractType`, `contractAmount`, `date`, `description`, `status`, `created_at`, `updated_at`) VALUES
(1, 'Stall 1', '50x50', 'Yearly', 500, '2018-08-28', 'mkaniwn', 1, '2018-08-27 09:12:41', '2018-08-27 09:12:41');

-- --------------------------------------------------------

--
-- Table structure for table `items`
--

DROP TABLE IF EXISTS `items`;
CREATE TABLE IF NOT EXISTS `items` (
  `id` int(10) UNSIGNED NOT NULL AUTO_INCREMENT,
  `name` varchar(255) COLLATE utf8mb4_unicode_ci NOT NULL,
  `description` varchar(255) COLLATE utf8mb4_unicode_ci DEFAULT NULL,
  `measuringUnit` varchar(255) COLLATE utf8mb4_unicode_ci NOT NULL,
  `foodCategory_id` int(10) UNSIGNED NOT NULL,
  `defaultPrice` int(11) NOT NULL,
  `costPrice` int(11) NOT NULL,
  `image` varchar(255) COLLATE utf8mb4_unicode_ci NOT NULL,
  `displayOrder` int(11) DEFAULT NULL,
  `bgColor` varchar(255) COLLATE utf8mb4_unicode_ci DEFAULT NULL,
  `status` tinyint(4) NOT NULL,
  `created_at` timestamp NULL DEFAULT NULL,
  `updated_at` timestamp NULL DEFAULT NULL,
  PRIMARY KEY (`id`),
  KEY `items_foodcategory_id_foreign` (`foodCategory_id`)
) ENGINE=InnoDB AUTO_INCREMENT=10 DEFAULT CHARSET=utf8mb4 COLLATE=utf8mb4_unicode_ci;

--
-- Dumping data for table `items`
--

INSERT INTO `items` (`id`, `name`, `description`, `measuringUnit`, `foodCategory_id`, `defaultPrice`, `costPrice`, `image`, `displayOrder`, `bgColor`, `status`, `created_at`, `updated_at`) VALUES
(1, 'popCorns', 'small', 'bag', 2, 70, 70, '3963shot3.PNG', 2, '#00FFFF', 1, '2018-08-10 07:47:22', '2018-08-11 06:11:21'),
(3, 'lays', 'lAys', 'bag', 4, 100, 100, '3162business.jpg', 4, 'Blue', 1, '2018-08-13 05:54:02', '2018-09-12 07:59:07'),
(4, '7up', 'drink', 'Bottle', 3, 60, 60, '1574media-agency.jpg', 5, '#CCCC33', 1, '2018-08-13 05:54:53', '2018-08-13 05:54:53'),
(5, 'Ice Cream', 'Walls', 'bag', 2, 100, 52, '220418.jpg', 1, '#FF0000', 1, '2018-09-11 05:51:48', '2018-09-12 08:55:54'),
(6, 'Marinda', '250ml', 'Bottle', 3, 45, 40, '39026-1.jpg', 2, '#e3752c', 1, '2018-09-11 05:53:37', '2018-09-11 05:53:37'),
(8, 'can', '300 gm', 'bag', 3, 45, 40, '15386-1.jpg', 213, '#99FFCC', 0, '2018-09-12 08:04:27', '2018-09-12 08:18:46'),
(9, '3D Glasse', 'For 3D movies', 'bag', 6, 300, 200, '6722018-09-19 (6).png', 1, '#C0C0C0', 1, '2018-09-27 12:44:35', '2018-09-29 05:15:14');

-- --------------------------------------------------------

--
-- Table structure for table `logos`
--

DROP TABLE IF EXISTS `logos`;
CREATE TABLE IF NOT EXISTS `logos` (
  `id` int(10) UNSIGNED NOT NULL AUTO_INCREMENT,
  `logo` varchar(255) COLLATE utf8mb4_unicode_ci NOT NULL,
  `created_at` timestamp NULL DEFAULT NULL,
  `updated_at` timestamp NULL DEFAULT NULL,
  PRIMARY KEY (`id`)
) ENGINE=InnoDB AUTO_INCREMENT=2 DEFAULT CHARSET=utf8mb4 COLLATE=utf8mb4_unicode_ci;

--
-- Dumping data for table `logos`
--

INSERT INTO `logos` (`id`, `logo`, `created_at`, `updated_at`) VALUES
(1, '469010.jpg', NULL, '2018-08-19 06:43:53');

-- --------------------------------------------------------

--
-- Table structure for table `menus`
--

DROP TABLE IF EXISTS `menus`;
CREATE TABLE IF NOT EXISTS `menus` (
  `id` int(10) UNSIGNED NOT NULL AUTO_INCREMENT,
  `name` varchar(255) COLLATE utf8mb4_unicode_ci NOT NULL,
  `path` varchar(255) COLLATE utf8mb4_unicode_ci DEFAULT NULL,
  `route` varchar(255) COLLATE utf8mb4_unicode_ci DEFAULT NULL,
  `parent_id` int(11) DEFAULT NULL,
  `type_id` int(11) DEFAULT NULL,
  `sort_order` int(11) DEFAULT NULL,
  `arrange_order` varchar(25) COLLATE utf8mb4_unicode_ci DEFAULT NULL,
  `status` tinyint(1) NOT NULL,
  `created_at` timestamp NULL DEFAULT NULL,
  `updated_at` timestamp NULL DEFAULT NULL,
  PRIMARY KEY (`id`)
) ENGINE=InnoDB AUTO_INCREMENT=149 DEFAULT CHARSET=utf8mb4 COLLATE=utf8mb4_unicode_ci;

--
-- Dumping data for table `menus`
--

INSERT INTO `menus` (`id`, `name`, `path`, `route`, `parent_id`, `type_id`, `sort_order`, `arrange_order`, `status`, `created_at`, `updated_at`) VALUES
(1, 'Movie', NULL, NULL, NULL, NULL, 1, NULL, 1, NULL, NULL),
(2, 'View Films', 'movie', 'movie.index', 114, 1, 3, 'v', 1, NULL, NULL),
(3, 'Add Film', 'movie/create', 'movie.create', 114, 1, 4, 'c', 1, NULL, NULL),
(4, 'Edit Film', NULL, 'movie.edit', 114, 1, 5, 'e', 1, NULL, NULL),
(5, 'View Distributers', 'distributer', 'distributer.index', 115, 1, 8, 'v', 1, NULL, NULL),
(6, 'Add Distributer', 'distributer/create', 'distributer.create', 115, 1, 9, 'c', 1, NULL, NULL),
(7, 'Edit Distributer', '', 'distributer.edit', 115, 1, 9, 'e', 1, NULL, NULL),
(8, 'View Schedulings', 'showTime', 'showTime.index', 116, 1, 12, 'v', 1, NULL, NULL),
(9, 'Add Scheduling', 'showTime/create', 'showTime.create', 116, 1, 13, 'c', 1, NULL, NULL),
(10, 'Edit Scheduling', NULL, 'showTime.edit', 116, 1, 14, 'e', 1, NULL, NULL),
(11, 'Ticket', NULL, NULL, NULL, NULL, 16, NULL, 1, NULL, NULL),
(12, 'View Ticket Types', 'ticket', 'ticket.index', 117, 11, 18, 'v', 1, NULL, NULL),
(13, 'Add Ticket Type', 'ticket/create', 'ticket.create', 117, 11, 19, 'c', 1, NULL, NULL),
(14, 'Edit Ticket Type', NULL, 'ticket.edit', 117, 11, 20, 'e', 1, NULL, NULL),
(15, 'Concessions', NULL, NULL, NULL, NULL, 22, NULL, 1, NULL, NULL),
(16, 'View Item', 'item', 'item.index', 118, 15, 24, 'v', 1, NULL, NULL),
(17, 'Add Item', 'item/create', 'item.create', 118, 15, 25, 'c', 1, NULL, NULL),
(18, 'Edit Item', NULL, 'item.edit', 118, 15, 26, 'e', 1, NULL, NULL),
(19, 'View Package', 'package', 'package.index', 119, 15, 29, 'v', 1, NULL, NULL),
(20, 'Add Package', 'package/create', 'package.create', 119, 15, 30, 'c', 1, NULL, NULL),
(21, 'Edit Package', NULL, 'package.edit', 119, 15, 31, 'e', 1, NULL, NULL),
(22, 'View FoodStall', 'foodStall', 'foodStall.index', 120, 15, 34, 'v', 1, NULL, NULL),
(23, 'Add FoodStall', 'foodStall/create', 'foodStall.create', 120, 15, 35, 'c', 1, NULL, NULL),
(24, 'Edit FoodStall', NULL, 'foodStall.edit', 120, 15, 36, 'e', 1, NULL, NULL),
(25, 'Corporate Sales', '', NULL, NULL, NULL, 38, NULL, 1, NULL, NULL),
(26, 'View Voucher Type', 'voucher', 'voucher.index', 121, 25, 40, 'v', 1, NULL, NULL),
(27, 'Add Voucher Type', 'voucher/create', 'voucher.create', 121, 25, 41, 'c', 1, NULL, NULL),
(28, 'Edit Voucher Type', NULL, 'voucher.edit', 121, 25, 42, 'e', 1, NULL, NULL),
(29, 'Show Timing', 'privateShowTime', 'privateShowTime.index', 122, 25, 45, 'v', 1, NULL, NULL),
(30, 'Theaters schedule', 'privateShowTime/create', 'privateShowTime.create', 122, 25, 46, 'c', 1, NULL, NULL),
(31, 'Edit Show Timing', '', 'privateShowTime.edit', 122, 25, 47, 'e', 1, NULL, NULL),
(32, 'View Reports', NULL, NULL, NULL, NULL, 49, 'r', 1, NULL, NULL),
(33, 'Distributors By film', 'filmsByDistributor', 'filmsByDistributor', NULL, 32, 50, 'r', 1, NULL, NULL),
(34, 'Shows by Time', 'showsByTime', 'showsByTime', NULL, 32, 51, 'r', 1, NULL, NULL),
(35, 'Weekly Movie Report', 'weeklyMovieReport', 'weeklyMovieReport', NULL, 32, 52, 'r', 1, NULL, NULL),
(36, 'Item Sales', 'itemSales', 'itemSales', NULL, 32, 53, 'r', 1, NULL, NULL),
(37, 'Single Item Sales', 'singleItemSales', 'singleItemSales', NULL, 32, 54, 'r', 1, NULL, NULL),
(38, 'Single Item Sales by User', 'singleItemSalesByUser', 'singleItemSalesByUser', NULL, 32, 55, 'r', 1, NULL, NULL),
(39, 'Package Sales', 'packageSales', 'packageSales', NULL, 32, 56, 'r', 1, NULL, NULL),
(40, 'Single Package Sales', 'singlePackageSales', 'singlePackageSales', NULL, 32, 57, 'r', 1, NULL, NULL),
(41, 'Package Sales by User', 'packageSalesByUser', 'packageSalesByUser', NULL, 32, 58, 'r', 1, NULL, NULL),
(42, 'Concession Cancellation by Day', 'concessionCancellationByDay', 'concessionCancellationByDay', NULL, 32, 59, 'r', 1, NULL, NULL),
(43, 'Concession Sale by all User', 'concessionSaleByAllUser', 'concessionSaleByAllUser', NULL, 32, 60, 'r', 1, NULL, NULL),
(44, 'Total Seat Booking by day', 'totalSeatBookingByDay', 'totalSeatBookingByDay', NULL, 32, 61, 'r', 1, NULL, NULL),
(45, 'Current Seat Booking by day', 'currentSeatBookingByDay', 'currentSeatBookingByDay', NULL, 32, 62, 'r', 1, NULL, NULL),
(46, 'Advance Booking by day', 'advanceBookingByDay', 'advanceBookingByDay', NULL, 32, 63, 'r', 1, NULL, NULL),
(47, 'Ticket sales by movie', 'ticketSalesByMovie', 'ticketSalesByMovie', NULL, 32, 64, 'r', 1, NULL, NULL),
(48, 'Number of Ticket sales by movie', 'numberOfTicketSalesByMovie', 'numberOfTicketSalesByMovie', NULL, 32, 65, 'r', 1, NULL, NULL),
(49, 'Advance Ticket sales by movie', 'advanceTicketSalesByMovie', 'advanceTicketSalesByMovie', NULL, 32, 66, 'r', 1, NULL, NULL),
(50, 'Number of Advance Ticket sales by movie', 'numberOfAdvanceTicketSalesByMovie', 'numberOfAdvanceTicketSalesByMovie', NULL, 32, 67, 'r', 1, NULL, NULL),
(51, 'Cash in hand by day', 'cashInHandByDay', 'cashInHandByDay', NULL, 32, 68, 'r', 1, NULL, NULL),
(52, 'Cash in hand by User', 'cashInHandByUser', 'cashInHandByUser', NULL, 32, 69, 'r', 1, NULL, NULL),
(53, 'Ticket Cancellation by Day', 'ticketCancellationByDay', 'ticketCancellationByDay', NULL, 32, 70, 'r', 1, NULL, NULL),
(70, 'View Screen', 'screen', 'screen.index', 124, 123, 73, 'v', 1, NULL, NULL),
(71, 'Add Screen', '', 'screen.create', 124, 123, 74, 'c', 1, NULL, NULL),
(72, 'Edit Screen', '', 'screen.edit', 124, 123, 75, 'e', 1, NULL, NULL),
(73, 'View Actor', 'moviePerson', 'moviePerson.index', 125, 123, 78, 'v', 1, NULL, NULL),
(74, 'Add Actor', 'moviePerson/create', 'moviePerson.create', 125, 123, 79, 'c', 1, NULL, NULL),
(75, 'Edit Actor', NULL, 'moviePerson.edit', 125, 123, 80, 'e', 1, NULL, NULL),
(76, 'View User', 'user', 'user.index', 126, 123, 83, 'v', 1, NULL, NULL),
(77, 'Add User', 'user/create', 'user.create', 126, 123, 84, 'c', 1, NULL, NULL),
(78, 'Edit User', NULL, 'user.edit', 126, 123, 85, 'e', 1, NULL, NULL),
(79, 'View Food Categories', 'foodCategories', 'foodCategories.index', 127, 123, 88, 'v', 1, NULL, NULL),
(80, 'Add Food Categories', 'foodCategories/create', 'foodCategories.create', 127, 123, 89, 'c', 1, NULL, NULL),
(81, 'Edit Food Categories', NULL, 'foodCategories.edit', 127, 123, 90, 'e', 1, NULL, NULL),
(82, 'Timing', 'timing', 'timing.index', 129, 123, 96, 'v', 1, NULL, NULL),
(83, 'logo', 'logo', 'logo.index', 129, 123, 97, 'v', 1, NULL, NULL),
(84, 'Slide Show', 'slideShow', 'slideShow.index', 128, 123, 93, 'v', 1, NULL, NULL),
(85, 'Setting', 'setting', 'setting.index', 129, 123, 100, 'v', 1, NULL, NULL),
(100, 'Delete Film', NULL, 'movie.destroy', 114, 1, 6, 'd', 1, NULL, NULL),
(101, 'Delete Distributer', NULL, 'distributer.destroy', 115, 1, 10, 'd', 1, NULL, NULL),
(102, 'Delete Scheduling', NULL, 'showTime.destroy', 116, 1, 15, 'd', 1, NULL, NULL),
(103, 'Delete Ticket Type', NULL, 'ticket.destroy', 117, 11, 21, 'd', 1, NULL, NULL),
(104, 'Delete Item', NULL, 'item.destroy', 118, 15, 27, 'd', 1, NULL, NULL),
(105, 'Delete Package', NULL, 'package.destroy', 119, 15, 32, 'd', 1, NULL, NULL),
(106, 'Delete FoodStall', NULL, 'foodStall.destroy', 120, 15, 37, 'd', 1, NULL, NULL),
(107, 'Delete Voucher Type', NULL, 'voucher.destroy', 121, 25, 43, 'd', 1, NULL, NULL),
(108, 'Delete Theaters Schedule', NULL, 'privateShowTime.destroy', 122, 25, 48, 'd', 1, NULL, NULL),
(109, 'Delete Screen', NULL, 'screen.destroy', 124, 123, 76, 'd', 1, NULL, NULL),
(110, 'Delete Actor', NULL, 'moviePerson.destroy', 125, 123, 81, 'd', 1, NULL, NULL),
(111, 'Delete User', NULL, 'user.destroy', 126, 123, 86, 'd', 1, NULL, NULL),
(112, 'Delete Food Category', NULL, 'foodCategories.destroy', 127, 123, 91, 'd', 1, NULL, NULL),
(113, 'Delete Slide Show', NULL, 'slideShow.destroy', 128, 123, 94, 'd', 1, NULL, NULL),
(114, 'Films', NULL, NULL, NULL, 1, 2, NULL, 1, NULL, NULL),
(115, 'Distributer', NULL, NULL, NULL, 1, 7, NULL, 1, NULL, NULL),
(116, 'Scheduling', NULL, NULL, NULL, 1, 11, NULL, 1, NULL, NULL),
(117, 'Ticket Type', NULL, NULL, NULL, 11, 17, NULL, 1, NULL, NULL),
(118, 'Item', NULL, NULL, NULL, 15, 23, NULL, 1, NULL, NULL),
(119, 'Package', NULL, NULL, NULL, 15, 28, NULL, 1, NULL, NULL),
(120, 'Food Stall', NULL, NULL, NULL, 15, 33, NULL, 1, NULL, NULL),
(121, 'Voucher Type', NULL, NULL, NULL, 25, 39, NULL, 1, NULL, NULL),
(122, 'Theaters Schedule', NULL, NULL, NULL, 25, 44, NULL, 1, NULL, NULL),
(123, 'More Options', NULL, NULL, NULL, NULL, 71, NULL, 1, NULL, NULL),
(124, 'Screen', NULL, NULL, NULL, 123, 72, NULL, 1, NULL, NULL),
(125, 'Actor', NULL, NULL, NULL, 123, 77, NULL, 1, NULL, NULL),
(126, 'User', NULL, NULL, NULL, 123, 82, NULL, 1, NULL, NULL),
(127, 'Food Category', NULL, NULL, NULL, 123, 87, NULL, 1, NULL, NULL),
(128, 'Slide Show', NULL, NULL, NULL, 123, 92, NULL, 1, NULL, NULL),
(129, 'Setting', NULL, NULL, NULL, 123, 95, NULL, 1, NULL, NULL),
(130, 'Terminal', NULL, NULL, NULL, NULL, 101, 't', 1, NULL, NULL),
(131, 'Tickets', NULL, NULL, NULL, 130, 102, 't', 1, NULL, NULL),
(132, 'Book Tickets', 'booking', 'bookTicket', 131, 130, 103, 't', 1, NULL, NULL),
(133, 'Reprint Tickets', 'reprintTickets', 'reprintTickets', 131, 130, 104, 't', 1, NULL, NULL),
(134, 'Cancel Tickets', 'cancelTicket', 'cancelTicket', 131, 130, 105, 't', 1, NULL, NULL),
(135, 'Cancel Locked Seat', 'cancelLockedSeat', 'cancelLockedSeat', 131, 130, 106, 't', 1, NULL, NULL),
(136, 'Reserve Ticket', NULL, NULL, NULL, 130, 107, 't', 1, NULL, NULL),
(137, 'Book Reserve Ticket', 'advBooking', 'advanceBooking', 136, 130, 108, 't', 1, NULL, NULL),
(138, 'View Reserve Booking', 'viewReserve', 'viewReserve.index', 136, 130, 109, 't', 1, NULL, NULL),
(139, 'Concessions', NULL, NULL, NULL, 130, 110, 't', 1, NULL, NULL),
(140, 'Book Concession', 'bookConcession', 'bookConcession', 139, 130, 111, 't', 1, NULL, NULL),
(141, 'Cancel Concession', 'cancelConcession', 'cancelConcession', 139, 130, 112, 't', 1, NULL, NULL),
(142, 'Terminal', NULL, NULL, NULL, 123, 98, 'v', 1, NULL, NULL),
(143, 'Terminal', 'terminal', 'terminal', 142, 123, 99, 'v', 1, NULL, NULL),
(144, 'Ticket Sales By User', 'ticketSalesByUser', 'ticketSalesByUser', NULL, 32, 113, 'r', 1, NULL, NULL),
(145, 'Voucher Concession', 'voucherConcession', 'voucherConcession', 139, 130, 114, 't', 1, NULL, NULL),
(146, 'Deal Report', 'dealReport', 'dealReport', NULL, 32, 70, 't', 1, NULL, NULL),
(147, 'Profit And Loss', NULL, NULL, NULL, 123, 102, NULL, 1, NULL, NULL),
(148, 'Profit And Loss', 'profitNloss', 'profitNloss', 147, 123, 102, NULL, 1, NULL, NULL);

-- --------------------------------------------------------

--
-- Table structure for table `migrations`
--

DROP TABLE IF EXISTS `migrations`;
CREATE TABLE IF NOT EXISTS `migrations` (
  `id` int(10) UNSIGNED NOT NULL AUTO_INCREMENT,
  `migration` varchar(255) COLLATE utf8mb4_unicode_ci NOT NULL,
  `batch` int(11) NOT NULL,
  PRIMARY KEY (`id`)
) ENGINE=InnoDB AUTO_INCREMENT=34 DEFAULT CHARSET=utf8mb4 COLLATE=utf8mb4_unicode_ci;

--
-- Dumping data for table `migrations`
--

INSERT INTO `migrations` (`id`, `migration`, `batch`) VALUES
(1, '2014_10_12_000000_create_users_table', 1),
(2, '2014_10_12_100000_create_password_resets_table', 2),
(4, '2018_08_09_053345_create_distributers_table', 2),
(5, '2018_08_09_053408_create_movies_table', 2),
(6, '2018_08_09_053841_create_movie_people_table', 2),
(7, '2018_08_10_072530_create_tickets_table', 3),
(8, '2018_08_10_103543_create_food_categories_table', 4),
(9, '2018_08_10_103701_create_items_table', 4),
(10, '2018_08_11_114104_create_packages_table', 5),
(11, '2018_08_13_061955_create_food_stalls_table', 6),
(12, '2018_08_13_072806_create_vouchers_table', 7),
(13, '2018_08_13_112803_create_screens_table', 8),
(14, '2018_08_15_054558_create_timings_table', 9),
(15, '2018_08_15_060044_create_show_times_table', 10),
(16, '2018_08_19_111425_create_logos_table', 11),
(17, '2018_08_19_114657_create_slide_shows_table', 12),
(18, '2018_08_19_132656_create_settings_table', 13),
(20, '2018_08_09_051606_create_menus_table', 14),
(21, '2018_08_20_121515_create_permissions_table', 15),
(22, '2018_08_29_072356_create_bookings_table', 16),
(23, '2018_08_30_061922_create_advance_bookings_table', 17),
(24, '2018_08_30_064612_create_seats_table', 18),
(25, '2018_09_04_101411_create_printed_tickets_table', 19),
(26, '2018_09_11_124753_create_concession_masters_table', 20),
(27, '2018_09_11_125406_create_concession_details_table', 20),
(28, '2018_09_14_060209_create_deals_table', 21),
(29, '2018_09_14_140307_create_deals_table', 22),
(30, '2018_09_15_194524_create_deals_table', 23),
(32, '2018_10_02_165821_create_web_movies_table', 24),
(33, '2018_10_02_184655_create_batches_table', 25);

-- --------------------------------------------------------

--
-- Table structure for table `movies`
--

DROP TABLE IF EXISTS `movies`;
CREATE TABLE IF NOT EXISTS `movies` (
  `id` int(10) UNSIGNED NOT NULL AUTO_INCREMENT,
  `title` varchar(255) COLLATE utf8mb4_unicode_ci NOT NULL,
  `distributer_id` int(10) UNSIGNED NOT NULL,
  `rating` varchar(255) COLLATE utf8mb4_unicode_ci DEFAULT NULL,
  `releaseDate` date DEFAULT NULL,
  `genre` varchar(255) COLLATE utf8mb4_unicode_ci NOT NULL,
  `duration` int(11) NOT NULL,
  `nationalCode` varchar(255) COLLATE utf8mb4_unicode_ci DEFAULT NULL,
  `format` varchar(255) COLLATE utf8mb4_unicode_ci DEFAULT NULL,
  `contractType` varchar(255) COLLATE utf8mb4_unicode_ci DEFAULT NULL,
  `rentalCharges` varchar(255) COLLATE utf8mb4_unicode_ci DEFAULT NULL,
  `distributerSeats` int(11) DEFAULT NULL,
  `contractStartDate` date DEFAULT NULL,
  `actor` varchar(255) COLLATE utf8mb4_unicode_ci DEFAULT NULL,
  `role` text COLLATE utf8mb4_unicode_ci,
  `poster` varchar(255) COLLATE utf8mb4_unicode_ci DEFAULT NULL,
  `synopsis` varchar(255) COLLATE utf8mb4_unicode_ci DEFAULT NULL,
  `trailor` text COLLATE utf8mb4_unicode_ci,
  `status` tinyint(1) DEFAULT NULL,
  `user_id` int(10) UNSIGNED NOT NULL,
  `created_at` timestamp NULL DEFAULT NULL,
  `updated_at` timestamp NULL DEFAULT NULL,
  PRIMARY KEY (`id`),
  KEY `movies_user_id_foreign` (`user_id`),
  KEY `movies_distributer_id_foreign` (`distributer_id`) USING BTREE
) ENGINE=InnoDB AUTO_INCREMENT=23 DEFAULT CHARSET=utf8mb4 COLLATE=utf8mb4_unicode_ci;

--
-- Dumping data for table `movies`
--

INSERT INTO `movies` (`id`, `title`, `distributer_id`, `rating`, `releaseDate`, `genre`, `duration`, `nationalCode`, `format`, `contractType`, `rentalCharges`, `distributerSeats`, `contractStartDate`, `actor`, `role`, `poster`, `synopsis`, `trailor`, `status`, `user_id`, `created_at`, `updated_at`) VALUES
(2, 'avenger (Age Of Ultron)', 3, '8', '2018-08-09', 'action, advanture', 160, '942', 'mp4', NULL, NULL, NULL, NULL, '[\"Mr Bean\"]', '[\"Actor\"]', '29972018-09-19 (3).png', 'Nonee', 'Nonee', 1, 1, '2018-08-09 07:54:44', '2018-09-29 05:02:53'),
(3, 'Doflamingo', 3, '4.5', '2018-08-11', 'Drama', 159, 'PAK', 'mp4', NULL, NULL, 123, '2018-08-10', 'null', 'null', '2962shot3.PNG', 'none', 'none', 1, 1, '2018-08-09 08:29:38', '2018-08-09 08:29:38'),
(4, 'Man Of Steel', 4, '6.5', '2018-08-29', 'action, super natural', 160, 'OP', 'm9', NULL, NULL, 180, '2018-08-11', '[\"Actor 2\",\"Actor 1\"]', '[\"Producers\",\"Writer\"]', '4432Black-Clover-Wallpaper-For-PC-1366x768.jpg', 'qqqqqqeeeee', 'qeeeeeeeeee', 1, 1, '2018-08-10 01:28:55', '2018-08-29 05:46:04'),
(6, 'IT', 4, '7.3', '2018-08-11', 'Horror', 180, '007', 'mm', NULL, NULL, 180, '2018-08-22', '[\"Actor 1\",\"Actor 2\",\"Actor 2\",\"Actor 1\"]', '[\"Writer\",\"Producers\",\"Directors\",\"Actor\"]', '36165.jpg', 'asdasdwfaf', 'qwfqafag', 1, 1, '2018-08-11 02:51:46', '2018-08-11 02:51:46'),
(7, 'New Trailer', 3, NULL, '2018-08-18', 'action, advanture', 15, NULL, NULL, NULL, NULL, 120, NULL, 'null', 'null', '14204.jpg', NULL, NULL, 1, 1, '2018-08-19 01:14:54', '2018-08-19 01:14:54'),
(8, 'The Incredibles 2', 3, '8.5', '2018-09-07', 'action, super natural', 180, '95', 'mp4', NULL, NULL, NULL, '2018-09-07', 'null', 'null', '45796.jpg', NULL, NULL, 1, 2, '2018-09-05 00:24:28', '2018-09-05 00:24:28'),
(9, 'The Mask', 3, '5.6', '2018-09-09', 'comedy', 150, '12', 'mp4', NULL, NULL, NULL, NULL, 'null', 'null', '1270ipad-section.png', 'none', '<iframe width=\"560\" height=\"315\" src=\"https://www.youtube.com/embed/KHLNSxe5Y8A\" frameborder=\"0\" allow=\"autoplay; encrypted-media\" allowfullscreen></iframe>', 1, 1, '2018-09-05 02:47:26', '2018-09-05 02:47:26'),
(10, 'Lost Of Ring', 3, '5.6', '2018-09-09', 'advanture', 190, '5', 'mp4', NULL, NULL, NULL, NULL, 'null', 'null', '1048slider-iphone.png', 'none', '<iframe width=\"560\" height=\"315\" src=\"https://www.youtube.com/embed/KHLNSxe5Y8A\" frameborder=\"0\" allow=\"autoplay; encrypted-media\" allowfullscreen></iframe>', 1, 1, '2018-09-05 02:48:40', '2018-09-05 02:48:40'),
(11, 'One Piece', 4, '10', '2018-09-09', 'advanture', 900, '84', 'mp', NULL, NULL, NULL, NULL, 'null', 'null', '', '4', 'filename', 1, 1, '2018-09-05 02:50:46', '2018-09-05 02:50:46'),
(12, 'Naruto', 3, '9.9', '2018-09-06', 'advanture', 800, '12', 'mp4', NULL, NULL, NULL, NULL, 'null', 'null', '112s4.png', NULL, NULL, 1, 1, '2018-09-05 02:56:10', '2018-09-05 02:56:10'),
(13, 'Boruto', 4, '8.8', '2018-09-09', 'comedy', 200, '12', 'mp4', NULL, NULL, NULL, NULL, 'null', 'null', '', NULL, NULL, 1, 1, '2018-09-05 02:56:37', '2018-09-05 02:56:37'),
(14, 'Harry Potter (The Chamber Of Secreats)', 4, '8.8', '2018-09-29', 'advanture, Magic , Fantacy', 180, '12', 'mp4', NULL, NULL, NULL, NULL, '[\"Mr Bean\"]', '[\"Producers\"]', '18122018-08-23.png', NULL, NULL, 1, 1, '2018-09-29 05:05:13', '2018-09-29 05:05:13'),
(15, 'Hero Acadmia', 3, '9.9', '2018-10-10', 'advanture', 195, '2222', 'mp4', NULL, NULL, NULL, NULL, '[\"Mr Bean\",\"Actor 2\"]', '[\"Producers\",\"Writer\"]', '1893Ku band Waveguide.jpg', 'okijnn', 'url', 1, 1, '2018-10-02 12:44:17', '2018-10-02 12:44:17'),
(22, 'Eraser', 3, '8.8', '2018-10-17', 'advanture', 188, '84', 'mp4', NULL, NULL, NULL, NULL, '[\"Actor 2\",\"Mr Bean\"]', '[\"Actor\",\"Producers\"]', '4349X1 Product Image.jpg', 'none', '<iframe />', 1, 1, '2018-10-02 13:08:02', '2018-10-03 12:52:43');

-- --------------------------------------------------------

--
-- Table structure for table `movie_people`
--

DROP TABLE IF EXISTS `movie_people`;
CREATE TABLE IF NOT EXISTS `movie_people` (
  `id` int(10) UNSIGNED NOT NULL AUTO_INCREMENT,
  `name` varchar(255) COLLATE utf8mb4_unicode_ci NOT NULL,
  `created_at` timestamp NULL DEFAULT NULL,
  `updated_at` timestamp NULL DEFAULT NULL,
  PRIMARY KEY (`id`)
) ENGINE=InnoDB AUTO_INCREMENT=12 DEFAULT CHARSET=utf8mb4 COLLATE=utf8mb4_unicode_ci;

--
-- Dumping data for table `movie_people`
--

INSERT INTO `movie_people` (`id`, `name`, `created_at`, `updated_at`) VALUES
(10, 'Actor 2', '2018-08-09 07:02:04', '2018-08-09 07:02:04'),
(11, 'Mr Bean', '2018-09-13 02:27:48', '2018-09-29 06:49:23');

-- --------------------------------------------------------

--
-- Table structure for table `packages`
--

DROP TABLE IF EXISTS `packages`;
CREATE TABLE IF NOT EXISTS `packages` (
  `id` int(10) UNSIGNED NOT NULL AUTO_INCREMENT,
  `name` varchar(255) COLLATE utf8mb4_unicode_ci NOT NULL,
  `description` varchar(255) COLLATE utf8mb4_unicode_ci DEFAULT NULL,
  `measuringUnit` varchar(255) COLLATE utf8mb4_unicode_ci NOT NULL,
  `foodCategory_id` int(10) UNSIGNED NOT NULL,
  `defaultPrice` int(11) NOT NULL,
  `costPrice` int(11) NOT NULL,
  `image` varchar(255) COLLATE utf8mb4_unicode_ci NOT NULL,
  `displayOrder` int(11) DEFAULT NULL,
  `bgColor` varchar(255) COLLATE utf8mb4_unicode_ci DEFAULT NULL,
  `itemName` text COLLATE utf8mb4_unicode_ci NOT NULL,
  `itemPrice` text COLLATE utf8mb4_unicode_ci NOT NULL,
  `itemQty` text COLLATE utf8mb4_unicode_ci NOT NULL,
  `status` varchar(255) COLLATE utf8mb4_unicode_ci NOT NULL,
  `display` int(11) NOT NULL DEFAULT '1',
  `created_at` timestamp NULL DEFAULT NULL,
  `updated_at` timestamp NULL DEFAULT NULL,
  PRIMARY KEY (`id`),
  KEY `packages_foodcategory_id_foreign` (`foodCategory_id`)
) ENGINE=InnoDB AUTO_INCREMENT=6 DEFAULT CHARSET=utf8mb4 COLLATE=utf8mb4_unicode_ci;

--
-- Dumping data for table `packages`
--

INSERT INTO `packages` (`id`, `name`, `description`, `measuringUnit`, `foodCategory_id`, `defaultPrice`, `costPrice`, `image`, `displayOrder`, `bgColor`, `itemName`, `itemPrice`, `itemQty`, `status`, `display`, `created_at`, `updated_at`) VALUES
(1, 'Nbox', 'Normal stuf', 'Each', 5, 390, 270, '1452ecommerce.jpg', 4, '#E00000', '[\"popCorns\",\"Can\"]', '[\"70\",\"50\"]', '[\"2\",\"5\"]', '1', 1, '2018-08-13 00:18:24', '2018-08-13 00:18:24'),
(3, 'combo', 'faadaw', 'bag', 3, 370, 21, '2081resume.jpg', 3, '#9933FF', '[\"can\",\"popCorns\",\"popCorns\"]', '[\"45\",\"70\",\"70\"]', '[\"2\",\"2\",\"2\"]', '1', 1, '2018-08-13 05:24:11', '2018-09-12 08:11:19'),
(4, 'Box ?', '300 meter', 'bag', 5, 300, 200, '236AIr Live.png', 11, '#99FFCC', '[\"lays\"]', '[\"100\"]', '[\"3\"]', '1', 0, '2018-09-12 08:43:16', '2018-09-12 13:37:03'),
(5, '3D Glasses Pack', 'Not free', 'Each', 6, 1500, 900, '31512018-09-19 (6).png', 1, '#C0C0C0', '[\"3D Glasses\"]', '[\"300\"]', '[\"5\"]', '1', 1, '2018-09-27 12:46:08', '2018-09-27 12:46:08');

-- --------------------------------------------------------

--
-- Table structure for table `password_resets`
--

DROP TABLE IF EXISTS `password_resets`;
CREATE TABLE IF NOT EXISTS `password_resets` (
  `email` varchar(255) COLLATE utf8mb4_unicode_ci NOT NULL,
  `token` varchar(255) COLLATE utf8mb4_unicode_ci NOT NULL,
  `created_at` timestamp NULL DEFAULT NULL
) ENGINE=InnoDB DEFAULT CHARSET=utf8mb4 COLLATE=utf8mb4_unicode_ci;

-- --------------------------------------------------------

--
-- Table structure for table `permissions`
--

DROP TABLE IF EXISTS `permissions`;
CREATE TABLE IF NOT EXISTS `permissions` (
  `id` int(10) UNSIGNED NOT NULL AUTO_INCREMENT,
  `user_id` int(10) UNSIGNED NOT NULL,
  `menu_id` int(10) UNSIGNED NOT NULL,
  `status` tinyint(1) NOT NULL,
  `created_at` timestamp NULL DEFAULT NULL,
  `updated_at` timestamp NULL DEFAULT NULL,
  PRIMARY KEY (`id`),
  KEY `permissions_menu_id_foreign` (`menu_id`),
  KEY `permissions_user_id_foreign` (`user_id`)
) ENGINE=InnoDB AUTO_INCREMENT=4435 DEFAULT CHARSET=utf8mb4 COLLATE=utf8mb4_unicode_ci;

--
-- Dumping data for table `permissions`
--

INSERT INTO `permissions` (`id`, `user_id`, `menu_id`, `status`, `created_at`, `updated_at`) VALUES
(4190, 1, 2, 1, '2018-09-29 06:55:05', '2018-09-29 06:55:05'),
(4191, 1, 3, 1, '2018-09-29 06:55:05', '2018-09-29 06:55:05'),
(4192, 1, 4, 1, '2018-09-29 06:55:05', '2018-09-29 06:55:05'),
(4193, 1, 100, 1, '2018-09-29 06:55:05', '2018-09-29 06:55:05'),
(4194, 1, 5, 1, '2018-09-29 06:55:05', '2018-09-29 06:55:05'),
(4195, 1, 6, 1, '2018-09-29 06:55:05', '2018-09-29 06:55:05'),
(4196, 1, 7, 1, '2018-09-29 06:55:05', '2018-09-29 06:55:05'),
(4197, 1, 101, 1, '2018-09-29 06:55:05', '2018-09-29 06:55:05'),
(4198, 1, 8, 1, '2018-09-29 06:55:05', '2018-09-29 06:55:05'),
(4199, 1, 9, 1, '2018-09-29 06:55:05', '2018-09-29 06:55:05'),
(4200, 1, 10, 1, '2018-09-29 06:55:05', '2018-09-29 06:55:05'),
(4201, 1, 102, 1, '2018-09-29 06:55:05', '2018-09-29 06:55:05'),
(4202, 1, 12, 1, '2018-09-29 06:55:05', '2018-09-29 06:55:05'),
(4203, 1, 13, 1, '2018-09-29 06:55:05', '2018-09-29 06:55:05'),
(4204, 1, 14, 1, '2018-09-29 06:55:05', '2018-09-29 06:55:05'),
(4205, 1, 103, 1, '2018-09-29 06:55:05', '2018-09-29 06:55:05'),
(4206, 1, 16, 1, '2018-09-29 06:55:05', '2018-09-29 06:55:05'),
(4207, 1, 17, 1, '2018-09-29 06:55:05', '2018-09-29 06:55:05'),
(4208, 1, 18, 1, '2018-09-29 06:55:05', '2018-09-29 06:55:05'),
(4209, 1, 104, 1, '2018-09-29 06:55:05', '2018-09-29 06:55:05'),
(4210, 1, 19, 1, '2018-09-29 06:55:05', '2018-09-29 06:55:05'),
(4211, 1, 20, 1, '2018-09-29 06:55:05', '2018-09-29 06:55:05'),
(4212, 1, 21, 1, '2018-09-29 06:55:05', '2018-09-29 06:55:05'),
(4213, 1, 105, 1, '2018-09-29 06:55:05', '2018-09-29 06:55:05'),
(4214, 1, 22, 1, '2018-09-29 06:55:05', '2018-09-29 06:55:05'),
(4215, 1, 23, 1, '2018-09-29 06:55:05', '2018-09-29 06:55:05'),
(4216, 1, 24, 1, '2018-09-29 06:55:06', '2018-09-29 06:55:06'),
(4217, 1, 106, 1, '2018-09-29 06:55:06', '2018-09-29 06:55:06'),
(4218, 1, 26, 1, '2018-09-29 06:55:06', '2018-09-29 06:55:06'),
(4219, 1, 27, 1, '2018-09-29 06:55:06', '2018-09-29 06:55:06'),
(4220, 1, 28, 1, '2018-09-29 06:55:06', '2018-09-29 06:55:06'),
(4221, 1, 107, 1, '2018-09-29 06:55:06', '2018-09-29 06:55:06'),
(4222, 1, 29, 1, '2018-09-29 06:55:06', '2018-09-29 06:55:06'),
(4223, 1, 30, 1, '2018-09-29 06:55:06', '2018-09-29 06:55:06'),
(4224, 1, 31, 1, '2018-09-29 06:55:06', '2018-09-29 06:55:06'),
(4225, 1, 108, 1, '2018-09-29 06:55:06', '2018-09-29 06:55:06'),
(4226, 1, 132, 1, '2018-09-29 06:55:06', '2018-09-29 06:55:06'),
(4227, 1, 133, 1, '2018-09-29 06:55:06', '2018-09-29 06:55:06'),
(4228, 1, 134, 1, '2018-09-29 06:55:06', '2018-09-29 06:55:06'),
(4229, 1, 135, 1, '2018-09-29 06:55:06', '2018-09-29 06:55:06'),
(4230, 1, 137, 1, '2018-09-29 06:55:06', '2018-09-29 06:55:06'),
(4231, 1, 138, 1, '2018-09-29 06:55:06', '2018-09-29 06:55:06'),
(4232, 1, 140, 1, '2018-09-29 06:55:06', '2018-09-29 06:55:06'),
(4233, 1, 141, 1, '2018-09-29 06:55:06', '2018-09-29 06:55:06'),
(4234, 1, 145, 1, '2018-09-29 06:55:06', '2018-09-29 06:55:06'),
(4235, 1, 33, 1, '2018-09-29 06:55:06', '2018-09-29 06:55:06'),
(4236, 1, 34, 1, '2018-09-29 06:55:06', '2018-09-29 06:55:06'),
(4237, 1, 35, 1, '2018-09-29 06:55:06', '2018-09-29 06:55:06'),
(4238, 1, 36, 1, '2018-09-29 06:55:06', '2018-09-29 06:55:06'),
(4239, 1, 37, 1, '2018-09-29 06:55:06', '2018-09-29 06:55:06'),
(4240, 1, 38, 1, '2018-09-29 06:55:06', '2018-09-29 06:55:06'),
(4241, 1, 39, 1, '2018-09-29 06:55:06', '2018-09-29 06:55:06'),
(4242, 1, 40, 1, '2018-09-29 06:55:06', '2018-09-29 06:55:06'),
(4243, 1, 41, 1, '2018-09-29 06:55:06', '2018-09-29 06:55:06'),
(4244, 1, 42, 1, '2018-09-29 06:55:06', '2018-09-29 06:55:06'),
(4245, 1, 43, 1, '2018-09-29 06:55:06', '2018-09-29 06:55:06'),
(4246, 1, 44, 1, '2018-09-29 06:55:07', '2018-09-29 06:55:07'),
(4247, 1, 45, 1, '2018-09-29 06:55:07', '2018-09-29 06:55:07'),
(4248, 1, 46, 1, '2018-09-29 06:55:07', '2018-09-29 06:55:07'),
(4249, 1, 47, 1, '2018-09-29 06:55:07', '2018-09-29 06:55:07'),
(4250, 1, 48, 1, '2018-09-29 06:55:07', '2018-09-29 06:55:07'),
(4251, 1, 49, 1, '2018-09-29 06:55:07', '2018-09-29 06:55:07'),
(4252, 1, 50, 1, '2018-09-29 06:55:07', '2018-09-29 06:55:07'),
(4253, 1, 51, 1, '2018-09-29 06:55:07', '2018-09-29 06:55:07'),
(4254, 1, 52, 1, '2018-09-29 06:55:07', '2018-09-29 06:55:07'),
(4255, 1, 53, 1, '2018-09-29 06:55:07', '2018-09-29 06:55:07'),
(4256, 1, 144, 1, '2018-09-29 06:55:07', '2018-09-29 06:55:07'),
(4257, 1, 70, 1, '2018-09-29 06:55:07', '2018-09-29 06:55:07'),
(4258, 1, 71, 1, '2018-09-29 06:55:07', '2018-09-29 06:55:07'),
(4259, 1, 72, 1, '2018-09-29 06:55:07', '2018-09-29 06:55:07'),
(4260, 1, 109, 1, '2018-09-29 06:55:07', '2018-09-29 06:55:07'),
(4261, 1, 73, 1, '2018-09-29 06:55:07', '2018-09-29 06:55:07'),
(4262, 1, 74, 1, '2018-09-29 06:55:07', '2018-09-29 06:55:07'),
(4263, 1, 75, 1, '2018-09-29 06:55:07', '2018-09-29 06:55:07'),
(4264, 1, 110, 1, '2018-09-29 06:55:07', '2018-09-29 06:55:07'),
(4265, 1, 79, 1, '2018-09-29 06:55:07', '2018-09-29 06:55:07'),
(4266, 1, 80, 1, '2018-09-29 06:55:07', '2018-09-29 06:55:07'),
(4267, 1, 81, 1, '2018-09-29 06:55:07', '2018-09-29 06:55:07'),
(4268, 1, 112, 1, '2018-09-29 06:55:07', '2018-09-29 06:55:07'),
(4269, 1, 84, 1, '2018-09-29 06:55:07', '2018-09-29 06:55:07'),
(4270, 1, 113, 1, '2018-09-29 06:55:07', '2018-09-29 06:55:07'),
(4271, 1, 82, 1, '2018-09-29 06:55:07', '2018-09-29 06:55:07'),
(4272, 1, 83, 1, '2018-09-29 06:55:07', '2018-09-29 06:55:07'),
(4273, 1, 143, 1, '2018-09-29 06:55:07', '2018-09-29 06:55:07'),
(4274, 1, 85, 1, '2018-09-29 06:55:07', '2018-09-29 06:55:07'),
(4275, 3, 2, 1, '2018-09-29 06:56:31', '2018-09-29 06:56:31'),
(4276, 3, 3, 1, '2018-09-29 06:56:31', '2018-09-29 06:56:31'),
(4277, 3, 4, 1, '2018-09-29 06:56:31', '2018-09-29 06:56:31'),
(4278, 3, 100, 1, '2018-09-29 06:56:31', '2018-09-29 06:56:31'),
(4279, 3, 5, 1, '2018-09-29 06:56:31', '2018-09-29 06:56:31'),
(4280, 3, 6, 1, '2018-09-29 06:56:31', '2018-09-29 06:56:31'),
(4281, 3, 7, 1, '2018-09-29 06:56:31', '2018-09-29 06:56:31'),
(4282, 3, 101, 1, '2018-09-29 06:56:31', '2018-09-29 06:56:31'),
(4283, 3, 8, 1, '2018-09-29 06:56:31', '2018-09-29 06:56:31'),
(4284, 3, 9, 1, '2018-09-29 06:56:31', '2018-09-29 06:56:31'),
(4285, 3, 10, 1, '2018-09-29 06:56:31', '2018-09-29 06:56:31'),
(4286, 3, 102, 1, '2018-09-29 06:56:31', '2018-09-29 06:56:31'),
(4287, 3, 12, 1, '2018-09-29 06:56:31', '2018-09-29 06:56:31'),
(4288, 3, 13, 1, '2018-09-29 06:56:31', '2018-09-29 06:56:31'),
(4289, 3, 14, 1, '2018-09-29 06:56:31', '2018-09-29 06:56:31'),
(4290, 3, 103, 1, '2018-09-29 06:56:31', '2018-09-29 06:56:31'),
(4291, 3, 16, 1, '2018-09-29 06:56:31', '2018-09-29 06:56:31'),
(4292, 3, 17, 1, '2018-09-29 06:56:31', '2018-09-29 06:56:31'),
(4293, 3, 18, 1, '2018-09-29 06:56:31', '2018-09-29 06:56:31'),
(4294, 3, 104, 1, '2018-09-29 06:56:31', '2018-09-29 06:56:31'),
(4295, 3, 19, 1, '2018-09-29 06:56:31', '2018-09-29 06:56:31'),
(4296, 3, 20, 1, '2018-09-29 06:56:31', '2018-09-29 06:56:31'),
(4297, 3, 21, 1, '2018-09-29 06:56:31', '2018-09-29 06:56:31'),
(4298, 3, 105, 1, '2018-09-29 06:56:31', '2018-09-29 06:56:31'),
(4299, 3, 22, 1, '2018-09-29 06:56:32', '2018-09-29 06:56:32'),
(4300, 3, 23, 1, '2018-09-29 06:56:32', '2018-09-29 06:56:32'),
(4301, 3, 24, 1, '2018-09-29 06:56:32', '2018-09-29 06:56:32'),
(4302, 3, 106, 1, '2018-09-29 06:56:32', '2018-09-29 06:56:32'),
(4303, 3, 26, 1, '2018-09-29 06:56:32', '2018-09-29 06:56:32'),
(4304, 3, 27, 1, '2018-09-29 06:56:32', '2018-09-29 06:56:32'),
(4305, 3, 28, 1, '2018-09-29 06:56:32', '2018-09-29 06:56:32'),
(4306, 3, 107, 1, '2018-09-29 06:56:32', '2018-09-29 06:56:32'),
(4307, 3, 29, 1, '2018-09-29 06:56:32', '2018-09-29 06:56:32'),
(4308, 3, 30, 1, '2018-09-29 06:56:32', '2018-09-29 06:56:32'),
(4309, 3, 31, 1, '2018-09-29 06:56:32', '2018-09-29 06:56:32'),
(4310, 3, 108, 1, '2018-09-29 06:56:32', '2018-09-29 06:56:32'),
(4311, 3, 132, 1, '2018-09-29 06:56:32', '2018-09-29 06:56:32'),
(4312, 3, 133, 1, '2018-09-29 06:56:32', '2018-09-29 06:56:32'),
(4313, 3, 134, 1, '2018-09-29 06:56:32', '2018-09-29 06:56:32'),
(4314, 3, 135, 1, '2018-09-29 06:56:32', '2018-09-29 06:56:32'),
(4315, 3, 137, 1, '2018-09-29 06:56:32', '2018-09-29 06:56:32'),
(4316, 3, 138, 1, '2018-09-29 06:56:32', '2018-09-29 06:56:32'),
(4317, 3, 140, 1, '2018-09-29 06:56:32', '2018-09-29 06:56:32'),
(4318, 3, 141, 1, '2018-09-29 06:56:32', '2018-09-29 06:56:32'),
(4319, 3, 145, 1, '2018-09-29 06:56:32', '2018-09-29 06:56:32'),
(4320, 3, 70, 1, '2018-09-29 06:56:32', '2018-09-29 06:56:32'),
(4321, 3, 71, 1, '2018-09-29 06:56:32', '2018-09-29 06:56:32'),
(4322, 3, 72, 1, '2018-09-29 06:56:32', '2018-09-29 06:56:32'),
(4323, 3, 109, 1, '2018-09-29 06:56:32', '2018-09-29 06:56:32'),
(4324, 3, 73, 1, '2018-09-29 06:56:32', '2018-09-29 06:56:32'),
(4325, 3, 74, 1, '2018-09-29 06:56:32', '2018-09-29 06:56:32'),
(4326, 3, 75, 1, '2018-09-29 06:56:32', '2018-09-29 06:56:32'),
(4327, 3, 110, 1, '2018-09-29 06:56:33', '2018-09-29 06:56:33'),
(4328, 3, 79, 1, '2018-09-29 06:56:33', '2018-09-29 06:56:33'),
(4329, 3, 80, 1, '2018-09-29 06:56:33', '2018-09-29 06:56:33'),
(4330, 3, 81, 1, '2018-09-29 06:56:33', '2018-09-29 06:56:33'),
(4331, 3, 112, 1, '2018-09-29 06:56:33', '2018-09-29 06:56:33'),
(4332, 3, 84, 1, '2018-09-29 06:56:33', '2018-09-29 06:56:33'),
(4333, 3, 113, 1, '2018-09-29 06:56:33', '2018-09-29 06:56:33'),
(4334, 3, 82, 1, '2018-09-29 06:56:33', '2018-09-29 06:56:33'),
(4335, 3, 83, 1, '2018-09-29 06:56:33', '2018-09-29 06:56:33'),
(4336, 3, 143, 1, '2018-09-29 06:56:33', '2018-09-29 06:56:33'),
(4337, 3, 85, 1, '2018-09-29 06:56:33', '2018-09-29 06:56:33'),
(4338, 1, 146, 1, NULL, NULL),
(4339, 1, 148, 1, NULL, NULL),
(4387, 2, 2, 1, '2018-10-03 12:48:16', '2018-10-03 12:48:16'),
(4388, 2, 3, 1, '2018-10-03 12:48:16', '2018-10-03 12:48:16'),
(4389, 2, 4, 1, '2018-10-03 12:48:16', '2018-10-03 12:48:16'),
(4390, 2, 100, 1, '2018-10-03 12:48:16', '2018-10-03 12:48:16'),
(4391, 2, 5, 1, '2018-10-03 12:48:16', '2018-10-03 12:48:16'),
(4392, 2, 6, 1, '2018-10-03 12:48:16', '2018-10-03 12:48:16'),
(4393, 2, 7, 1, '2018-10-03 12:48:16', '2018-10-03 12:48:16'),
(4394, 2, 101, 1, '2018-10-03 12:48:16', '2018-10-03 12:48:16'),
(4395, 2, 8, 1, '2018-10-03 12:48:16', '2018-10-03 12:48:16'),
(4396, 2, 9, 1, '2018-10-03 12:48:16', '2018-10-03 12:48:16'),
(4397, 2, 10, 1, '2018-10-03 12:48:16', '2018-10-03 12:48:16'),
(4398, 2, 102, 1, '2018-10-03 12:48:16', '2018-10-03 12:48:16'),
(4399, 2, 12, 1, '2018-10-03 12:48:16', '2018-10-03 12:48:16'),
(4400, 2, 13, 1, '2018-10-03 12:48:16', '2018-10-03 12:48:16'),
(4401, 2, 14, 1, '2018-10-03 12:48:16', '2018-10-03 12:48:16'),
(4402, 2, 103, 1, '2018-10-03 12:48:16', '2018-10-03 12:48:16'),
(4403, 2, 16, 1, '2018-10-03 12:48:16', '2018-10-03 12:48:16'),
(4404, 2, 19, 1, '2018-10-03 12:48:16', '2018-10-03 12:48:16'),
(4405, 2, 22, 1, '2018-10-03 12:48:17', '2018-10-03 12:48:17'),
(4406, 2, 26, 1, '2018-10-03 12:48:17', '2018-10-03 12:48:17'),
(4407, 2, 29, 1, '2018-10-03 12:48:17', '2018-10-03 12:48:17'),
(4408, 2, 132, 1, '2018-10-03 12:48:17', '2018-10-03 12:48:17'),
(4409, 2, 133, 1, '2018-10-03 12:48:17', '2018-10-03 12:48:17'),
(4410, 2, 134, 1, '2018-10-03 12:48:17', '2018-10-03 12:48:17'),
(4411, 2, 135, 1, '2018-10-03 12:48:17', '2018-10-03 12:48:17'),
(4412, 2, 137, 1, '2018-10-03 12:48:17', '2018-10-03 12:48:17'),
(4413, 2, 138, 1, '2018-10-03 12:48:17', '2018-10-03 12:48:17'),
(4414, 2, 140, 1, '2018-10-03 12:48:17', '2018-10-03 12:48:17'),
(4415, 2, 141, 1, '2018-10-03 12:48:17', '2018-10-03 12:48:17'),
(4416, 2, 70, 1, '2018-10-03 12:48:17', '2018-10-03 12:48:17'),
(4417, 2, 71, 1, '2018-10-03 12:48:17', '2018-10-03 12:48:17'),
(4418, 2, 72, 1, '2018-10-03 12:48:17', '2018-10-03 12:48:17'),
(4419, 2, 109, 1, '2018-10-03 12:48:17', '2018-10-03 12:48:17'),
(4420, 2, 73, 1, '2018-10-03 12:48:17', '2018-10-03 12:48:17'),
(4421, 2, 74, 1, '2018-10-03 12:48:17', '2018-10-03 12:48:17'),
(4422, 2, 75, 1, '2018-10-03 12:48:17', '2018-10-03 12:48:17'),
(4423, 2, 110, 1, '2018-10-03 12:48:17', '2018-10-03 12:48:17'),
(4424, 2, 79, 1, '2018-10-03 12:48:17', '2018-10-03 12:48:17'),
(4425, 2, 80, 1, '2018-10-03 12:48:17', '2018-10-03 12:48:17'),
(4426, 2, 81, 1, '2018-10-03 12:48:17', '2018-10-03 12:48:17'),
(4427, 2, 112, 1, '2018-10-03 12:48:17', '2018-10-03 12:48:17'),
(4428, 2, 84, 1, '2018-10-03 12:48:17', '2018-10-03 12:48:17'),
(4429, 2, 113, 1, '2018-10-03 12:48:17', '2018-10-03 12:48:17'),
(4430, 2, 82, 1, '2018-10-03 12:48:17', '2018-10-03 12:48:17'),
(4431, 2, 83, 1, '2018-10-03 12:48:17', '2018-10-03 12:48:17'),
(4432, 2, 143, 1, '2018-10-03 12:48:17', '2018-10-03 12:48:17'),
(4433, 2, 85, 1, '2018-10-03 12:48:18', '2018-10-03 12:48:18'),
(4434, 2, 148, 1, '2018-10-03 12:48:18', '2018-10-03 12:48:18');

-- --------------------------------------------------------

--
-- Table structure for table `printed_tickets`
--

DROP TABLE IF EXISTS `printed_tickets`;
CREATE TABLE IF NOT EXISTS `printed_tickets` (
  `id` int(10) UNSIGNED NOT NULL AUTO_INCREMENT,
  `booking_id` int(10) UNSIGNED NOT NULL,
  `show_time_id` int(10) UNSIGNED NOT NULL,
  `movie_id` int(10) UNSIGNED NOT NULL,
  `screen_id` int(10) UNSIGNED NOT NULL,
  `user_id` int(10) UNSIGNED NOT NULL,
  `voucherNo` int(11) DEFAULT NULL,
  `batch_id` int(11) NOT NULL,
  `seatNumber` varchar(20) COLLATE utf8mb4_unicode_ci NOT NULL,
  `showTime` datetime NOT NULL,
  `price` int(11) NOT NULL,
  `key` varchar(191) COLLATE utf8mb4_unicode_ci DEFAULT NULL,
  `cancelUserId` int(10) DEFAULT NULL,
  `status` tinyint(1) NOT NULL,
  `created_at` timestamp NULL DEFAULT NULL,
  `updated_at` timestamp NULL DEFAULT NULL,
  PRIMARY KEY (`id`),
  KEY `printed_tickets_show_time_id_foreign` (`show_time_id`),
  KEY `printed_tickets_user_id_foreign` (`user_id`),
  KEY `printed_tickets_movie_id_foreign` (`movie_id`),
  KEY `printed_tickets_screen_id_foreign` (`screen_id`),
  KEY `printed_tickets_booking_id_foreign` (`booking_id`)
) ENGINE=InnoDB AUTO_INCREMENT=416 DEFAULT CHARSET=utf8mb4 COLLATE=utf8mb4_unicode_ci;

--
-- Dumping data for table `printed_tickets`
--

INSERT INTO `printed_tickets` (`id`, `booking_id`, `show_time_id`, `movie_id`, `screen_id`, `user_id`, `voucherNo`, `batch_id`, `seatNumber`, `showTime`, `price`, `key`, `cancelUserId`, `status`, `created_at`, `updated_at`) VALUES
(266, 2280, 85, 8, 7, 1, NULL, 899037, 'A-1', '2018-09-29 20:40:00', 800, 'public', 1, 0, '2018-09-28 23:43:52', '2018-09-29 07:16:25'),
(267, 2281, 85, 8, 7, 1, NULL, 899037, 'B-1', '2018-09-29 20:40:00', 800, 'public', 1, 0, '2018-09-28 23:43:52', '2018-09-29 07:16:20'),
(268, 2282, 85, 8, 7, 1, NULL, 899037, 'C-1', '2018-09-29 20:40:00', 0, 'public', 1, 0, '2018-09-28 23:43:52', '2018-09-28 23:57:41'),
(269, 2283, 85, 8, 7, 1, NULL, 899037, 'D-1', '2018-09-29 20:40:00', 0, 'public', 1, 0, '2018-09-28 23:43:52', '2018-09-29 07:16:20'),
(270, 2284, 85, 8, 7, 1, NULL, 899037, 'E-1', '2018-09-29 20:40:00', 800, 'public', NULL, 1, '2018-09-28 23:43:52', '2018-09-28 23:43:52'),
(271, 2285, 86, 8, 7, 1, NULL, 407236, 'B-6', '2018-09-29 21:00:00', 800, 'public', NULL, 1, '2018-09-28 23:58:43', '2018-09-28 23:58:43'),
(272, 2286, 86, 8, 7, 1, 127, 407236, 'B-8', '2018-09-29 21:00:00', 800, 'public', 1, 0, '2018-09-28 23:58:43', '2018-09-28 23:59:41'),
(273, 2287, 86, 8, 7, 1, NULL, 407236, 'B-7', '2018-09-29 21:00:00', 0, 'public', NULL, 1, '2018-09-28 23:58:43', '2018-09-28 23:58:43'),
(274, 2288, 86, 8, 7, 1, NULL, 407236, 'C-7', '2018-09-29 21:00:00', 800, 'public', NULL, 1, '2018-09-28 23:58:43', '2018-09-28 23:58:43'),
(275, 2289, 86, 8, 7, 1, 128, 407236, 'C-8', '2018-09-29 21:00:00', 800, 'public', 1, 0, '2018-09-28 23:58:44', '2018-09-29 00:03:02'),
(276, 2297, 62, 2, 4, 1, NULL, 228363, 'A-1', '2018-10-15 19:00:00', 800, 'public', NULL, 1, '2018-09-29 05:39:55', '2018-09-29 05:39:55'),
(277, 2298, 62, 2, 4, 1, NULL, 228363, 'B-1', '2018-10-15 19:00:00', 800, 'public', NULL, 1, '2018-09-29 05:39:55', '2018-09-29 05:39:55'),
(278, 2299, 62, 2, 4, 1, NULL, 228363, 'C-1', '2018-10-15 19:00:00', 800, 'public', NULL, 1, '2018-09-29 05:39:55', '2018-09-29 05:39:55'),
(279, 2300, 62, 2, 4, 1, NULL, 228363, 'D-1', '2018-10-15 19:00:00', 800, 'public', NULL, 1, '2018-09-29 05:39:55', '2018-09-29 05:39:55'),
(280, 2302, 62, 2, 4, 1, NULL, 228363, 'B-2', '2018-10-15 19:00:00', 700, 'public', NULL, 1, '2018-09-29 05:39:55', '2018-09-29 05:39:55'),
(281, 2303, 89, 8, 7, 1, NULL, 453331, 'A-1', '2018-10-09 20:40:00', 800, 'public', 1, 0, '2018-09-29 05:40:35', '2018-10-06 05:38:25'),
(282, 2304, 89, 8, 7, 1, NULL, 453331, 'A-2', '2018-10-09 20:40:00', 800, 'public', 1, 0, '2018-09-29 05:40:35', '2018-10-06 05:39:36'),
(283, 2305, 89, 8, 7, 1, NULL, 453331, 'A-3', '2018-10-09 20:40:00', 0, 'public', NULL, 1, '2018-09-29 05:40:35', '2018-09-29 05:40:35'),
(284, 2306, 89, 8, 7, 1, NULL, 453331, 'A-4', '2018-10-09 20:40:00', 0, 'public', NULL, 1, '2018-09-29 05:40:35', '2018-09-29 05:40:35'),
(285, 2307, 89, 8, 7, 1, NULL, 453331, 'A-5', '2018-10-09 20:40:00', 800, 'public', NULL, 1, '2018-09-29 05:40:35', '2018-09-29 05:40:35'),
(286, 2308, 67, 8, 1, 1, NULL, 273460, 'A-1', '2018-10-07 12:00:00', 800, 'advance', NULL, 1, '2018-09-29 06:43:53', '2018-09-29 06:43:53'),
(287, 2309, 67, 8, 1, 1, NULL, 273460, 'A-2', '2018-10-07 12:00:00', 800, 'advance', NULL, 1, '2018-09-29 06:43:53', '2018-09-29 06:43:53'),
(288, 2310, 67, 8, 1, 1, NULL, 273460, 'A-3', '2018-10-07 12:00:00', 800, 'advance', 1, 0, '2018-09-29 06:43:53', '2018-10-06 05:47:23'),
(289, 2311, 67, 8, 1, 1, NULL, 273460, 'A-4', '2018-10-07 12:00:00', 800, 'advance', NULL, 1, '2018-09-29 06:43:53', '2018-09-29 06:43:53'),
(290, 2312, 61, 2, 4, 1, NULL, 116868, 'A-2', '2018-10-15 00:00:00', 800, 'public', NULL, 1, '2018-09-29 07:14:11', '2018-09-29 07:14:11'),
(291, 2313, 61, 2, 4, 1, NULL, 116868, 'A-3', '2018-10-15 00:00:00', 800, 'public', NULL, 1, '2018-09-29 07:14:11', '2018-09-29 07:14:11'),
(292, 2314, 61, 2, 4, 1, NULL, 116868, 'A-4', '2018-10-15 00:00:00', 800, 'public', NULL, 1, '2018-09-29 07:14:11', '2018-09-29 07:14:11'),
(293, 2315, 61, 2, 4, 1, NULL, 116868, 'A-5', '2018-10-15 00:00:00', 800, 'public', NULL, 1, '2018-09-29 07:14:11', '2018-09-29 07:14:11'),
(294, 2316, 61, 2, 4, 1, NULL, 116868, 'A-6', '2018-10-15 00:00:00', 800, 'public', NULL, 1, '2018-09-29 07:14:11', '2018-09-29 07:14:11'),
(295, 2317, 61, 2, 4, 1, NULL, 46953, 'A-3', '2018-10-15 00:00:00', 800, 'public', NULL, 1, '2018-09-29 07:15:21', '2018-09-29 07:15:21'),
(296, 2318, 61, 2, 4, 1, NULL, 46953, 'A-1', '2018-10-15 00:00:00', 800, 'public', NULL, 1, '2018-09-29 07:15:21', '2018-09-29 07:15:21'),
(297, 2319, 61, 2, 4, 1, 130, 46953, 'C-1', '2018-10-15 00:00:00', 800, 'public', NULL, 1, '2018-09-29 07:15:21', '2018-09-29 07:15:21'),
(298, 2320, 61, 2, 4, 1, NULL, 46953, 'D-1', '2018-10-15 00:00:00', 0, 'public', NULL, 1, '2018-09-29 07:15:21', '2018-09-29 07:15:21'),
(299, 2321, 61, 2, 4, 1, NULL, 46953, 'B-1', '2018-10-15 00:00:00', 800, 'public', 1, 0, '2018-09-29 07:15:21', '2018-09-29 07:17:18'),
(300, 2338, 85, 8, 7, 1, NULL, 290812, 'A-19', '2018-09-29 20:40:00', 800, 'public', NULL, 1, '2018-09-29 08:58:45', '2018-09-29 08:58:45'),
(301, 2339, 85, 8, 7, 1, NULL, 290812, 'A-20', '2018-09-29 20:40:00', 800, 'public', NULL, 1, '2018-09-29 08:58:45', '2018-09-29 08:58:45'),
(302, 2340, 61, 2, 4, 1, NULL, 302199, 'B-3', '2018-10-15 00:00:00', 800, 'public', NULL, 1, '2018-10-01 06:52:01', '2018-10-01 06:52:01'),
(303, 2341, 61, 2, 4, 1, NULL, 302199, 'C-3', '2018-10-15 00:00:00', 800, 'public', NULL, 1, '2018-10-01 06:52:01', '2018-10-01 06:52:01'),
(304, 2342, 61, 2, 4, 1, NULL, 302199, 'D-3', '2018-10-15 00:00:00', 800, 'public', 1, 0, '2018-10-01 06:52:01', '2018-10-06 05:53:41'),
(305, 2343, 61, 2, 4, 1, NULL, 302199, 'E-3', '2018-10-15 00:00:00', 800, 'public', NULL, 1, '2018-10-01 06:52:01', '2018-10-01 06:52:01'),
(306, 2344, 74, 4, 1, 1, NULL, 320595, 'A-1', '2019-02-13 11:00:00', 600, 'public', NULL, 1, '2018-10-01 06:52:39', '2018-10-01 06:52:39'),
(307, 2345, 74, 4, 1, 1, NULL, 320595, 'A-3', '2019-02-13 11:00:00', 600, 'public', NULL, 1, '2018-10-01 06:52:39', '2018-10-01 06:52:39'),
(308, 2346, 74, 4, 1, 1, NULL, 320595, 'A-4', '2019-02-13 11:00:00', 600, 'public', NULL, 1, '2018-10-01 06:52:39', '2018-10-01 06:52:39'),
(309, 2347, 74, 4, 1, 1, NULL, 320595, 'A-5', '2019-02-13 11:00:00', 600, 'public', NULL, 1, '2018-10-01 06:52:39', '2018-10-01 06:52:39'),
(310, 2348, 74, 4, 1, 1, NULL, 320595, 'A-6', '2019-02-13 11:00:00', 0, 'public', 1, 0, '2018-10-01 06:52:39', '2018-10-06 05:34:14'),
(311, 2349, 74, 4, 1, 1, NULL, 320595, 'A-7', '2019-02-13 11:00:00', 600, 'public', 1, 0, '2018-10-01 06:52:39', '2018-10-06 05:49:09'),
(312, 2350, 74, 4, 1, 1, NULL, 320595, 'A-9', '2019-02-13 11:00:00', 600, 'public', NULL, 1, '2018-10-01 06:52:40', '2018-10-01 06:52:40'),
(313, 2351, 74, 4, 1, 1, NULL, 320595, 'A-10', '2019-02-13 11:00:00', 600, 'public', NULL, 1, '2018-10-01 06:52:40', '2018-10-01 06:52:40'),
(314, 2352, 74, 4, 1, 1, NULL, 320595, 'A-12', '2019-02-13 11:00:00', 600, 'public', NULL, 1, '2018-10-01 06:52:40', '2018-10-01 06:52:40'),
(315, 2353, 74, 4, 1, 1, NULL, 320595, 'A-2', '2019-02-13 11:00:00', 0, 'public', NULL, 1, '2018-10-01 06:52:40', '2018-10-01 06:52:40'),
(316, 2354, 74, 4, 1, 1, NULL, 320595, 'A-8', '2019-02-13 11:00:00', 600, 'public', NULL, 1, '2018-10-01 06:52:40', '2018-10-01 06:52:40'),
(317, 2355, 74, 4, 1, 1, NULL, 320595, 'A-11', '2019-02-13 11:00:00', 600, 'public', NULL, 1, '2018-10-01 06:52:40', '2018-10-01 06:52:40'),
(318, 2356, 74, 4, 1, 1, NULL, 320595, 'B-8', '2019-02-13 11:00:00', 600, 'public', NULL, 1, '2018-10-01 06:52:40', '2018-10-01 06:52:40'),
(319, 2357, 74, 4, 1, 1, NULL, 320595, 'B-7', '2019-02-13 11:00:00', 600, 'public', NULL, 1, '2018-10-01 06:52:40', '2018-10-01 06:52:40'),
(320, 2358, 74, 4, 1, 1, NULL, 320595, 'B-6', '2019-02-13 11:00:00', 0, 'public', NULL, 1, '2018-10-01 06:52:40', '2018-10-01 06:52:40'),
(321, 2359, 74, 4, 1, 1, NULL, 320595, 'B-5', '2019-02-13 11:00:00', 600, 'public', NULL, 1, '2018-10-01 06:52:40', '2018-10-01 06:52:40'),
(322, 2360, 74, 4, 1, 1, NULL, 320595, 'B-4', '2019-02-13 11:00:00', 600, 'public', NULL, 1, '2018-10-01 06:52:40', '2018-10-01 06:52:40'),
(323, 2361, 74, 4, 1, 1, NULL, 320595, 'B-3', '2019-02-13 11:00:00', 600, 'public', NULL, 1, '2018-10-01 06:52:40', '2018-10-01 06:52:40'),
(324, 2362, 74, 4, 1, 1, NULL, 320595, 'B-1', '2019-02-13 11:00:00', 600, 'public', NULL, 1, '2018-10-01 06:52:40', '2018-10-01 06:52:40'),
(325, 2363, 74, 4, 1, 1, NULL, 320595, 'B-2', '2019-02-13 11:00:00', 0, 'public', NULL, 1, '2018-10-01 06:52:40', '2018-10-01 06:52:40'),
(326, 2364, 61, 2, 4, 1, NULL, 172634, 'F-3', '2018-10-15 00:00:00', 800, 'public', NULL, 1, '2018-10-01 07:14:29', '2018-10-01 07:14:29'),
(327, 2365, 61, 2, 4, 1, NULL, 172634, 'F-2', '2018-10-15 00:00:00', 800, 'public', NULL, 1, '2018-10-01 07:14:29', '2018-10-01 07:14:29'),
(328, 2366, 66, 8, 1, 3, NULL, 394579, 'A-4', '2018-10-07 01:00:00', 800, 'public', NULL, 1, '2018-10-01 07:31:59', '2018-10-01 07:31:59'),
(329, 2367, 66, 8, 1, 3, NULL, 394579, 'B-3', '2018-10-07 01:00:00', 800, 'public', NULL, 1, '2018-10-01 07:32:00', '2018-10-01 07:32:00'),
(330, 2368, 66, 8, 1, 3, NULL, 394579, 'A-5', '2018-10-07 01:00:00', 800, 'public', NULL, 1, '2018-10-01 07:32:00', '2018-10-01 07:32:00'),
(331, 2369, 66, 8, 1, 3, NULL, 394579, 'B-2', '2018-10-07 01:00:00', 800, 'public', NULL, 1, '2018-10-01 07:32:00', '2018-10-01 07:32:00'),
(332, 2370, 87, 8, 7, 3, NULL, 617607, 'A-9', '2018-11-29 20:40:00', 800, 'public', NULL, 1, '2018-10-01 08:48:51', '2018-10-01 08:48:51'),
(333, 2371, 87, 8, 7, 3, NULL, 617607, 'C-9', '2018-11-29 20:40:00', 800, 'public', NULL, 1, '2018-10-01 08:48:51', '2018-10-01 08:48:51'),
(334, 2372, 87, 8, 7, 3, NULL, 617607, 'B-9', '2018-11-29 20:40:00', 800, 'public', NULL, 1, '2018-10-01 08:48:51', '2018-10-01 08:48:51'),
(335, 2373, 87, 8, 7, 3, NULL, 617607, 'D-9', '2018-11-29 20:40:00', 800, 'public', NULL, 1, '2018-10-01 08:48:51', '2018-10-01 08:48:51'),
(336, 2374, 87, 8, 7, 3, NULL, 617607, 'E-9', '2018-11-29 20:40:00', 0, 'public', NULL, 1, '2018-10-01 08:48:51', '2018-10-01 08:48:51'),
(337, 2375, 61, 2, 4, 1, NULL, 124996, 'B-2', '2018-10-15 00:00:00', 800, 'public', NULL, 1, '2018-10-01 10:36:18', '2018-10-01 10:36:18'),
(338, 2376, 61, 2, 4, 1, NULL, 124996, 'C-2', '2018-10-15 00:00:00', 800, 'public', NULL, 1, '2018-10-01 10:36:18', '2018-10-01 10:36:18'),
(339, 2377, 62, 2, 4, 1, NULL, 183958, 'A-2', '2018-10-15 19:00:00', 0, 'public', NULL, 1, '2018-10-01 11:01:36', '2018-10-01 11:01:36'),
(340, 2378, 62, 2, 4, 1, NULL, 668212, 'C-2', '2018-10-15 19:00:00', 800, 'public', NULL, 1, '2018-10-01 11:02:20', '2018-10-01 11:02:20'),
(341, 2379, 62, 2, 4, 1, NULL, 668212, 'D-2', '2018-10-15 19:00:00', 800, 'public', NULL, 1, '2018-10-01 11:02:20', '2018-10-01 11:02:20'),
(342, 2380, 62, 2, 4, 1, NULL, 668212, 'E-2', '2018-10-15 19:00:00', 800, 'public', NULL, 1, '2018-10-01 11:02:20', '2018-10-01 11:02:20'),
(343, 2381, 62, 2, 4, 1, NULL, 668212, 'F-2', '2018-10-15 19:00:00', 800, 'public', NULL, 1, '2018-10-01 11:02:20', '2018-10-01 11:02:20'),
(344, 2382, 62, 2, 4, 1, NULL, 668212, 'F-1', '2018-10-15 19:00:00', 0, 'public', NULL, 1, '2018-10-01 11:02:20', '2018-10-01 11:02:20'),
(345, 2383, 62, 2, 4, 1, NULL, 668212, 'E-1', '2018-10-15 19:00:00', 800, 'public', NULL, 1, '2018-10-01 11:02:20', '2018-10-01 11:02:20'),
(346, 2384, 62, 2, 4, 1, NULL, 668212, 'E-3', '2018-10-15 19:00:00', 800, 'public', NULL, 1, '2018-10-01 11:02:20', '2018-10-01 11:02:20'),
(347, 2385, 62, 2, 4, 1, NULL, 668212, 'F-3', '2018-10-15 19:00:00', 800, 'public', NULL, 1, '2018-10-01 11:02:20', '2018-10-01 11:02:20'),
(348, 2386, 62, 2, 4, 1, NULL, 668212, 'D-3', '2018-10-15 19:00:00', 800, 'public', NULL, 1, '2018-10-01 11:02:21', '2018-10-01 11:02:21'),
(349, 2387, 62, 2, 4, 1, NULL, 668212, 'C-3', '2018-10-15 19:00:00', 0, 'public', NULL, 1, '2018-10-01 11:02:21', '2018-10-01 11:02:21'),
(350, 2388, 61, 2, 4, 1, NULL, 896695, 'B-1', '2018-10-15 00:00:00', 0, 'public', NULL, 1, '2018-10-01 11:05:52', '2018-10-01 11:05:52'),
(351, 2389, 61, 2, 4, 1, NULL, 896695, 'D-2', '2018-10-15 00:00:00', 0, 'public', NULL, 1, '2018-10-01 11:05:52', '2018-10-01 11:05:52'),
(352, 2390, 94, 10, 8, 1, NULL, 825034, 'A-1', '2018-10-01 22:00:00', 600, 'public', NULL, 1, '2018-10-01 13:52:07', '2018-10-01 13:52:07'),
(353, 2391, 94, 10, 8, 1, NULL, 825034, 'B-1', '2018-10-01 22:00:00', 600, 'public', NULL, 1, '2018-10-01 13:52:07', '2018-10-01 13:52:07'),
(354, 2392, 94, 10, 8, 1, NULL, 825034, 'C-1', '2018-10-01 22:00:00', 600, 'public', NULL, 1, '2018-10-01 13:52:07', '2018-10-01 13:52:07'),
(355, 2393, 94, 10, 8, 1, NULL, 825034, 'D-1', '2018-10-01 22:00:00', 600, 'public', NULL, 1, '2018-10-01 13:52:07', '2018-10-01 13:52:07'),
(356, 2394, 94, 10, 8, 1, NULL, 825034, 'E-1', '2018-10-01 22:00:00', 0, 'public', NULL, 1, '2018-10-01 13:52:07', '2018-10-01 13:52:07'),
(357, 2395, 94, 10, 8, 1, NULL, 825034, 'F-1', '2018-10-01 22:00:00', 0, 'public', NULL, 1, '2018-10-01 13:52:07', '2018-10-01 13:52:07'),
(358, 2396, 94, 10, 8, 1, NULL, 825034, 'G-1', '2018-10-01 22:00:00', 0, 'public', NULL, 1, '2018-10-01 13:52:07', '2018-10-01 13:52:07'),
(359, 2397, 94, 10, 8, 1, NULL, 825034, 'G-2', '2018-10-01 22:00:00', 0, 'public', NULL, 1, '2018-10-01 13:52:07', '2018-10-01 13:52:07'),
(360, 2398, 94, 10, 8, 1, NULL, 825034, 'F-2', '2018-10-01 22:00:00', 0, 'public', NULL, 1, '2018-10-01 13:52:07', '2018-10-01 13:52:07'),
(361, 2399, 94, 10, 8, 1, NULL, 825034, 'E-2', '2018-10-01 22:00:00', 0, 'public', NULL, 1, '2018-10-01 13:52:07', '2018-10-01 13:52:07'),
(362, 2400, 94, 10, 8, 1, NULL, 825034, 'D-2', '2018-10-01 22:00:00', 0, 'public', NULL, 1, '2018-10-01 13:52:07', '2018-10-01 13:52:07'),
(363, 2401, 94, 10, 8, 1, NULL, 825034, 'C-2', '2018-10-01 22:00:00', 0, 'public', NULL, 1, '2018-10-01 13:52:08', '2018-10-01 13:52:08'),
(364, 2402, 94, 10, 8, 1, NULL, 825034, 'B-2', '2018-10-01 22:00:00', 0, 'public', NULL, 1, '2018-10-01 13:52:08', '2018-10-01 13:52:08'),
(365, 2403, 94, 10, 8, 1, NULL, 825034, 'A-2', '2018-10-01 22:00:00', 0, 'public', NULL, 1, '2018-10-01 13:52:08', '2018-10-01 13:52:08'),
(366, 2404, 94, 10, 8, 1, NULL, 825034, 'A-3', '2018-10-01 22:00:00', 0, 'public', NULL, 1, '2018-10-01 13:52:08', '2018-10-01 13:52:08'),
(367, 2405, 94, 10, 8, 1, NULL, 825034, 'B-3', '2018-10-01 22:00:00', 0, 'public', NULL, 1, '2018-10-01 13:52:08', '2018-10-01 13:52:08'),
(368, 2406, 94, 10, 8, 1, NULL, 825034, 'C-3', '2018-10-01 22:00:00', 0, 'public', NULL, 1, '2018-10-01 13:52:08', '2018-10-01 13:52:08'),
(369, 2407, 94, 10, 8, 1, NULL, 825034, 'D-3', '2018-10-01 22:00:00', 0, 'public', NULL, 1, '2018-10-01 13:52:08', '2018-10-01 13:52:08'),
(370, 2408, 94, 10, 8, 1, NULL, 825034, 'E-3', '2018-10-01 22:00:00', 0, 'public', NULL, 1, '2018-10-01 13:52:08', '2018-10-01 13:52:08'),
(371, 2409, 94, 10, 8, 1, NULL, 825034, 'F-3', '2018-10-01 22:00:00', 0, 'public', NULL, 1, '2018-10-01 13:52:08', '2018-10-01 13:52:08'),
(372, 2410, 94, 10, 8, 1, NULL, 825034, 'G-3', '2018-10-01 22:00:00', 0, 'public', NULL, 1, '2018-10-01 13:52:08', '2018-10-01 13:52:08'),
(373, 2411, 94, 10, 8, 1, NULL, 825034, 'G-4', '2018-10-01 22:00:00', 0, 'public', NULL, 1, '2018-10-01 13:52:08', '2018-10-01 13:52:08'),
(374, 2412, 94, 10, 8, 1, NULL, 825034, 'F-4', '2018-10-01 22:00:00', 0, 'public', NULL, 1, '2018-10-01 13:52:08', '2018-10-01 13:52:08'),
(375, 2413, 94, 10, 8, 1, NULL, 825034, 'E-4', '2018-10-01 22:00:00', 0, 'public', NULL, 1, '2018-10-01 13:52:08', '2018-10-01 13:52:08'),
(376, 2414, 94, 10, 8, 1, NULL, 825034, 'D-4', '2018-10-01 22:00:00', 0, 'public', NULL, 1, '2018-10-01 13:52:08', '2018-10-01 13:52:08'),
(377, 2415, 94, 10, 8, 1, NULL, 825034, 'C-4', '2018-10-01 22:00:00', 0, 'public', NULL, 1, '2018-10-01 13:52:08', '2018-10-01 13:52:08'),
(378, 2416, 94, 10, 8, 1, NULL, 825034, 'B-4', '2018-10-01 22:00:00', 0, 'public', NULL, 1, '2018-10-01 13:52:08', '2018-10-01 13:52:08'),
(379, 2417, 94, 10, 8, 1, NULL, 825034, 'A-4', '2018-10-01 22:00:00', 0, 'public', NULL, 1, '2018-10-01 13:52:08', '2018-10-01 13:52:08'),
(380, 2418, 94, 10, 8, 1, NULL, 825034, 'A-5', '2018-10-01 22:00:00', 0, 'public', NULL, 1, '2018-10-01 13:52:08', '2018-10-01 13:52:08'),
(381, 2419, 94, 10, 8, 1, NULL, 825034, 'A-6', '2018-10-01 22:00:00', 0, 'public', NULL, 1, '2018-10-01 13:52:08', '2018-10-01 13:52:08'),
(382, 2420, 94, 10, 8, 1, NULL, 825034, 'B-6', '2018-10-01 22:00:00', 0, 'public', NULL, 1, '2018-10-01 13:52:08', '2018-10-01 13:52:08'),
(383, 2421, 94, 10, 8, 1, NULL, 825034, 'B-5', '2018-10-01 22:00:00', 0, 'public', NULL, 1, '2018-10-01 13:52:09', '2018-10-01 13:52:09'),
(384, 2422, 94, 10, 8, 1, NULL, 825034, 'C-5', '2018-10-01 22:00:00', 0, 'public', NULL, 1, '2018-10-01 13:52:09', '2018-10-01 13:52:09'),
(385, 2423, 94, 10, 8, 1, NULL, 825034, 'C-6', '2018-10-01 22:00:00', 0, 'public', NULL, 1, '2018-10-01 13:52:09', '2018-10-01 13:52:09'),
(386, 2424, 94, 10, 8, 1, NULL, 825034, 'D-6', '2018-10-01 22:00:00', 0, 'public', NULL, 1, '2018-10-01 13:52:09', '2018-10-01 13:52:09'),
(387, 2425, 94, 10, 8, 1, NULL, 825034, 'D-5', '2018-10-01 22:00:00', 0, 'public', NULL, 1, '2018-10-01 13:52:09', '2018-10-01 13:52:09'),
(388, 2426, 94, 10, 8, 1, NULL, 825034, 'E-5', '2018-10-01 22:00:00', 0, 'public', NULL, 1, '2018-10-01 13:52:09', '2018-10-01 13:52:09'),
(389, 2427, 94, 10, 8, 1, NULL, 825034, 'E-6', '2018-10-01 22:00:00', 0, 'public', NULL, 1, '2018-10-01 13:52:09', '2018-10-01 13:52:09'),
(390, 2428, 94, 10, 8, 1, NULL, 825034, 'F-6', '2018-10-01 22:00:00', 0, 'public', NULL, 1, '2018-10-01 13:52:09', '2018-10-01 13:52:09'),
(391, 2429, 94, 10, 8, 1, NULL, 825034, 'F-5', '2018-10-01 22:00:00', 0, 'public', NULL, 1, '2018-10-01 13:52:09', '2018-10-01 13:52:09'),
(392, 2430, 94, 10, 8, 1, NULL, 825034, 'G-5', '2018-10-01 22:00:00', 0, 'public', NULL, 1, '2018-10-01 13:52:09', '2018-10-01 13:52:09'),
(393, 2431, 94, 10, 8, 1, NULL, 825034, 'G-6', '2018-10-01 22:00:00', 0, 'public', NULL, 1, '2018-10-01 13:52:09', '2018-10-01 13:52:09'),
(394, 2435, 104, 3, 5, 1, NULL, 846784, 'X-1', '2018-11-15 09:00:00', 600, 'public', 1, 0, '2018-10-02 10:26:56', '2018-10-06 05:46:10'),
(395, 2436, 104, 3, 5, 1, NULL, 846784, 'Y-1', '2018-11-15 09:00:00', 600, 'public', NULL, 1, '2018-10-02 10:26:56', '2018-10-02 10:26:56'),
(396, 2437, 104, 3, 5, 1, NULL, 846784, 'X-2', '2018-11-15 09:00:00', 600, 'public', NULL, 1, '2018-10-02 10:26:56', '2018-10-02 10:26:56'),
(397, 2438, 104, 3, 5, 1, NULL, 846784, 'Z-1', '2018-11-15 09:00:00', 0, 'public', NULL, 1, '2018-10-02 10:26:56', '2018-10-02 10:26:56'),
(398, 2439, 101, 9, 7, 1, NULL, 592672, 'B-10', '2019-02-13 00:00:00', 800, 'public', NULL, 1, '2018-10-02 10:27:25', '2018-10-02 10:27:25'),
(399, 2440, 101, 9, 7, 1, NULL, 592672, 'C-11', '2019-02-13 00:00:00', 800, 'public', NULL, 1, '2018-10-02 10:27:25', '2018-10-02 10:27:25'),
(400, 2441, 101, 9, 7, 1, NULL, 592672, 'C-9', '2019-02-13 00:00:00', 800, 'public', NULL, 1, '2018-10-02 10:27:25', '2018-10-02 10:27:25'),
(401, 2442, 101, 9, 7, 1, NULL, 592672, 'D-8', '2019-02-13 00:00:00', 0, 'public', NULL, 1, '2018-10-02 10:27:25', '2018-10-02 10:27:25'),
(402, 2443, 101, 9, 7, 1, NULL, 592672, 'E-9', '2019-02-13 00:00:00', 800, 'public', NULL, 1, '2018-10-02 10:27:25', '2018-10-02 10:27:25'),
(403, 2444, 101, 9, 7, 1, NULL, 592672, 'E-11', '2019-02-13 00:00:00', 800, 'public', NULL, 1, '2018-10-02 10:27:25', '2018-10-02 10:27:25'),
(404, 2445, 101, 9, 7, 1, NULL, 592672, 'E-12', '2019-02-13 00:00:00', 800, 'public', NULL, 1, '2018-10-02 10:27:25', '2018-10-02 10:27:25'),
(405, 2446, 101, 9, 7, 1, NULL, 592672, 'E-13', '2019-02-13 00:00:00', 0, 'public', NULL, 1, '2018-10-02 10:27:25', '2018-10-02 10:27:25'),
(406, 2447, 101, 9, 7, 1, NULL, 592672, 'E-7', '2019-02-13 00:00:00', 800, 'public', NULL, 1, '2018-10-02 10:27:25', '2018-10-02 10:27:25'),
(407, 2448, 101, 9, 7, 1, NULL, 592672, 'C-12', '2019-02-13 00:00:00', 800, 'public', NULL, 1, '2018-10-02 10:27:25', '2018-10-02 10:27:25'),
(408, 2449, 101, 9, 7, 1, NULL, 592672, 'D-13', '2019-02-13 00:00:00', 800, 'public', NULL, 1, '2018-10-02 10:27:25', '2018-10-02 10:27:25'),
(409, 2450, 101, 9, 7, 1, NULL, 592672, 'E-14', '2019-02-13 00:00:00', 0, 'public', NULL, 1, '2018-10-02 10:27:25', '2018-10-02 10:27:25'),
(410, 2451, 98, 6, 8, 1, NULL, 492339, 'A-1', '2018-10-17 19:00:00', 600, 'public', 1, 0, '2018-10-02 10:27:41', '2018-10-06 05:37:32'),
(411, 2452, 103, 3, 5, 1, NULL, 871357, 'X-1', '2018-10-25 12:00:00', 600, 'advance', 1, 0, '2018-10-02 10:30:14', '2018-10-06 05:48:22'),
(412, 2453, 103, 3, 5, 1, NULL, 871357, 'X-2', '2018-10-25 12:00:00', 600, 'advance', 1, 0, '2018-10-02 10:30:14', '2018-10-06 05:33:12'),
(413, 2454, 103, 3, 5, 1, NULL, 321294, 'X-3', '2018-10-25 12:00:00', 600, 'public', NULL, 1, '2018-10-03 06:17:21', '2018-10-03 06:17:21'),
(414, 2455, 103, 3, 5, 1, NULL, 321294, 'X-4', '2018-10-25 12:00:00', 600, 'public', NULL, 1, '2018-10-03 06:17:21', '2018-10-03 06:17:21'),
(415, 2456, 103, 3, 5, 1, NULL, 321294, 'Y-3', '2018-10-25 12:00:00', 600, 'public', NULL, 1, '2018-10-03 06:17:21', '2018-10-03 06:17:21');

-- --------------------------------------------------------

--
-- Table structure for table `screens`
--

DROP TABLE IF EXISTS `screens`;
CREATE TABLE IF NOT EXISTS `screens` (
  `id` int(10) UNSIGNED NOT NULL AUTO_INCREMENT,
  `name` varchar(255) COLLATE utf8mb4_unicode_ci NOT NULL,
  `totalSeats` varchar(255) COLLATE utf8mb4_unicode_ci NOT NULL,
  `houseSeats` varchar(255) COLLATE utf8mb4_unicode_ci DEFAULT NULL,
  `wheelChairSeats` varchar(255) COLLATE utf8mb4_unicode_ci DEFAULT NULL,
  `image` varchar(255) COLLATE utf8mb4_unicode_ci DEFAULT NULL,
  `rows` text COLLATE utf8mb4_unicode_ci NOT NULL,
  `columns` text COLLATE utf8mb4_unicode_ci NOT NULL,
  `created_at` timestamp NULL DEFAULT NULL,
  `updated_at` timestamp NULL DEFAULT NULL,
  PRIMARY KEY (`id`)
) ENGINE=InnoDB AUTO_INCREMENT=9 DEFAULT CHARSET=utf8mb4 COLLATE=utf8mb4_unicode_ci;

--
-- Dumping data for table `screens`
--

INSERT INTO `screens` (`id`, `name`, `totalSeats`, `houseSeats`, `wheelChairSeats`, `image`, `rows`, `columns`, `created_at`, `updated_at`) VALUES
(1, 'screen 1', '20', '0', '0', '48662018-04-13.png', '[\"A\",\"B\"]', '[\"12\",\"8\"]', '2018-08-13 07:35:47', '2018-10-01 13:35:58'),
(4, 'screen 2', '50', '0', '0', '1729headphones.jpg', '[\"A\",\"B\",\"C\",\"D\",\"E\",\"F\"]', '[\"10\",\"10\",\"10\",\"10\",\"10\",\"10\"]', '2018-08-13 08:43:33', '2018-10-01 06:54:36'),
(5, 'mini Cinema', '10', '0', '0', '', '[\"X\",\"Y\",\"Z\"]', '[\"4\",\"3\",\"3\"]', '2018-08-30 04:40:13', '2018-08-30 04:40:13'),
(7, 'screen 3', '100', '0', '0', '4231Veeam.png', '[\"A\",\"B\",\"C\",\"D\",\"E\"]', '[\"20\",\"20\",\"20\",\"20\",\"20\"]', '2018-09-13 02:27:14', '2018-09-13 02:27:14'),
(8, 'Demo Screen', '70', '0', '0', '12282018-07-11.png', '[\"A\",\"B\",\"C\",\"D\"]', '[\"10\",\"10\",\"10\",\"10\"]', '2018-10-01 13:50:04', '2018-10-01 13:52:43');

-- --------------------------------------------------------

--
-- Table structure for table `seats`
--

DROP TABLE IF EXISTS `seats`;
CREATE TABLE IF NOT EXISTS `seats` (
  `id` int(20) UNSIGNED NOT NULL AUTO_INCREMENT,
  `show_time_id` int(10) UNSIGNED DEFAULT NULL,
  `advance_booking_id` int(10) UNSIGNED DEFAULT NULL,
  `isAdv` varchar(191) COLLATE utf8mb4_unicode_ci DEFAULT NULL,
  `user_id` int(11) UNSIGNED NOT NULL,
  `seatNumber` varchar(255) COLLATE utf8mb4_unicode_ci NOT NULL,
  `ticketType` varchar(191) COLLATE utf8mb4_unicode_ci NOT NULL,
  `isComp` tinyint(1) NOT NULL,
  `hold` tinyint(1) NOT NULL,
  `status` tinyint(1) NOT NULL,
  `created_at` timestamp NULL DEFAULT NULL,
  `updated_at` timestamp NULL DEFAULT NULL,
  PRIMARY KEY (`id`),
  KEY `seats_show_time_id_foreign` (`show_time_id`),
  KEY `seats_advance_booking_id_foreign` (`advance_booking_id`),
  KEY `seats_user_id_foreign` (`user_id`)
) ENGINE=InnoDB AUTO_INCREMENT=2292 DEFAULT CHARSET=utf8mb4 COLLATE=utf8mb4_unicode_ci;

--
-- Dumping data for table `seats`
--

INSERT INTO `seats` (`id`, `show_time_id`, `advance_booking_id`, `isAdv`, `user_id`, `seatNumber`, `ticketType`, `isComp`, `hold`, `status`, `created_at`, `updated_at`) VALUES
(2030, 85, NULL, NULL, 1, 'E-1', 'adult price', 0, 0, 1, '2018-09-28 23:43:42', '2018-09-28 23:43:51'),
(2031, 86, NULL, NULL, 1, 'B-6', 'adult price', 0, 0, 1, '2018-09-28 23:58:34', '2018-09-28 23:58:42'),
(2033, 86, NULL, NULL, 1, 'B-7', 'adult price', 0, 0, 1, '2018-09-28 23:58:35', '2018-09-28 23:58:42'),
(2034, 86, NULL, NULL, 1, 'C-7', 'adult price', 0, 0, 1, '2018-09-28 23:58:36', '2018-09-28 23:58:43'),
(2036, 62, NULL, NULL, 1, 'A-1', 'adult price', 0, 0, 1, '2018-09-29 05:37:09', '2018-09-29 05:39:54'),
(2037, 62, NULL, NULL, 1, 'B-1', 'adult price', 0, 0, 1, '2018-09-29 05:37:10', '2018-09-29 05:39:54'),
(2038, 62, NULL, NULL, 1, 'C-1', 'adult price', 0, 0, 1, '2018-09-29 05:37:11', '2018-09-29 05:39:54'),
(2039, 62, NULL, NULL, 1, 'D-1', 'adult price', 0, 0, 1, '2018-09-29 05:39:27', '2018-09-29 05:39:54'),
(2041, 62, NULL, NULL, 1, 'B-2', 'child price', 0, 0, 1, '2018-09-29 05:39:37', '2018-09-29 05:39:54'),
(2044, 89, NULL, NULL, 1, 'A-3', 'adult price', 0, 0, 1, '2018-09-29 05:40:17', '2018-09-29 05:40:34'),
(2045, 89, NULL, NULL, 1, 'A-4', 'adult price', 0, 0, 1, '2018-09-29 05:40:18', '2018-09-29 05:40:34'),
(2046, 89, NULL, NULL, 1, 'A-5', 'adult price', 0, 0, 1, '2018-09-29 05:40:25', '2018-09-29 05:40:34'),
(2047, 67, 38, 'advance', 1, 'A-1', 'adult price', 0, 0, 1, '2018-09-29 06:41:07', '2018-09-29 06:41:18'),
(2048, 67, 38, 'advance', 1, 'A-2', 'adult price', 0, 0, 1, '2018-09-29 06:41:08', '2018-09-29 06:41:18'),
(2050, 67, 38, 'advance', 1, 'A-4', 'adult price', 0, 0, 1, '2018-09-29 06:41:10', '2018-09-29 06:41:19'),
(2051, 61, NULL, NULL, 1, 'A-2', 'adult price', 0, 0, 1, '2018-09-29 07:14:05', '2018-09-29 07:14:10'),
(2052, 61, NULL, NULL, 1, 'A-3', 'adult price', 0, 0, 1, '2018-09-29 07:14:05', '2018-09-29 07:14:10'),
(2053, 61, NULL, NULL, 1, 'A-4', 'adult price', 0, 0, 1, '2018-09-29 07:14:06', '2018-09-29 07:14:10'),
(2054, 61, NULL, NULL, 1, 'A-5', 'adult price', 0, 0, 1, '2018-09-29 07:14:06', '2018-09-29 07:14:10'),
(2055, 61, NULL, NULL, 1, 'A-6', 'adult price', 0, 0, 1, '2018-09-29 07:14:06', '2018-09-29 07:14:10'),
(2056, 61, NULL, NULL, 1, 'A-3', 'adult price', 0, 0, 1, '2018-09-29 07:14:10', '2018-09-29 07:15:20'),
(2057, 61, NULL, NULL, 1, 'A-1', 'adult price', 0, 0, 1, '2018-09-29 07:15:11', '2018-09-29 07:15:20'),
(2058, 61, NULL, NULL, 1, 'C-1', 'adult price', 0, 0, 1, '2018-09-29 07:15:12', '2018-09-29 07:15:20'),
(2059, 61, NULL, NULL, 1, 'D-1', 'adult price', 0, 0, 1, '2018-09-29 07:15:12', '2018-09-29 07:15:20'),
(2066, 67, 39, 'advance', 1, 'B-1', 'adult price', 0, 0, 1, '2018-09-29 07:19:38', '2018-09-29 07:19:45'),
(2067, 67, 39, 'advance', 1, 'B-2', 'adult price', 0, 0, 1, '2018-09-29 07:19:38', '2018-09-29 07:19:46'),
(2068, 67, 39, 'advance', 1, 'B-3', 'adult price', 0, 0, 1, '2018-09-29 07:19:39', '2018-09-29 07:19:46'),
(2078, 85, NULL, NULL, 1, 'A-19', 'adult price', 0, 0, 1, '2018-09-29 08:58:35', '2018-09-29 08:58:44'),
(2079, 85, NULL, NULL, 1, 'A-20', 'adult price', 0, 0, 1, '2018-09-29 08:58:37', '2018-09-29 08:58:44'),
(2080, 61, NULL, NULL, 1, 'B-3', 'adult price', 0, 0, 1, '2018-10-01 06:51:54', '2018-10-01 06:52:00'),
(2081, 61, NULL, NULL, 1, 'C-3', 'adult price', 0, 0, 1, '2018-10-01 06:51:55', '2018-10-01 06:52:00'),
(2083, 61, NULL, NULL, 1, 'E-3', 'adult price', 0, 0, 1, '2018-10-01 06:51:57', '2018-10-01 06:52:00'),
(2084, 74, NULL, NULL, 1, 'A-1', 'adult price', 0, 0, 1, '2018-10-01 06:52:12', '2018-10-01 06:52:37'),
(2085, 74, NULL, NULL, 1, 'A-3', 'adult price', 0, 0, 1, '2018-10-01 06:52:13', '2018-10-01 06:52:37'),
(2086, 74, NULL, NULL, 1, 'A-4', 'adult price', 0, 0, 1, '2018-10-01 06:52:14', '2018-10-01 06:52:37'),
(2087, 74, NULL, NULL, 1, 'A-5', 'adult price', 0, 0, 1, '2018-10-01 06:52:14', '2018-10-01 06:52:37'),
(2090, 74, NULL, NULL, 1, 'A-9', 'adult price', 0, 0, 1, '2018-10-01 06:52:16', '2018-10-01 06:52:37'),
(2091, 74, NULL, NULL, 1, 'A-10', 'adult price', 0, 0, 1, '2018-10-01 06:52:17', '2018-10-01 06:52:37'),
(2092, 74, NULL, NULL, 1, 'A-12', 'adult price', 0, 0, 1, '2018-10-01 06:52:18', '2018-10-01 06:52:38'),
(2093, 74, NULL, NULL, 1, 'A-2', 'adult price', 0, 0, 1, '2018-10-01 06:52:18', '2018-10-01 06:52:38'),
(2094, 74, NULL, NULL, 1, 'A-8', 'adult price', 0, 0, 1, '2018-10-01 06:52:19', '2018-10-01 06:52:38'),
(2095, 74, NULL, NULL, 1, 'A-11', 'adult price', 0, 0, 1, '2018-10-01 06:52:20', '2018-10-01 06:52:38'),
(2096, 74, NULL, NULL, 1, 'B-8', 'adult price', 0, 0, 1, '2018-10-01 06:52:20', '2018-10-01 06:52:38'),
(2097, 74, NULL, NULL, 1, 'B-7', 'adult price', 0, 0, 1, '2018-10-01 06:52:22', '2018-10-01 06:52:38'),
(2098, 74, NULL, NULL, 1, 'B-6', 'adult price', 0, 0, 1, '2018-10-01 06:52:23', '2018-10-01 06:52:38'),
(2099, 74, NULL, NULL, 1, 'B-5', 'adult price', 0, 0, 1, '2018-10-01 06:52:23', '2018-10-01 06:52:38'),
(2100, 74, NULL, NULL, 1, 'B-4', 'adult price', 0, 0, 1, '2018-10-01 06:52:24', '2018-10-01 06:52:38'),
(2101, 74, NULL, NULL, 1, 'B-3', 'adult price', 0, 0, 1, '2018-10-01 06:52:25', '2018-10-01 06:52:38'),
(2102, 74, NULL, NULL, 1, 'B-1', 'adult price', 0, 0, 1, '2018-10-01 06:52:26', '2018-10-01 06:52:38'),
(2103, 74, NULL, NULL, 1, 'B-2', 'adult price', 0, 0, 1, '2018-10-01 06:52:28', '2018-10-01 06:52:38'),
(2108, 61, NULL, NULL, 1, 'F-3', 'adult price', 0, 0, 1, '2018-10-01 07:14:22', '2018-10-01 07:14:29'),
(2109, 61, NULL, NULL, 1, 'F-2', 'adult price', 0, 0, 1, '2018-10-01 07:14:22', '2018-10-01 07:14:29'),
(2110, 66, NULL, NULL, 3, 'A-4', 'adult price', 0, 0, 1, '2018-10-01 07:31:44', '2018-10-01 07:31:59'),
(2111, 66, NULL, NULL, 3, 'B-3', 'adult price', 0, 0, 1, '2018-10-01 07:31:45', '2018-10-01 07:31:59'),
(2113, 66, NULL, NULL, 3, 'A-5', 'adult price', 0, 0, 1, '2018-10-01 07:31:54', '2018-10-01 07:31:59'),
(2114, 66, NULL, NULL, 3, 'B-2', 'adult price', 0, 0, 1, '2018-10-01 07:31:55', '2018-10-01 07:31:59'),
(2115, 87, NULL, NULL, 3, 'A-9', 'adult price', 0, 0, 1, '2018-10-01 08:48:41', '2018-10-01 08:48:50'),
(2116, 87, NULL, NULL, 3, 'C-9', 'adult price', 0, 0, 1, '2018-10-01 08:48:43', '2018-10-01 08:48:50'),
(2117, 87, NULL, NULL, 3, 'B-9', 'adult price', 0, 0, 1, '2018-10-01 08:48:44', '2018-10-01 08:48:50'),
(2118, 87, NULL, NULL, 3, 'D-9', 'adult price', 0, 0, 1, '2018-10-01 08:48:45', '2018-10-01 08:48:50'),
(2119, 87, NULL, NULL, 3, 'E-9', 'adult price', 0, 0, 1, '2018-10-01 08:48:46', '2018-10-01 08:48:50'),
(2120, 61, NULL, NULL, 1, 'B-2', 'adult price', 0, 0, 1, '2018-10-01 10:36:13', '2018-10-01 10:36:17'),
(2121, 61, NULL, NULL, 1, 'C-2', 'adult price', 0, 0, 1, '2018-10-01 10:36:13', '2018-10-01 10:36:17'),
(2122, 62, NULL, NULL, 1, 'A-2', 'adult price', 1, 0, 1, '2018-10-01 11:01:32', '2018-10-01 11:01:35'),
(2123, 62, NULL, NULL, 1, 'C-2', 'adult price', 0, 0, 1, '2018-10-01 11:02:07', '2018-10-01 11:02:19'),
(2124, 62, NULL, NULL, 1, 'D-2', 'adult price', 0, 0, 1, '2018-10-01 11:02:07', '2018-10-01 11:02:19'),
(2125, 62, NULL, NULL, 1, 'E-2', 'adult price', 0, 0, 1, '2018-10-01 11:02:08', '2018-10-01 11:02:19'),
(2126, 62, NULL, NULL, 1, 'F-2', 'adult price', 0, 0, 1, '2018-10-01 11:02:08', '2018-10-01 11:02:19'),
(2127, 62, NULL, NULL, 1, 'F-1', 'adult price', 0, 0, 1, '2018-10-01 11:02:09', '2018-10-01 11:02:19'),
(2128, 62, NULL, NULL, 1, 'E-1', 'adult price', 0, 0, 1, '2018-10-01 11:02:10', '2018-10-01 11:02:19'),
(2129, 62, NULL, NULL, 1, 'E-3', 'adult price', 0, 0, 1, '2018-10-01 11:02:11', '2018-10-01 11:02:19'),
(2130, 62, NULL, NULL, 1, 'F-3', 'adult price', 0, 0, 1, '2018-10-01 11:02:12', '2018-10-01 11:02:19'),
(2131, 62, NULL, NULL, 1, 'D-3', 'adult price', 0, 0, 1, '2018-10-01 11:02:12', '2018-10-01 11:02:19'),
(2132, 62, NULL, NULL, 1, 'C-3', 'adult price', 0, 0, 1, '2018-10-01 11:02:13', '2018-10-01 11:02:19'),
(2135, 88, NULL, NULL, 1, 'B-8', 'adult price', 0, 0, 1, '2018-10-01 11:05:43', '2018-10-01 11:05:51'),
(2136, 61, NULL, NULL, 1, 'B-1', 'adult price', 1, 0, 1, '2018-10-01 11:05:48', '2018-10-01 11:05:51'),
(2137, 61, NULL, NULL, 1, 'D-2', 'adult price', 1, 0, 1, '2018-10-01 11:05:48', '2018-10-01 11:05:51'),
(2138, 67, 40, 'advance', 1, 'A-5', 'adult price', 0, 0, 1, '2018-10-01 12:30:24', '2018-10-01 12:30:33'),
(2139, 67, 40, 'advance', 1, 'A-6', 'adult price', 0, 0, 1, '2018-10-01 12:30:25', '2018-10-01 12:30:33'),
(2140, 67, 40, 'advance', 1, 'A-7', 'adult price', 0, 0, 1, '2018-10-01 12:30:25', '2018-10-01 12:30:33'),
(2141, 87, 41, 'advance', 1, 'A-10', 'adult price', 0, 0, 1, '2018-10-01 12:30:41', '2018-10-01 12:30:50'),
(2142, 87, 41, 'advance', 1, 'B-10', 'adult price', 0, 0, 1, '2018-10-01 12:30:41', '2018-10-01 12:30:50'),
(2143, 87, 41, 'advance', 1, 'C-10', 'adult price', 0, 0, 1, '2018-10-01 12:30:42', '2018-10-01 12:30:50'),
(2144, 87, 41, 'advance', 1, 'D-10', 'adult price', 0, 0, 1, '2018-10-01 12:30:43', '2018-10-01 12:30:50'),
(2145, 87, 41, 'advance', 1, 'E-10', 'adult price', 0, 0, 1, '2018-10-01 12:30:43', '2018-10-01 12:30:51'),
(2146, 90, 42, 'advance', 1, 'A-1', 'child price', 0, 0, 1, '2018-10-01 12:31:01', '2018-10-01 12:32:18'),
(2147, 90, 42, 'advance', 1, 'B-2', 'child price', 0, 0, 1, '2018-10-01 12:31:02', '2018-10-01 12:32:19'),
(2148, 90, 42, 'advance', 1, 'C-3', 'child price', 0, 0, 1, '2018-10-01 12:31:02', '2018-10-01 12:32:19'),
(2149, 90, 42, 'advance', 1, 'D-4', 'child price', 0, 0, 1, '2018-10-01 12:31:03', '2018-10-01 12:32:19'),
(2150, 90, 42, 'advance', 1, 'E-5', 'child price', 0, 0, 1, '2018-10-01 12:31:04', '2018-10-01 12:32:19'),
(2151, 90, 42, 'advance', 1, 'C-4', 'child price', 0, 0, 1, '2018-10-01 12:31:08', '2018-10-01 12:32:19'),
(2152, 90, 42, 'advance', 1, 'D-4', 'child price', 0, 0, 1, '2018-10-01 12:31:08', '2018-10-01 12:32:19'),
(2153, 90, 42, 'advance', 1, 'C-5', 'child price', 0, 0, 1, '2018-10-01 12:31:09', '2018-10-01 12:32:19'),
(2154, 90, 42, 'advance', 1, 'E-5', 'child price', 0, 0, 1, '2018-10-01 12:31:09', '2018-10-01 12:32:19'),
(2155, 90, 42, 'advance', 1, 'C-6', 'child price', 0, 0, 1, '2018-10-01 12:31:09', '2018-10-01 12:32:19'),
(2156, 90, 42, 'advance', 1, 'C-7', 'child price', 0, 0, 1, '2018-10-01 12:31:10', '2018-10-01 12:32:19'),
(2158, 90, 42, 'advance', 1, 'C-5', 'child price', 0, 0, 1, '2018-10-01 12:31:14', '2018-10-01 12:32:19'),
(2159, 90, 42, 'advance', 1, 'E-5', 'child price', 0, 0, 1, '2018-10-01 12:31:14', '2018-10-01 12:32:19'),
(2160, 90, 42, 'advance', 1, 'D-6', 'child price', 0, 0, 1, '2018-10-01 12:31:14', '2018-10-01 12:32:19'),
(2161, 90, 42, 'advance', 1, 'D-8', 'child price', 0, 0, 1, '2018-10-01 12:31:17', '2018-10-01 12:32:19'),
(2162, 90, 42, 'advance', 1, 'E-9', 'child price', 0, 0, 1, '2018-10-01 12:31:18', '2018-10-01 12:32:19'),
(2163, 90, 42, 'advance', 1, 'C-5', 'child price', 0, 0, 1, '2018-10-01 12:31:19', '2018-10-01 12:32:20'),
(2164, 90, 42, 'advance', 1, 'D-10', 'child price', 0, 0, 1, '2018-10-01 12:31:20', '2018-10-01 12:32:20'),
(2165, 90, 42, 'advance', 1, 'C-11', 'child price', 0, 0, 1, '2018-10-01 12:31:22', '2018-10-01 12:32:20'),
(2166, 90, 42, 'advance', 1, 'B-10', 'child price', 0, 0, 1, '2018-10-01 12:31:24', '2018-10-01 12:32:20'),
(2167, 90, 42, 'advance', 1, 'A-9', 'child price', 0, 0, 1, '2018-10-01 12:31:26', '2018-10-01 12:32:20'),
(2168, 90, 42, 'advance', 1, 'B-8', 'child price', 0, 0, 1, '2018-10-01 12:31:27', '2018-10-01 12:32:20'),
(2169, 90, 42, 'advance', 1, 'B-12', 'child price', 0, 0, 1, '2018-10-01 12:31:30', '2018-10-01 12:32:20'),
(2170, 90, 42, 'advance', 1, 'A-13', 'child price', 0, 0, 1, '2018-10-01 12:31:32', '2018-10-01 12:32:20'),
(2171, 90, 42, 'advance', 1, 'A-14', 'child price', 0, 0, 1, '2018-10-01 12:31:33', '2018-10-01 12:32:20'),
(2174, 90, 42, 'advance', 1, 'B-12', 'child price', 0, 0, 1, '2018-10-01 12:31:35', '2018-10-01 12:32:20'),
(2177, 90, 42, 'advance', 1, 'A-14', 'child price', 0, 0, 1, '2018-10-01 12:31:38', '2018-10-01 12:32:20'),
(2181, 90, 42, 'advance', 1, 'A-15', 'child price', 0, 0, 1, '2018-10-01 12:31:53', '2018-10-01 12:32:20'),
(2183, 90, 42, 'advance', 1, 'A-17', 'child price', 0, 0, 1, '2018-10-01 12:31:56', '2018-10-01 12:32:20'),
(2186, 90, 42, 'advance', 1, 'A-15', 'child price', 0, 0, 1, '2018-10-01 12:31:59', '2018-10-01 12:32:20'),
(2187, 90, 42, 'advance', 1, 'A-16', 'child price', 0, 0, 1, '2018-10-01 12:31:59', '2018-10-01 12:32:20'),
(2188, 94, NULL, NULL, 1, 'A-1', 'adult price', 0, 0, 1, '2018-10-01 13:51:15', '2018-10-01 13:52:02'),
(2189, 94, NULL, NULL, 1, 'B-1', 'adult price', 0, 0, 1, '2018-10-01 13:51:16', '2018-10-01 13:52:02'),
(2190, 94, NULL, NULL, 1, 'C-1', 'adult price', 0, 0, 1, '2018-10-01 13:51:17', '2018-10-01 13:52:02'),
(2191, 94, NULL, NULL, 1, 'D-1', 'adult price', 0, 0, 1, '2018-10-01 13:51:17', '2018-10-01 13:52:02'),
(2192, 94, NULL, NULL, 1, 'E-1', 'adult price', 0, 0, 1, '2018-10-01 13:51:18', '2018-10-01 13:52:02'),
(2193, 94, NULL, NULL, 1, 'F-1', 'adult price', 1, 0, 1, '2018-10-01 13:51:21', '2018-10-01 13:52:02'),
(2194, 94, NULL, NULL, 1, 'G-1', 'adult price', 1, 0, 1, '2018-10-01 13:51:21', '2018-10-01 13:52:02'),
(2195, 94, NULL, NULL, 1, 'G-2', 'adult price', 1, 0, 1, '2018-10-01 13:51:22', '2018-10-01 13:52:02'),
(2196, 94, NULL, NULL, 1, 'F-2', 'adult price', 1, 0, 1, '2018-10-01 13:51:23', '2018-10-01 13:52:02'),
(2197, 94, NULL, NULL, 1, 'E-2', 'adult price', 1, 0, 1, '2018-10-01 13:51:23', '2018-10-01 13:52:02'),
(2198, 94, NULL, NULL, 1, 'D-2', 'adult price', 1, 0, 1, '2018-10-01 13:51:23', '2018-10-01 13:52:03'),
(2199, 94, NULL, NULL, 1, 'C-2', 'adult price', 1, 0, 1, '2018-10-01 13:51:24', '2018-10-01 13:52:03'),
(2200, 94, NULL, NULL, 1, 'B-2', 'adult price', 1, 0, 1, '2018-10-01 13:51:25', '2018-10-01 13:52:03'),
(2201, 94, NULL, NULL, 1, 'A-2', 'adult price', 1, 0, 1, '2018-10-01 13:51:26', '2018-10-01 13:52:03'),
(2202, 94, NULL, NULL, 1, 'A-3', 'adult price', 1, 0, 1, '2018-10-01 13:51:27', '2018-10-01 13:52:03'),
(2203, 94, NULL, NULL, 1, 'B-3', 'adult price', 1, 0, 1, '2018-10-01 13:51:27', '2018-10-01 13:52:03'),
(2204, 94, NULL, NULL, 1, 'C-3', 'adult price', 1, 0, 1, '2018-10-01 13:51:28', '2018-10-01 13:52:03'),
(2205, 94, NULL, NULL, 1, 'D-3', 'adult price', 1, 0, 1, '2018-10-01 13:51:29', '2018-10-01 13:52:03'),
(2206, 94, NULL, NULL, 1, 'E-3', 'adult price', 1, 0, 1, '2018-10-01 13:51:30', '2018-10-01 13:52:03'),
(2207, 94, NULL, NULL, 1, 'F-3', 'adult price', 1, 0, 1, '2018-10-01 13:51:31', '2018-10-01 13:52:03'),
(2208, 94, NULL, NULL, 1, 'G-3', 'adult price', 1, 0, 1, '2018-10-01 13:51:32', '2018-10-01 13:52:03'),
(2209, 94, NULL, NULL, 1, 'G-4', 'adult price', 1, 0, 1, '2018-10-01 13:51:32', '2018-10-01 13:52:03'),
(2210, 94, NULL, NULL, 1, 'F-4', 'adult price', 1, 0, 1, '2018-10-01 13:51:33', '2018-10-01 13:52:03'),
(2211, 94, NULL, NULL, 1, 'E-4', 'adult price', 1, 0, 1, '2018-10-01 13:51:34', '2018-10-01 13:52:03'),
(2212, 94, NULL, NULL, 1, 'D-4', 'adult price', 1, 0, 1, '2018-10-01 13:51:35', '2018-10-01 13:52:03'),
(2213, 94, NULL, NULL, 1, 'C-4', 'adult price', 1, 0, 1, '2018-10-01 13:51:35', '2018-10-01 13:52:03'),
(2214, 94, NULL, NULL, 1, 'B-4', 'adult price', 1, 0, 1, '2018-10-01 13:51:36', '2018-10-01 13:52:03'),
(2215, 94, NULL, NULL, 1, 'A-4', 'adult price', 1, 0, 1, '2018-10-01 13:51:38', '2018-10-01 13:52:03'),
(2216, 94, NULL, NULL, 1, 'A-5', 'adult price', 1, 0, 1, '2018-10-01 13:51:38', '2018-10-01 13:52:04'),
(2217, 94, NULL, NULL, 1, 'A-6', 'adult price', 1, 0, 1, '2018-10-01 13:51:40', '2018-10-01 13:52:04'),
(2218, 94, NULL, NULL, 1, 'B-6', 'adult price', 1, 0, 1, '2018-10-01 13:51:41', '2018-10-01 13:52:04'),
(2219, 94, NULL, NULL, 1, 'B-5', 'adult price', 1, 0, 1, '2018-10-01 13:51:41', '2018-10-01 13:52:04'),
(2220, 94, NULL, NULL, 1, 'C-5', 'adult price', 1, 0, 1, '2018-10-01 13:51:43', '2018-10-01 13:52:04'),
(2221, 94, NULL, NULL, 1, 'C-6', 'adult price', 1, 0, 1, '2018-10-01 13:51:43', '2018-10-01 13:52:04'),
(2222, 94, NULL, NULL, 1, 'D-6', 'adult price', 1, 0, 1, '2018-10-01 13:51:44', '2018-10-01 13:52:04'),
(2223, 94, NULL, NULL, 1, 'D-5', 'adult price', 1, 0, 1, '2018-10-01 13:51:45', '2018-10-01 13:52:04'),
(2224, 94, NULL, NULL, 1, 'E-5', 'adult price', 1, 0, 1, '2018-10-01 13:51:46', '2018-10-01 13:52:04'),
(2225, 94, NULL, NULL, 1, 'E-6', 'adult price', 1, 0, 1, '2018-10-01 13:51:47', '2018-10-01 13:52:04'),
(2226, 94, NULL, NULL, 1, 'F-6', 'adult price', 1, 0, 1, '2018-10-01 13:51:48', '2018-10-01 13:52:04'),
(2227, 94, NULL, NULL, 1, 'F-5', 'adult price', 1, 0, 1, '2018-10-01 13:51:49', '2018-10-01 13:52:04'),
(2228, 94, NULL, NULL, 1, 'G-5', 'adult price', 1, 0, 1, '2018-10-01 13:51:49', '2018-10-01 13:52:04'),
(2229, 94, NULL, NULL, 1, 'G-6', 'adult price', 1, 0, 1, '2018-10-01 13:51:50', '2018-10-01 13:52:04'),
(2230, 60, 43, 'advance', 1, 'A-1', 'adult price', 0, 0, 1, '2018-10-02 10:00:50', '2018-10-02 10:00:59'),
(2231, 60, 43, 'advance', 1, 'B-2', 'adult price', 0, 0, 1, '2018-10-02 10:00:51', '2018-10-02 10:00:59'),
(2234, 67, 44, 'advance', 1, 'B-8', 'adult price', 0, 0, 1, '2018-10-02 10:01:10', '2018-10-02 10:01:16'),
(2235, 67, 44, 'advance', 1, 'A-10', 'adult price', 0, 0, 1, '2018-10-02 10:01:10', '2018-10-02 10:01:16'),
(2238, 105, 46, 'advance', 1, 'Y-2', 'adult price', 0, 0, 1, '2018-10-02 10:06:19', '2018-10-02 10:06:27'),
(2239, 105, 46, 'advance', 1, 'Z-2', 'adult price', 0, 0, 1, '2018-10-02 10:06:20', '2018-10-02 10:06:27'),
(2240, 105, 46, 'advance', 1, 'Z-1', 'adult price', 0, 0, 1, '2018-10-02 10:06:22', '2018-10-02 10:06:27'),
(2241, 105, 46, 'advance', 1, 'Z-3', 'adult price', 0, 0, 1, '2018-10-02 10:06:22', '2018-10-02 10:06:27'),
(2242, 96, 47, 'advance', 1, 'Y-1', 'adult price', 0, 0, 1, '2018-10-02 10:06:35', '2018-10-02 10:06:41'),
(2243, 96, 47, 'advance', 1, 'Y-2', 'adult price', 0, 0, 1, '2018-10-02 10:06:35', '2018-10-02 10:06:41'),
(2244, 96, 47, 'advance', 1, 'Y-3', 'adult price', 0, 0, 1, '2018-10-02 10:06:36', '2018-10-02 10:06:41'),
(2245, 101, 48, 'advance', 1, 'D-10', 'adult price', 0, 0, 1, '2018-10-02 10:06:47', '2018-10-02 10:07:03'),
(2246, 101, 48, 'advance', 1, 'E-10', 'adult price', 0, 0, 1, '2018-10-02 10:06:48', '2018-10-02 10:07:03'),
(2247, 101, 48, 'advance', 1, 'E-8', 'adult price', 0, 0, 1, '2018-10-02 10:06:49', '2018-10-02 10:07:03'),
(2248, 101, 48, 'advance', 1, 'D-9', 'adult price', 0, 0, 1, '2018-10-02 10:06:49', '2018-10-02 10:07:03'),
(2249, 101, 48, 'advance', 1, 'C-10', 'adult price', 0, 0, 1, '2018-10-02 10:06:50', '2018-10-02 10:07:03'),
(2250, 101, 48, 'advance', 1, 'B-11', 'adult price', 0, 0, 1, '2018-10-02 10:06:51', '2018-10-02 10:07:04'),
(2251, 101, 48, 'advance', 1, 'D-11', 'adult price', 0, 0, 1, '2018-10-02 10:06:53', '2018-10-02 10:07:04'),
(2252, 101, 48, 'advance', 1, 'D-12', 'adult price', 0, 0, 1, '2018-10-02 10:06:53', '2018-10-02 10:07:04'),
(2253, 100, 49, 'advance', 1, 'A-5', 'adult price', 0, 0, 1, '2018-10-02 10:07:12', '2018-10-02 10:07:24'),
(2254, 100, 49, 'advance', 1, 'B-4', 'adult price', 0, 0, 1, '2018-10-02 10:07:13', '2018-10-02 10:07:24'),
(2255, 100, 49, 'advance', 1, 'C-3', 'adult price', 0, 0, 1, '2018-10-02 10:07:13', '2018-10-02 10:07:24'),
(2256, 100, 49, 'advance', 1, 'D-2', 'adult price', 0, 0, 1, '2018-10-02 10:07:14', '2018-10-02 10:07:24'),
(2257, 100, 49, 'advance', 1, 'B-6', 'adult price', 0, 0, 1, '2018-10-02 10:07:15', '2018-10-02 10:07:24'),
(2258, 100, 49, 'advance', 1, 'C-7', 'adult price', 0, 0, 1, '2018-10-02 10:07:16', '2018-10-02 10:07:24'),
(2259, 100, 49, 'advance', 1, 'C-6', 'adult price', 0, 0, 1, '2018-10-02 10:07:16', '2018-10-02 10:07:24'),
(2260, 100, 49, 'advance', 1, 'C-5', 'adult price', 0, 0, 1, '2018-10-02 10:07:17', '2018-10-02 10:07:24'),
(2261, 100, 49, 'advance', 1, 'D-5', 'adult price', 0, 0, 1, '2018-10-02 10:07:18', '2018-10-02 10:07:24'),
(2262, 100, 49, 'advance', 1, 'B-4', 'adult price', 0, 0, 1, '2018-10-02 10:07:18', '2018-10-02 10:07:24'),
(2264, 104, NULL, NULL, 1, 'Y-1', 'adult price', 0, 0, 1, '2018-10-02 10:26:45', '2018-10-02 10:26:55'),
(2265, 104, NULL, NULL, 1, 'X-2', 'adult price', 0, 0, 1, '2018-10-02 10:26:45', '2018-10-02 10:26:55'),
(2266, 104, NULL, NULL, 1, 'Z-1', 'adult price', 0, 0, 1, '2018-10-02 10:26:52', '2018-10-02 10:26:55'),
(2267, 101, NULL, NULL, 1, 'B-10', 'adult price', 0, 0, 1, '2018-10-02 10:27:03', '2018-10-02 10:27:23'),
(2268, 101, NULL, NULL, 1, 'C-11', 'adult price', 0, 0, 1, '2018-10-02 10:27:05', '2018-10-02 10:27:23'),
(2269, 101, NULL, NULL, 1, 'C-9', 'adult price', 0, 0, 1, '2018-10-02 10:27:06', '2018-10-02 10:27:23'),
(2270, 101, NULL, NULL, 1, 'D-8', 'adult price', 0, 0, 1, '2018-10-02 10:27:06', '2018-10-02 10:27:23'),
(2271, 101, NULL, NULL, 1, 'E-9', 'adult price', 0, 0, 1, '2018-10-02 10:27:08', '2018-10-02 10:27:23'),
(2272, 101, NULL, NULL, 1, 'E-11', 'adult price', 0, 0, 1, '2018-10-02 10:27:09', '2018-10-02 10:27:23'),
(2273, 101, NULL, NULL, 1, 'E-12', 'adult price', 0, 0, 1, '2018-10-02 10:27:10', '2018-10-02 10:27:23'),
(2274, 101, NULL, NULL, 1, 'E-13', 'adult price', 0, 0, 1, '2018-10-02 10:27:10', '2018-10-02 10:27:23'),
(2275, 101, NULL, NULL, 1, 'E-7', 'adult price', 0, 0, 1, '2018-10-02 10:27:11', '2018-10-02 10:27:24'),
(2276, 101, NULL, NULL, 1, 'C-12', 'adult price', 0, 0, 1, '2018-10-02 10:27:13', '2018-10-02 10:27:24'),
(2277, 101, NULL, NULL, 1, 'D-13', 'adult price', 0, 0, 1, '2018-10-02 10:27:14', '2018-10-02 10:27:24'),
(2278, 101, NULL, NULL, 1, 'E-14', 'adult price', 0, 0, 1, '2018-10-02 10:27:15', '2018-10-02 10:27:24'),
(2280, 103, NULL, NULL, 1, 'X-3', 'adult price', 0, 0, 1, '2018-10-03 06:17:06', '2018-10-03 06:17:20'),
(2281, 103, NULL, NULL, 1, 'X-4', 'adult price', 0, 0, 1, '2018-10-03 06:17:07', '2018-10-03 06:17:20'),
(2282, 103, NULL, NULL, 1, 'Y-3', 'adult price', 0, 0, 1, '2018-10-03 06:17:08', '2018-10-03 06:17:20');

-- --------------------------------------------------------

--
-- Table structure for table `settings`
--

DROP TABLE IF EXISTS `settings`;
CREATE TABLE IF NOT EXISTS `settings` (
  `id` int(10) UNSIGNED NOT NULL AUTO_INCREMENT,
  `name` varchar(255) COLLATE utf8mb4_unicode_ci DEFAULT NULL,
  `value` varchar(255) COLLATE utf8mb4_unicode_ci DEFAULT NULL,
  `created_at` timestamp NULL DEFAULT NULL,
  `updated_at` timestamp NULL DEFAULT NULL,
  PRIMARY KEY (`id`)
) ENGINE=InnoDB AUTO_INCREMENT=2 DEFAULT CHARSET=utf8mb4 COLLATE=utf8mb4_unicode_ci;

--
-- Dumping data for table `settings`
--

INSERT INTO `settings` (`id`, `name`, `value`, `created_at`, `updated_at`) VALUES
(1, 'popup', '0', NULL, '2018-08-19 08:44:04');

-- --------------------------------------------------------

--
-- Table structure for table `show_times`
--

DROP TABLE IF EXISTS `show_times`;
CREATE TABLE IF NOT EXISTS `show_times` (
  `id` int(10) UNSIGNED NOT NULL AUTO_INCREMENT,
  `movie_id` int(10) UNSIGNED NOT NULL,
  `screen_id` int(10) UNSIGNED NOT NULL,
  `ticket_id` int(10) UNSIGNED DEFAULT NULL,
  `voucher_id` int(10) UNSIGNED DEFAULT NULL,
  `timing_id` int(10) UNSIGNED NOT NULL,
  `dateTime` datetime NOT NULL,
  `endDateTime` datetime DEFAULT NULL,
  `date` date NOT NULL,
  `time` time NOT NULL,
  `day` varchar(255) COLLATE utf8mb4_unicode_ci NOT NULL,
  `complimentrySeat` tinyint(1) NOT NULL,
  `key` varchar(255) COLLATE utf8mb4_unicode_ci NOT NULL,
  `color` varchar(255) COLLATE utf8mb4_unicode_ci NOT NULL,
  `sale` int(11) DEFAULT NULL,
  `status` tinyint(4) NOT NULL,
  `created_at` timestamp NULL DEFAULT NULL,
  `updated_at` timestamp NULL DEFAULT NULL,
  PRIMARY KEY (`id`),
  KEY `show_times_movie_id_foreign` (`movie_id`),
  KEY `show_times_screen_id_foreign` (`screen_id`),
  KEY `show_times_timing_id_foreign` (`timing_id`),
  KEY `show_times_ticket_id_foreign` (`ticket_id`),
  KEY `show_times_voucher_id_foreign` (`voucher_id`)
) ENGINE=InnoDB AUTO_INCREMENT=106 DEFAULT CHARSET=utf8mb4 COLLATE=utf8mb4_unicode_ci;

--
-- Dumping data for table `show_times`
--

INSERT INTO `show_times` (`id`, `movie_id`, `screen_id`, `ticket_id`, `voucher_id`, `timing_id`, `dateTime`, `endDateTime`, `date`, `time`, `day`, `complimentrySeat`, `key`, `color`, `sale`, `status`, `created_at`, `updated_at`) VALUES
(20, 4, 1, 1, NULL, 1, '2018-08-30 15:41:00', '2018-08-19 06:40:00', '2018-08-30', '15:41:00', 'Thursday', 1, 'public', 'yellow', NULL, 1, '2018-08-19 01:30:44', '2018-08-29 05:41:36'),
(21, 4, 1, 1, NULL, 1, '2018-08-19 07:00:00', '2018-08-19 09:40:00', '2018-08-19', '07:00:00', 'Sunday', 1, 'public', 'yellow', NULL, 1, '2018-08-19 01:30:44', '2018-08-19 01:30:44'),
(22, 4, 1, 1, NULL, 1, '2018-08-20 01:00:00', '2018-08-20 03:40:00', '2018-08-20', '01:00:00', 'Monday', 1, 'public', 'yellow', NULL, 1, '2018-08-19 01:30:44', '2018-08-19 01:30:44'),
(23, 4, 1, 1, NULL, 1, '2018-08-20 04:00:00', '2018-08-20 06:40:00', '2018-08-20', '04:00:00', 'Monday', 1, 'public', 'yellow', NULL, 1, '2018-08-19 01:30:44', '2018-08-19 01:30:44'),
(24, 4, 4, 1, NULL, 1, '2018-08-30 22:00:00', '2018-08-20 09:40:00', '2018-08-30', '22:00:00', 'Thursday', 1, 'public', 'yellow', NULL, 1, '2018-08-19 01:30:44', '2018-08-29 05:45:49'),
(25, 4, 1, 1, NULL, 1, '2018-08-21 01:00:00', '2018-08-21 03:40:00', '2018-08-21', '01:00:00', 'Tuesday', 1, 'public', 'yellow', NULL, 1, '2018-08-19 01:30:44', '2018-08-19 01:30:44'),
(26, 4, 4, 1, NULL, 1, '2018-08-19 03:00:00', '2018-08-21 06:40:00', '2018-08-19', '03:00:00', 'Sunday', 1, 'public', 'yellow', NULL, 1, '2018-08-19 01:30:44', '2018-08-19 02:16:45'),
(27, 4, 1, 1, NULL, 1, '2018-08-21 07:00:00', '2018-08-21 09:40:00', '2018-08-21', '07:00:00', 'Tuesday', 1, 'public', 'yellow', NULL, 1, '2018-08-19 01:30:45', '2018-08-19 01:30:45'),
(29, 3, 4, 1, NULL, 1, '2018-08-19 00:00:00', '2018-08-19 02:39:00', '2018-08-19', '00:00:00', 'Sunday', 1, 'public', 'blue', NULL, 1, '2018-08-19 02:56:11', '2018-08-19 02:56:11'),
(30, 3, 4, NULL, 2, 1, '2018-08-19 11:00:00', '2018-08-19 13:39:00', '2018-08-19', '11:00:00', 'Sunday', 0, 'private', 'blue', NULL, 1, '2018-08-19 04:23:41', '2018-08-19 04:23:41'),
(34, 2, 4, NULL, 2, 1, '2018-08-19 21:00:00', '2018-08-20 00:40:00', '2018-08-19', '21:00:00', 'Sunday', 1, 'private', 'green', NULL, 1, '2018-08-19 04:49:00', '2018-08-19 05:34:55'),
(35, 6, 1, NULL, 2, 1, '2018-08-19 19:00:00', '2018-08-19 19:00:00', '2018-08-19', '19:00:00', 'Sunday', 0, 'private', 'yellow', NULL, 1, '2018-08-19 05:36:42', '2018-08-19 05:37:48'),
(38, 6, 4, 2, NULL, 1, '2018-08-21 11:00:00', '2018-08-21 14:00:00', '2018-08-21', '11:00:00', 'Tuesday', 0, 'public', 'blue', NULL, 1, '2018-08-20 00:34:33', '2018-08-20 00:34:33'),
(39, 6, 4, 2, NULL, 1, '2018-08-21 15:00:00', '2018-08-21 18:00:00', '2018-08-21', '15:00:00', 'Tuesday', 0, 'public', 'blue', NULL, 1, '2018-08-20 00:34:33', '2018-08-20 00:34:33'),
(40, 6, 4, 2, NULL, 1, '2018-08-21 22:00:00', '2018-08-22 01:00:00', '2018-08-21', '22:00:00', 'Tuesday', 0, 'public', 'blue', NULL, 1, '2018-08-20 00:34:33', '2018-08-20 00:34:33'),
(41, 6, 4, 2, NULL, 1, '2018-08-21 00:00:00', '2018-08-21 03:00:00', '2018-08-21', '00:00:00', 'Tuesday', 0, 'public', 'blue', NULL, 1, '2018-08-20 00:34:33', '2018-08-20 00:34:33'),
(42, 6, 4, 2, NULL, 1, '2018-08-22 11:00:00', '2018-08-22 14:00:00', '2018-08-22', '11:00:00', 'Wednesday', 0, 'public', 'blue', NULL, 1, '2018-08-20 00:34:33', '2018-08-20 00:34:33'),
(43, 6, 4, 2, NULL, 1, '2018-08-22 15:00:00', '2018-08-22 18:00:00', '2018-08-22', '15:00:00', 'Wednesday', 0, 'public', 'blue', NULL, 1, '2018-08-20 00:34:33', '2018-08-20 00:34:33'),
(44, 6, 4, 2, NULL, 1, '2018-08-22 22:00:00', '2018-08-23 01:00:00', '2018-08-22', '22:00:00', 'Wednesday', 0, 'public', 'blue', NULL, 1, '2018-08-20 00:34:33', '2018-08-20 00:34:33'),
(46, 6, 4, 2, NULL, 1, '2018-08-23 11:00:00', '2018-08-23 14:00:00', '2018-08-23', '11:00:00', 'Thursday', 0, 'public', 'blue', NULL, 1, '2018-08-20 00:34:33', '2018-08-20 00:34:33'),
(47, 6, 4, 2, NULL, 1, '2018-08-23 15:00:00', '2018-08-23 18:00:00', '2018-08-23', '15:00:00', 'Thursday', 0, 'public', 'blue', NULL, 1, '2018-08-20 00:34:33', '2018-08-20 00:34:33'),
(48, 6, 4, 2, NULL, 1, '2018-08-23 22:00:00', '2018-08-24 01:00:00', '2018-08-23', '22:00:00', 'Thursday', 0, 'public', 'blue', NULL, 1, '2018-08-20 00:34:33', '2018-08-20 00:34:33'),
(49, 2, 1, 1, NULL, 1, '2018-08-23 02:00:00', '2018-08-23 03:00:00', '2018-08-23', '02:00:00', 'Thursday', 1, 'public', 'pink', NULL, 0, '2018-08-20 00:34:33', '2018-08-20 00:44:11'),
(50, 7, 4, 1, NULL, 1, '2018-08-31 13:00:00', '2018-08-31 13:15:00', '2018-08-31', '13:00:00', 'Friday', 0, 'public', 'blue', NULL, 1, '2018-08-29 05:49:46', '2018-08-29 05:49:46'),
(51, 7, 4, 1, NULL, 1, '2018-08-31 16:00:00', '2018-08-31 16:15:00', '2018-08-31', '16:00:00', 'Friday', 0, 'public', 'blue', NULL, 1, '2018-08-29 05:49:46', '2018-08-29 05:49:46'),
(52, 7, 4, 1, NULL, 1, '2018-08-31 17:00:00', '2018-08-31 17:15:00', '2018-08-31', '17:00:00', 'Friday', 0, 'public', 'blue', NULL, 1, '2018-08-29 05:49:46', '2018-08-29 05:49:46'),
(53, 3, 5, 2, NULL, 1, '2018-08-31 00:00:00', '2018-08-31 02:39:00', '2018-08-31', '00:00:00', 'Friday', 0, 'public', 'pink', NULL, 1, '2018-08-30 04:40:59', '2018-08-30 04:40:59'),
(54, 2, 5, 2, NULL, 1, '2018-09-04 11:00:00', '2018-09-04 13:40:00', '2018-09-04', '11:00:00', 'Tuesday', 0, 'public', 'yellow', NULL, 1, '2018-09-01 00:37:24', '2018-09-01 00:37:24'),
(55, 3, 1, 1, NULL, 1, '2018-09-05 00:00:00', '2018-09-05 02:39:00', '2018-09-05', '00:00:00', 'Wednesday', 0, 'public', 'pink', NULL, 1, '2018-09-01 03:01:01', '2018-09-01 03:01:01'),
(56, 3, 1, 1, NULL, 1, '2018-09-05 17:00:00', '2018-09-05 19:39:00', '2018-09-05', '17:00:00', 'Wednesday', 0, 'public', 'pink', NULL, 1, '2018-09-01 03:01:01', '2018-09-01 03:01:01'),
(57, 6, 4, 1, NULL, 1, '2018-09-06 17:00:00', '2018-09-06 20:00:00', '2018-09-06', '17:00:00', 'Thursday', 1, 'public', 'blue', NULL, 1, '2018-09-01 06:10:05', '2018-09-01 06:10:05'),
(58, 2, 1, 2, NULL, 1, '2018-09-14 17:00:00', '2018-09-14 19:40:00', '2018-09-14', '17:00:00', 'Friday', 0, 'public', 'yellow', NULL, 1, '2018-09-04 08:42:39', '2018-09-04 08:42:39'),
(59, 2, 1, 2, NULL, 1, '2018-09-14 11:00:00', '2018-09-14 13:40:00', '2018-09-14', '11:00:00', 'Friday', 0, 'public', 'yellow', NULL, 1, '2018-09-04 08:42:39', '2018-09-04 08:42:39'),
(60, 2, 4, 2, NULL, 1, '2018-10-15 11:00:00', '2018-10-15 13:40:00', '2018-10-15', '11:00:00', 'Monday', 1, 'public', 'pink', NULL, 1, '2018-09-04 08:43:41', '2018-09-04 08:43:41'),
(61, 2, 4, 2, NULL, 1, '2018-10-15 00:00:00', '2018-10-15 02:40:00', '2018-10-15', '00:00:00', 'Monday', 1, 'public', 'pink', NULL, 1, '2018-09-04 08:43:41', '2018-09-04 08:43:41'),
(62, 2, 4, 2, NULL, 1, '2018-10-15 19:00:00', '2018-10-15 21:40:00', '2018-10-15', '19:00:00', 'Monday', 1, 'public', 'pink', NULL, 1, '2018-09-04 08:43:41', '2018-09-04 08:43:41'),
(63, 2, 4, 2, NULL, 1, '2018-09-16 11:00:00', '2018-09-16 13:40:00', '2018-09-16', '11:00:00', 'Sunday', 1, 'public', 'pink', NULL, 1, '2018-09-04 08:43:41', '2018-09-04 08:43:41'),
(64, 2, 4, 2, NULL, 1, '2018-09-16 00:00:00', '2018-09-16 02:40:00', '2018-09-16', '00:00:00', 'Sunday', 1, 'public', 'pink', NULL, 1, '2018-09-04 08:43:41', '2018-09-04 08:43:41'),
(65, 2, 4, 2, NULL, 1, '2018-09-16 19:00:00', '2018-09-16 21:40:00', '2018-09-16', '19:00:00', 'Sunday', 1, 'public', 'pink', NULL, 1, '2018-09-04 08:43:41', '2018-09-04 08:43:41'),
(66, 8, 1, 2, NULL, 1, '2018-10-07 01:00:00', '2018-10-07 04:00:00', '2018-10-07', '01:00:00', 'Sunday', 1, 'public', 'yellow', NULL, 1, '2018-09-05 00:25:27', '2018-09-05 00:25:27'),
(67, 8, 1, 2, NULL, 1, '2018-10-07 12:00:00', '2018-10-07 15:00:00', '2018-10-07', '12:00:00', 'Sunday', 1, 'public', 'yellow', NULL, 1, '2018-09-05 00:25:28', '2018-09-29 05:06:03'),
(68, 9, 4, 1, NULL, 1, '2018-09-04 17:00:00', '2018-09-04 19:30:00', '2018-09-04', '17:00:00', 'Tuesday', 0, 'public', 'pink', NULL, 1, '2018-09-05 02:52:35', '2018-09-05 02:52:35'),
(69, 11, 4, 1, NULL, 1, '2018-09-12 18:20:00', '2018-09-13 09:20:00', '2018-09-12', '18:20:00', 'Wednesday', 0, 'public', 'blue', NULL, 1, '2018-09-05 02:53:34', '2018-09-05 02:53:34'),
(70, 10, 5, 1, NULL, 1, '2018-09-06 17:00:00', '2018-09-06 20:10:00', '2018-09-06', '17:00:00', 'Thursday', 0, 'public', 'pink', NULL, 1, '2018-09-05 02:54:13', '2018-09-05 02:54:13'),
(71, 7, 5, 1, NULL, 1, '2018-09-11 17:00:00', '2018-09-11 17:15:00', '2018-09-11', '17:00:00', 'Tuesday', 1, 'public', 'yellow', NULL, 1, '2018-09-05 02:55:13', '2018-09-05 02:55:13'),
(72, 13, 4, 1, NULL, 1, '2018-09-12 11:00:00', '2018-09-12 14:20:00', '2018-09-12', '11:00:00', 'Wednesday', 1, 'public', 'yellow', NULL, 1, '2018-09-05 02:56:58', '2018-09-05 02:56:58'),
(73, 12, 5, 2, NULL, 1, '2018-09-08 00:00:00', '2018-09-08 13:20:00', '2018-09-08', '00:00:00', 'Saturday', 1, 'public', 'pink', NULL, 1, '2018-09-05 02:57:34', '2018-09-05 02:57:34'),
(74, 4, 1, 1, NULL, 1, '2019-02-13 11:00:00', '2019-02-13 13:40:00', '2019-02-13', '11:00:00', 'Wednesday', 0, 'public', 'yellow', NULL, 1, '2018-09-12 07:00:44', '2018-09-12 07:00:44'),
(77, 8, 4, NULL, 2, 1, '2018-09-14 19:00:00', '2018-09-14 22:00:00', '2018-09-14', '19:00:00', 'Friday', 1, 'private', 'pink', NULL, 1, '2018-09-13 00:26:39', '2018-09-13 00:26:39'),
(78, 6, 1, NULL, 2, 1, '2018-09-14 00:00:00', '2018-09-14 03:00:00', '2018-09-14', '00:00:00', 'Friday', 1, 'private', 'yellow', NULL, 1, '2018-09-13 00:37:56', '2018-09-13 00:37:56'),
(79, 3, 7, 2, NULL, 1, '2018-09-16 11:00:00', '2018-09-16 13:39:00', '2018-09-16', '11:00:00', 'Sunday', 1, 'public', 'blue', NULL, 1, '2018-09-15 04:54:32', '2018-09-15 04:54:32'),
(80, 11, 7, 2, NULL, 1, '2018-09-20 18:00:00', '2018-09-21 09:00:00', '2018-09-20', '18:00:00', 'Thursday', 0, 'public', 'blue', NULL, 1, '2018-09-19 12:10:16', '2018-09-19 12:10:16'),
(81, 11, 7, 2, NULL, 1, '2018-09-20 00:00:00', '2018-09-20 15:00:00', '2018-09-20', '00:00:00', 'Thursday', 0, 'public', 'blue', NULL, 1, '2018-09-19 12:10:16', '2018-09-19 12:10:16'),
(82, 12, 7, 1, NULL, 1, '2018-09-30 18:00:00', '2018-10-01 07:20:00', '2018-09-30', '18:00:00', 'Sunday', 0, 'public', 'blue', NULL, 1, '2018-09-22 12:51:42', '2018-09-22 12:51:42'),
(83, 10, 1, 2, NULL, 1, '2018-09-27 22:00:00', '2018-09-28 01:10:00', '2018-09-27', '22:00:00', 'Thursday', 1, 'public', 'yellow', NULL, 1, '2018-09-27 13:29:40', '2018-09-27 13:29:40'),
(84, 13, 7, 1, NULL, 1, '2018-09-27 22:00:00', '2018-09-28 01:20:00', '2018-09-27', '22:00:00', 'Thursday', 1, 'public', 'pink', NULL, 1, '2018-09-27 13:34:13', '2018-09-27 13:34:13'),
(85, 8, 7, 2, NULL, 1, '2018-09-29 20:40:00', '2018-09-29 23:40:00', '2018-09-29', '20:40:00', 'Saturday', 0, 'public', 'yellow', NULL, 1, '2018-09-28 14:47:38', '2018-09-28 14:47:38'),
(86, 8, 7, 2, NULL, 1, '2018-09-29 21:00:00', '2018-09-30 00:00:00', '2018-09-29', '21:00:00', 'Saturday', 0, 'public', 'yellow', NULL, 1, '2018-09-28 14:47:38', '2018-09-28 14:47:38'),
(87, 8, 7, 2, NULL, 1, '2018-11-29 20:40:00', '2018-11-29 23:40:00', '2018-11-29', '20:40:00', 'Thursday', 0, 'public', 'yellow', NULL, 1, '2018-09-28 14:47:38', '2018-09-28 14:47:38'),
(88, 8, 7, 2, NULL, 1, '2018-11-29 21:00:00', '2018-11-30 00:00:00', '2018-11-29', '21:00:00', 'Thursday', 0, 'public', 'yellow', NULL, 1, '2018-09-28 14:47:38', '2018-09-28 14:47:38'),
(89, 8, 7, 2, NULL, 1, '2018-10-09 20:40:00', '2018-10-09 23:40:00', '2018-10-09', '20:40:00', 'Tuesday', 0, 'public', 'yellow', NULL, 1, '2018-09-28 14:47:38', '2018-09-28 14:47:38'),
(90, 8, 7, 2, NULL, 1, '2018-10-09 21:00:00', '2018-10-10 00:00:00', '2018-10-09', '21:00:00', 'Tuesday', 0, 'public', 'yellow', NULL, 1, '2018-09-28 14:47:39', '2018-09-28 14:47:39'),
(91, 14, 5, NULL, 3, 1, '2018-10-18 13:00:00', '2018-10-18 16:00:00', '2018-10-18', '13:00:00', 'Thursday', 0, 'private', 'blue', NULL, 1, '2018-09-29 05:30:33', '2018-09-29 05:30:33'),
(92, 6, 1, 1, NULL, 1, '2018-10-16 00:00:00', '2018-10-16 03:00:00', '2018-10-16', '00:00:00', 'Tuesday', 0, 'public', 'pink', NULL, 2, '2018-09-29 07:05:32', '2018-09-29 07:05:32'),
(93, 6, 1, 1, NULL, 1, '2018-10-16 03:00:00', '2018-10-16 06:00:00', '2018-10-16', '03:00:00', 'Tuesday', 0, 'public', 'pink', NULL, 2, '2018-09-29 07:05:32', '2018-09-29 07:05:32'),
(94, 10, 8, 1, NULL, 1, '2018-10-01 22:00:00', '2018-10-02 01:10:00', '2018-10-01', '22:00:00', 'Monday', 1, 'public', 'blue', NULL, 1, '2018-10-01 13:51:00', '2018-10-01 13:51:00'),
(95, 7, 5, 1, NULL, 1, '2018-10-10 00:00:00', '2018-10-10 00:15:00', '2018-10-10', '00:00:00', 'Wednesday', 1, 'public', 'pink', NULL, 1, '2018-10-02 10:04:19', '2018-10-02 10:04:19'),
(96, 7, 5, 1, NULL, 1, '2018-10-10 13:00:00', '2018-10-10 13:15:00', '2018-10-10', '13:00:00', 'Wednesday', 1, 'public', 'pink', NULL, 1, '2018-10-02 10:04:19', '2018-10-02 10:04:19'),
(97, 6, 8, 1, NULL, 1, '2018-10-17 12:00:00', '2018-10-17 15:00:00', '2018-10-17', '12:00:00', 'Wednesday', 0, 'public', 'blue', NULL, 1, '2018-10-02 10:04:50', '2018-10-02 10:04:50'),
(98, 6, 8, 1, NULL, 1, '2018-10-17 19:00:00', '2018-10-17 22:00:00', '2018-10-17', '19:00:00', 'Wednesday', 0, 'public', 'blue', NULL, 1, '2018-10-02 10:04:50', '2018-10-02 10:04:50'),
(99, 6, 8, 1, NULL, 1, '2018-10-11 12:00:00', '2018-10-11 15:00:00', '2018-10-11', '12:00:00', 'Thursday', 0, 'public', 'blue', NULL, 1, '2018-10-02 10:04:50', '2018-10-02 10:04:50'),
(100, 6, 8, 1, NULL, 1, '2018-10-11 19:00:00', '2018-10-11 22:00:00', '2018-10-11', '19:00:00', 'Thursday', 0, 'public', 'blue', NULL, 1, '2018-10-02 10:04:50', '2018-10-02 10:04:50'),
(101, 9, 7, 2, NULL, 1, '2019-02-13 00:00:00', '2019-02-13 02:30:00', '2019-02-13', '00:00:00', 'Wednesday', 0, 'public', 'blue', NULL, 1, '2018-10-02 10:05:20', '2018-10-02 10:05:20'),
(102, 3, 5, 1, NULL, 1, '2018-10-25 09:00:00', '2018-10-25 11:39:00', '2018-10-25', '09:00:00', 'Thursday', 1, 'public', 'pink', NULL, 1, '2018-10-02 10:05:51', '2018-10-02 10:05:51'),
(103, 3, 5, 1, NULL, 1, '2018-10-25 12:00:00', '2018-10-25 14:39:00', '2018-10-25', '12:00:00', 'Thursday', 1, 'public', 'pink', NULL, 1, '2018-10-02 10:05:51', '2018-10-02 10:05:51'),
(104, 3, 5, 1, NULL, 1, '2018-11-15 09:00:00', '2018-11-15 11:39:00', '2018-11-15', '09:00:00', 'Thursday', 1, 'public', 'pink', NULL, 1, '2018-10-02 10:05:51', '2018-10-02 10:05:51'),
(105, 3, 5, 1, NULL, 1, '2018-11-15 12:00:00', '2018-11-15 14:39:00', '2018-11-15', '12:00:00', 'Thursday', 1, 'public', 'pink', NULL, 1, '2018-10-02 10:05:51', '2018-10-02 10:05:51');

-- --------------------------------------------------------

--
-- Table structure for table `slide_shows`
--

DROP TABLE IF EXISTS `slide_shows`;
CREATE TABLE IF NOT EXISTS `slide_shows` (
  `id` int(10) UNSIGNED NOT NULL AUTO_INCREMENT,
  `image` varchar(255) COLLATE utf8mb4_unicode_ci NOT NULL,
  `created_at` timestamp NULL DEFAULT NULL,
  `updated_at` timestamp NULL DEFAULT NULL,
  PRIMARY KEY (`id`)
) ENGINE=InnoDB AUTO_INCREMENT=11 DEFAULT CHARSET=utf8mb4 COLLATE=utf8mb4_unicode_ci;

--
-- Dumping data for table `slide_shows`
--

INSERT INTO `slide_shows` (`id`, `image`, `created_at`, `updated_at`) VALUES
(1, '2921.jpg', '2018-08-19 07:05:03', '2018-08-19 07:05:03'),
(5, '39182018-09-19 (1).png', '2018-09-29 06:57:17', '2018-09-29 06:57:17'),
(6, '8132018-09-19 (2).png', '2018-09-29 06:57:26', '2018-09-29 06:57:26'),
(7, '14952018-09-19 (3).png', '2018-09-29 06:57:33', '2018-09-29 06:57:33'),
(8, '25542018-09-19 (4).png', '2018-09-29 06:57:40', '2018-09-29 06:57:40'),
(9, '25622018-09-19 (5).png', '2018-09-29 06:57:46', '2018-09-29 06:57:46'),
(10, '27712018-09-19 (6).png', '2018-09-29 06:57:52', '2018-09-29 06:57:52');

-- --------------------------------------------------------

--
-- Table structure for table `tickets`
--

DROP TABLE IF EXISTS `tickets`;
CREATE TABLE IF NOT EXISTS `tickets` (
  `id` int(10) UNSIGNED NOT NULL AUTO_INCREMENT,
  `title` varchar(255) COLLATE utf8mb4_unicode_ci NOT NULL,
  `description` varchar(255) COLLATE utf8mb4_unicode_ci DEFAULT NULL,
  `class` varchar(255) COLLATE utf8mb4_unicode_ci DEFAULT NULL,
  `adultPrice` int(11) NOT NULL,
  `childPrice` int(11) DEFAULT NULL,
  `isChild` tinyint(1) NOT NULL,
  `type` varchar(255) COLLATE utf8mb4_unicode_ci NOT NULL,
  `status` tinyint(4) NOT NULL,
  `created_at` timestamp NULL DEFAULT NULL,
  `updated_at` timestamp NULL DEFAULT NULL,
  PRIMARY KEY (`id`)
) ENGINE=InnoDB AUTO_INCREMENT=4 DEFAULT CHARSET=utf8mb4 COLLATE=utf8mb4_unicode_ci;

--
-- Dumping data for table `tickets`
--

INSERT INTO `tickets` (`id`, `title`, `description`, `class`, `adultPrice`, `childPrice`, `isChild`, `type`, `status`, `created_at`, `updated_at`) VALUES
(1, 'Standard', 'Normal movie Ticket', 'platinum', 600, 300, 1, 'standard', 1, '2018-08-10 05:00:51', '2018-09-12 07:48:42'),
(2, '3D', 'Expansive', 'platinum', 800, 700, 1, 'standard', 1, '2018-08-10 05:23:36', '2018-09-12 07:54:03'),
(3, 'Complimentry', 'Free', 'platinum', 0, 0, 0, 'standard', 1, '2018-09-12 07:13:09', '2018-09-12 07:13:21');

-- --------------------------------------------------------

--
-- Table structure for table `timings`
--

DROP TABLE IF EXISTS `timings`;
CREATE TABLE IF NOT EXISTS `timings` (
  `id` int(10) UNSIGNED NOT NULL AUTO_INCREMENT,
  `trailerDuration` int(11) DEFAULT '0',
  `intervalDuration` int(11) DEFAULT '0',
  `cleanUpDuration` int(11) DEFAULT '0',
  `dayStartTime` time DEFAULT '00:00:00',
  `dayEndTime` time DEFAULT '00:00:00',
  `created_at` timestamp NULL DEFAULT NULL,
  `updated_at` timestamp NULL DEFAULT NULL,
  PRIMARY KEY (`id`)
) ENGINE=InnoDB AUTO_INCREMENT=2 DEFAULT CHARSET=utf8mb4 COLLATE=utf8mb4_unicode_ci;

--
-- Dumping data for table `timings`
--

INSERT INTO `timings` (`id`, `trailerDuration`, `intervalDuration`, `cleanUpDuration`, `dayStartTime`, `dayEndTime`, `created_at`, `updated_at`) VALUES
(1, 0, 0, 0, '13:00:00', '06:00:00', NULL, '2018-10-02 07:58:17');

-- --------------------------------------------------------

--
-- Table structure for table `users`
--

DROP TABLE IF EXISTS `users`;
CREATE TABLE IF NOT EXISTS `users` (
  `id` int(10) UNSIGNED NOT NULL AUTO_INCREMENT,
  `firstName` varchar(255) COLLATE utf8mb4_unicode_ci DEFAULT NULL,
  `lastName` varchar(255) COLLATE utf8mb4_unicode_ci DEFAULT NULL,
  `email` varchar(255) COLLATE utf8mb4_unicode_ci DEFAULT NULL,
  `username` varchar(255) COLLATE utf8mb4_unicode_ci NOT NULL,
  `password` varchar(255) COLLATE utf8mb4_unicode_ci NOT NULL,
  `phoneNo` bigint(20) NOT NULL,
  `city` varchar(255) COLLATE utf8mb4_unicode_ci DEFAULT NULL,
  `salary` int(11) NOT NULL,
  `image` varchar(255) COLLATE utf8mb4_unicode_ci DEFAULT NULL,
  `remember_token` varchar(100) COLLATE utf8mb4_unicode_ci DEFAULT NULL,
  `created_at` timestamp NULL DEFAULT NULL,
  `updated_at` timestamp NULL DEFAULT NULL,
  PRIMARY KEY (`id`)
) ENGINE=InnoDB AUTO_INCREMENT=4 DEFAULT CHARSET=utf8mb4 COLLATE=utf8mb4_unicode_ci;

--
-- Dumping data for table `users`
--

INSERT INTO `users` (`id`, `firstName`, `lastName`, `email`, `username`, `password`, `phoneNo`, `city`, `salary`, `image`, `remember_token`, `created_at`, `updated_at`) VALUES
(1, 'admin', 'admin', 'admin@admin.com', 'admin', '$2y$10$EiT00XuNrsl6pkJRch8O6us7/3Gm6Tno8ifVJGvTmY5Q2JMdf06QS', 3357223534, 'karachi', 30000, '6882018-09-19 (2).png', 'N7oeI992vp4HD0XxEWsxqXB7ngpKgPX3s2MACreBtDzvCCnhDvw64HW3IUZd', '2018-08-08 13:06:26', '2018-09-29 06:55:05'),
(2, 'firstname', 'lastname', 'admin@example.com', 'adminadmin', '$2y$10$Y9DxqcSF4zpMcZU97rPImODSSKgUhMCLivtEaVsLZgsmKdTbtqUpu', 54894, 'karaachi', 2065160, '231710.jpg', 'ezMBwlGIP1WWIcBtBytecLXdtQdHB5EmH64C7b5gDaD4y9hTgrR4H7m7D0qM', '2018-08-20 08:22:55', '2018-09-01 05:21:23'),
(3, 'huzaifa', 'Siddique', 'admin@admin.com', 'huzaifa', '$2y$10$fspSXAkW11HP90KR7iZNruXuTSfpVoW4b.eWfkX5h4.jd6V7vEOSq', 54894, 'karachi', 30000, '8382018-09-19 (5).png', NULL, '2018-09-29 06:56:31', '2018-09-29 06:56:31');

-- --------------------------------------------------------

--
-- Table structure for table `vouchers`
--

DROP TABLE IF EXISTS `vouchers`;
CREATE TABLE IF NOT EXISTS `vouchers` (
  `id` int(10) UNSIGNED NOT NULL AUTO_INCREMENT,
  `title` varchar(255) COLLATE utf8mb4_unicode_ci NOT NULL,
  `description` text COLLATE utf8mb4_unicode_ci,
  `price` int(11) NOT NULL,
  `startDate` date NOT NULL,
  `endDate` date NOT NULL,
  `isPackage` tinyint(1) DEFAULT NULL,
  `itemName` text COLLATE utf8mb4_unicode_ci,
  `itemPrice` text COLLATE utf8mb4_unicode_ci,
  `itemQty` text COLLATE utf8mb4_unicode_ci,
  `ticketType` text COLLATE utf8mb4_unicode_ci,
  `ticketName` text COLLATE utf8mb4_unicode_ci,
  `ticketPrice` text COLLATE utf8mb4_unicode_ci,
  `ticketQty` text COLLATE utf8mb4_unicode_ci,
  `status` tinyint(4) NOT NULL,
  `created_at` timestamp NULL DEFAULT NULL,
  `updated_at` timestamp NULL DEFAULT NULL,
  PRIMARY KEY (`id`)
) ENGINE=InnoDB AUTO_INCREMENT=4 DEFAULT CHARSET=utf8mb4 COLLATE=utf8mb4_unicode_ci;

--
-- Dumping data for table `vouchers`
--

INSERT INTO `vouchers` (`id`, `title`, `description`, `price`, `startDate`, `endDate`, `isPackage`, `itemName`, `itemPrice`, `itemQty`, `ticketType`, `ticketName`, `ticketPrice`, `ticketQty`, `status`, `created_at`, `updated_at`) VALUES
(2, 'deal', '007', 531780, '2018-08-21', '2018-08-28', 1, '[\"lays\",\"7up\",\"popCorns\",\"Can\"]', '[\"100\",\"60\",\"70\",\"50\"]', '[\"45\",\"33\",\"40\",\"50\"]', 'null', '[\"Standard\",\"3D\"]', '[\"400\",\"1000\"]', '[\"800\",\"200\"]', 1, '2018-08-13 05:59:07', '2018-08-13 05:59:07'),
(3, 'voucher', 'None', 890, '2018-09-29', '2018-10-02', 1, '[\"can\"]', '[\"45\"]', '[\"2\"]', 'null', '[\"3D\"]', '[\"800\"]', '[\"1\"]', 1, '2018-09-29 05:28:12', '2018-09-29 05:28:12');

--
-- Constraints for dumped tables
--

--
-- Constraints for table `advance_bookings`
--
ALTER TABLE `advance_bookings`
  ADD CONSTRAINT `advance_booking_user_id_foreign` FOREIGN KEY (`user_id`) REFERENCES `users` (`id`),
  ADD CONSTRAINT `advance_bookings_distributer_id_foreign` FOREIGN KEY (`distributer_id`) REFERENCES `distributers` (`id`),
  ADD CONSTRAINT `advance_bookings_movie_id_foreign` FOREIGN KEY (`movie_id`) REFERENCES `movies` (`id`),
  ADD CONSTRAINT `advance_bookings_show_time_id_foreign` FOREIGN KEY (`show_time_id`) REFERENCES `show_times` (`id`);

--
-- Constraints for table `bookings`
--
ALTER TABLE `bookings`
  ADD CONSTRAINT `bookings_concession_master_id_foreign` FOREIGN KEY (`voucher_id`) REFERENCES `concession_masters` (`id`) ON DELETE CASCADE,
  ADD CONSTRAINT `bookings_deal_id_foreign` FOREIGN KEY (`deal_id`) REFERENCES `deals` (`id`),
  ADD CONSTRAINT `bookings_distributer_id_foreign` FOREIGN KEY (`distributer_id`) REFERENCES `distributers` (`id`),
  ADD CONSTRAINT `bookings_movie_id_foreign` FOREIGN KEY (`movie_id`) REFERENCES `movies` (`id`),
  ADD CONSTRAINT `bookings_screen_id_foreign` FOREIGN KEY (`screen_id`) REFERENCES `screens` (`id`),
  ADD CONSTRAINT `bookings_showtime_id_foreign` FOREIGN KEY (`show_time_id`) REFERENCES `show_times` (`id`),
  ADD CONSTRAINT `bookings_ticket_id_foreign` FOREIGN KEY (`ticket_id`) REFERENCES `tickets` (`id`),
  ADD CONSTRAINT `bookings_user_id_foreign` FOREIGN KEY (`user_id`) REFERENCES `users` (`id`);

--
-- Constraints for table `concession_details`
--
ALTER TABLE `concession_details`
  ADD CONSTRAINT `concession_details_concession_master_id_foreign` FOREIGN KEY (`concession_master_id`) REFERENCES `concession_masters` (`id`) ON DELETE CASCADE,
  ADD CONSTRAINT `concession_details_item_id_foreign` FOREIGN KEY (`item_id`) REFERENCES `items` (`id`),
  ADD CONSTRAINT `concession_details_package_id_foreign` FOREIGN KEY (`package_id`) REFERENCES `packages` (`id`),
  ADD CONSTRAINT `concession_details_user_id_foreign` FOREIGN KEY (`user_id`) REFERENCES `users` (`id`);

--
-- Constraints for table `concession_masters`
--
ALTER TABLE `concession_masters`
  ADD CONSTRAINT `concession_masters_deal_id_foreign` FOREIGN KEY (`deal_id`) REFERENCES `deals` (`id`),
  ADD CONSTRAINT `concession_masters_user_id_foreign` FOREIGN KEY (`user_id`) REFERENCES `users` (`id`);

--
-- Constraints for table `deals`
--
ALTER TABLE `deals`
  ADD CONSTRAINT `deals_movie_id_foreign` FOREIGN KEY (`movie_id`) REFERENCES `movies` (`id`),
  ADD CONSTRAINT `deals_show_time_id_foreign` FOREIGN KEY (`show_time_id`) REFERENCES `show_times` (`id`),
  ADD CONSTRAINT `deals_user_id_foreign` FOREIGN KEY (`user_id`) REFERENCES `users` (`id`);

--
-- Constraints for table `items`
--
ALTER TABLE `items`
  ADD CONSTRAINT `items_foodcategory_id_foreign` FOREIGN KEY (`foodCategory_id`) REFERENCES `food_categories` (`id`);

--
-- Constraints for table `packages`
--
ALTER TABLE `packages`
  ADD CONSTRAINT `packages_foodcategory_id_foreign` FOREIGN KEY (`foodCategory_id`) REFERENCES `food_categories` (`id`);

--
-- Constraints for table `permissions`
--
ALTER TABLE `permissions`
  ADD CONSTRAINT `permissions_menu_id_foreign` FOREIGN KEY (`menu_id`) REFERENCES `menus` (`id`),
  ADD CONSTRAINT `permissions_user_id_foreign` FOREIGN KEY (`user_id`) REFERENCES `users` (`id`) ON DELETE CASCADE;

--
-- Constraints for table `printed_tickets`
--
ALTER TABLE `printed_tickets`
  ADD CONSTRAINT `printed_tickets_booking_id_foreign` FOREIGN KEY (`booking_id`) REFERENCES `bookings` (`id`) ON DELETE CASCADE,
  ADD CONSTRAINT `printed_tickets_movie_id_foreign` FOREIGN KEY (`movie_id`) REFERENCES `movies` (`id`),
  ADD CONSTRAINT `printed_tickets_screen_id_foreign` FOREIGN KEY (`screen_id`) REFERENCES `screens` (`id`),
  ADD CONSTRAINT `printed_tickets_show_time_id_foreign` FOREIGN KEY (`show_time_id`) REFERENCES `show_times` (`id`),
  ADD CONSTRAINT `printed_tickets_user_id_foreign` FOREIGN KEY (`user_id`) REFERENCES `users` (`id`);

--
-- Constraints for table `seats`
--
ALTER TABLE `seats`
  ADD CONSTRAINT `seats_advance_booking_id_foreign` FOREIGN KEY (`advance_booking_id`) REFERENCES `advance_bookings` (`id`) ON DELETE CASCADE,
  ADD CONSTRAINT `seats_show_time_id_foreign` FOREIGN KEY (`show_time_id`) REFERENCES `show_times` (`id`) ON DELETE CASCADE,
  ADD CONSTRAINT `seats_user_id_foreign` FOREIGN KEY (`user_id`) REFERENCES `users` (`id`);

--
-- Constraints for table `show_times`
--
ALTER TABLE `show_times`
  ADD CONSTRAINT `show_times_movie_id_foreign` FOREIGN KEY (`movie_id`) REFERENCES `movies` (`id`),
  ADD CONSTRAINT `show_times_screen_id_foreign` FOREIGN KEY (`screen_id`) REFERENCES `screens` (`id`),
  ADD CONSTRAINT `show_times_ticket_id_foreign` FOREIGN KEY (`ticket_id`) REFERENCES `tickets` (`id`),
  ADD CONSTRAINT `show_times_timing_id_foreign` FOREIGN KEY (`timing_id`) REFERENCES `timings` (`id`),
  ADD CONSTRAINT `show_times_voucher_id_foreign` FOREIGN KEY (`voucher_id`) REFERENCES `vouchers` (`id`);
COMMIT;

/*!40101 SET CHARACTER_SET_CLIENT=@OLD_CHARACTER_SET_CLIENT */;
/*!40101 SET CHARACTER_SET_RESULTS=@OLD_CHARACTER_SET_RESULTS */;
/*!40101 SET COLLATION_CONNECTION=@OLD_COLLATION_CONNECTION */;
